sbrp_id,pd,score,grade,limit_toman,cell
10000021,0.050159,601,C,400000,scorecard
10000067,0.096188,671,B,450000,scorecard
10000107,0.025487,637,C,400000,scorecard
10000115,0.017731,690,A,400000,scorecard
10000116,0.013333,676,B,700000,scorecard
10000122,0.105944,601,C,600000,scorecard
10000140,0.022869,644,B,450000,scorecard
10000141,0.022222,646,B,550000,scorecard
10000150,0.003436,754,A,550000,scorecard
10000153,0.003326,756,A,1000000,scorecard
10000172,0.013021,690,A,750000,scorecard
10000183,0.00685,754,A,650000,scorecard
10000202,0.013404,756,A,700000,scorecard
10000212,0.037901,614,C,450000,scorecard
10000225,0.047522,619,C,600000,scorecard
10000227,1e-06,1224,A,550000,scorecard
10000257,0.035171,689,A,500000,scorecard
10000268,0.003322,756,A,750000,scorecard
10000278,0.089964,619,C,450000,scorecard
10000291,0.034565,619,C,500000,scorecard
10000305,0.012346,680,A,400000,scorecard
10000325,0.013333,676,B,550000,scorecard
10000345,0.003322,756,A,1000000,scorecard
10000384,0.052854,640,B,800000,scorecard
10000400,0.022869,644,B,800000,scorecard
10000411,0.010395,690,A,450000,scorecard
10000415,0.096833,646,B,800000,scorecard
10000432,0.010395,690,A,1000000,scorecard
10000455,0.055754,619,C,550000,scorecard
10000461,0.034565,619,C,600000,scorecard
10000468,0.014911,710,A,550000,scorecard
10000499,0.055488,644,B,600000,scorecard
10000509,0.022222,646,B,800000,scorecard
10000514,0.010395,690,A,450000,scorecard
10000520,0.003322,756,A,800000,scorecard
10000523,0.003322,756,A,1000000,scorecard
10000526,0.013333,676,B,700000,scorecard
10000550,0.003322,756,A,1000000,scorecard
10000583,0.036458,616,C,550000,scorecard
10000592,0.003436,754,A,450000,scorecard
10000595,0.010601,689,A,500000,scorecard
10000597,0.045562,619,C,600000,scorecard
10000604,0.053557,690,A,550000,scorecard
10000621,0.00498,754,A,500000,scorecard
10000623,0.028391,631,C,600000,scorecard
10000626,0.083976,631,C,400000,scorecard
10000637,0.0149,690,A,1000000,scorecard
10000645,0.019636,690,A,800000,scorecard
10000697,0.03007,644,B,400000,scorecard
10000698,0.034565,619,C,600000,scorecard
10000716,0.027778,632,C,400000,scorecard
10000759,0.021153,690,A,400000,scorecard
10000762,0.014493,671,B,700000,scorecard
10000763,0.042455,646,B,800000,scorecard
10000766,0.114652,646,B,600000,scorecard
10000767,0.013333,676,B,650000,scorecard
10000781,0.011579,690,A,700000,scorecard
10000808,0.003679,756,A,550000,scorecard
10000837,1e-06,1224,A,750000,scorecard
10000838,0.088158,637,C,400000,scorecard
10000855,0.02439,640,B,800000,scorecard
10000857,0.012346,680,A,800000,scorecard
10000872,0.034565,619,C,600000,scorecard
10000883,0.034657,689,A,450000,scorecard
10000892,0.048884,601,C,500000,scorecard
10000921,0.102762,627,C,550000,scorecard
10000922,0.004339,754,A,450000,scorecard
10000924,0.025161,680,A,600000,scorecard
10000937,0.017847,680,A,1000000,scorecard
10000956,0.04931,676,B,600000,scorecard
10000960,0.048936,619,C,600000,scorecard
10000982,0.007799,756,A,400000,scorecard
10000991,0.030612,627,C,400000,scorecard
10000994,0.004883,754,A,650000,scorecard
10001003,0.029393,637,C,600000,scorecard
10001023,0.003322,756,A,750000,scorecard
10001028,0.008723,754,A,400000,scorecard
10001030,0.010395,690,A,1000000,scorecard
10001038,0.014493,671,B,500000,scorecard
10001050,0.007274,754,A,500000,scorecard
10001076,0.010395,690,A,450000,scorecard
10001102,0.010395,690,A,400000,scorecard
10001116,0.00717,756,A,400000,scorecard
10001123,0.079981,680,A,400000,scorecard
10001134,0.041397,689,A,450000,scorecard
10001137,0.012306,689,A,550000,scorecard
10001158,0.022691,710,A,450000,scorecard
10001161,0.034565,619,C,600000,scorecard
10001163,0.013333,676,B,600000,scorecard
10001183,0.030612,627,C,450000,scorecard
10001194,0.020039,671,B,550000,scorecard
10001214,0.032282,676,B,450000,scorecard
10001217,0.009327,710,A,400000,scorecard
10001237,0.031431,646,B,400000,scorecard
10001240,0.02916,631,C,450000,scorecard
10001253,0.006922,754,A,550000,scorecard
10001261,1e-06,1224,A,1000000,scorecard
10001282,0.015852,710,A,500000,scorecard
10001283,0.036458,616,C,500000,scorecard
10001285,0.037335,646,B,800000,scorecard
10001287,0.030612,627,C,400000,scorecard
10001298,0.007506,756,A,400000,scorecard
10001302,0.048769,646,B,800000,scorecard
10001351,0.030612,627,C,400000,scorecard
10001365,0.012346,680,A,550000,scorecard
10001372,0.062162,616,C,400000,scorecard
10001386,0.028391,631,C,550000,scorecard
10001407,0.046752,601,C,550000,scorecard
10001414,0.068669,619,C,450000,scorecard
10001432,0.027402,756,A,500000,scorecard
10001437,0.052343,690,A,650000,scorecard
10001443,0.022393,676,B,550000,scorecard
10001464,0.014493,671,B,800000,scorecard
10001466,0.010395,690,A,600000,scorecard
10001474,0.032951,676,B,800000,scorecard
10001497,0.034565,619,C,600000,scorecard
10001514,0.022869,644,B,800000,scorecard
10001616,0.028391,631,C,600000,scorecard
10001650,0.034537,756,A,400000,scorecard
10001664,0.054103,619,C,550000,scorecard
10001674,0.010395,690,A,1000000,scorecard
10001677,0.046752,601,C,550000,scorecard
10001683,0.063458,614,C,600000,scorecard
10001698,0.003436,754,A,800000,scorecard
10001703,0.031619,689,A,400000,scorecard
10001746,0.040258,631,C,600000,scorecard
10001778,0.012346,680,A,400000,scorecard
10001786,0.033702,680,A,700000,scorecard
10001787,0.010435,756,A,650000,scorecard
10001789,0.022869,644,B,400000,scorecard
10001797,0.005995,756,A,850000,scorecard
10001816,0.003322,756,A,450000,scorecard
10001818,0.005472,754,A,550000,scorecard
10001820,0.008009,756,A,750000,scorecard
10001829,0.00938,756,A,500000,scorecard
10001834,0.093121,619,C,400000,scorecard
10001842,0.003322,756,A,550000,scorecard
10001896,0.010601,689,A,750000,scorecard
10001903,0.022222,646,B,700000,scorecard
10001940,0.027778,632,C,600000,scorecard
10001963,0.013333,676,B,500000,scorecard
10001971,0.010395,690,A,1000000,scorecard
10001976,0.046752,601,C,600000,scorecard
10001977,0.050315,644,B,800000,scorecard
10002023,0.034565,619,C,600000,scorecard
10002053,0.010395,690,A,650000,scorecard
10002063,0.004407,754,A,1000000,scorecard
10002105,0.036447,689,A,500000,scorecard
10002112,0.013295,754,A,800000,scorecard
10002125,0.054735,637,C,600000,scorecard
10002138,0.066723,579,D,400000,control
10002167,0.010395,690,A,400000,scorecard
10002169,0.012346,680,A,450000,scorecard
10002182,0.057758,646,B,450000,scorecard
10002195,0.010395,690,A,600000,scorecard
10002202,0.059032,689,A,450000,scorecard
10002209,0.012346,680,A,500000,scorecard
10002223,2e-06,1224,A,450000,scorecard
10002252,0.03628,680,A,550000,scorecard
10002256,0.125886,601,C,600000,scorecard
10002258,0.027823,690,A,500000,scorecard
10002283,0.00569,754,A,750000,scorecard
10002294,0.011703,710,A,1000000,scorecard
10002301,0.019586,754,A,500000,scorecard
10002303,0.012346,680,A,400000,scorecard
10002320,0.034565,619,C,600000,scorecard
10002324,0.046752,601,C,600000,scorecard
10002384,0.029692,632,C,500000,scorecard
10002402,0.07241,637,C,600000,scorecard
10002409,1e-06,1224,A,550000,scorecard
10002416,0.028391,631,C,400000,scorecard
10002421,0.022222,646,B,400000,scorecard
10002463,0.092603,601,C,450000,scorecard
10002465,0.043337,671,B,800000,scorecard
10002505,0.022303,690,A,1000000,scorecard
10002510,0.040025,689,A,650000,scorecard
10002534,0.05933,619,C,600000,scorecard
10002539,0.049552,619,C,450000,scorecard
10002543,0.031499,644,B,400000,scorecard
10002570,0.029425,689,A,450000,scorecard
10002617,0.003322,756,A,1000000,scorecard
10002633,0.014568,756,A,500000,scorecard
10002636,1e-06,1224,A,1000000,scorecard
10002664,0.028391,631,C,450000,scorecard
10002691,0.010395,690,A,500000,scorecard
10002703,0.034565,619,C,550000,scorecard
10002727,0.055747,601,C,550000,scorecard
10002731,0.008549,754,A,800000,scorecard
10002754,0.036458,616,C,500000,scorecard
10002783,0.003436,754,A,400000,scorecard
10002787,0.006129,756,A,1000000,scorecard
10002804,0.010601,689,A,600000,scorecard
10002806,0.022869,644,B,550000,scorecard
10002848,0.028391,631,C,500000,scorecard
10002870,0.034565,619,C,400000,scorecard
10002879,0.114028,619,C,500000,scorecard
10002891,0.040826,676,B,600000,scorecard
10002904,0.003436,754,A,600000,scorecard
10002922,0.022869,644,B,400000,scorecard
10002928,0.022869,644,B,400000,scorecard
10002934,0.034565,619,C,600000,scorecard
10002944,9e-06,1224,A,450000,scorecard
10002968,0.010395,690,A,500000,scorecard
10002973,0.007353,710,A,700000,scorecard
10003000,0.03854,619,C,600000,scorecard
10003013,0.022869,644,B,750000,scorecard
10003024,0.027329,646,B,400000,scorecard
10003035,0.012074,754,A,800000,scorecard
10003045,0.025487,637,C,550000,scorecard
10003083,0.003322,756,A,700000,scorecard
10003094,0.011132,756,A,450000,scorecard
10003113,0.01363,754,A,450000,scorecard
10003115,0.176545,640,B,700000,scorecard
10003118,0.029895,644,B,500000,scorecard
10003126,0.054323,631,C,400000,scorecard
10003165,0.018007,690,A,400000,scorecard
10003171,0.010395,690,A,650000,scorecard
10003182,0.042249,690,A,1000000,scorecard
10003195,0.028391,631,C,600000,scorecard
10003197,0.027931,680,A,700000,scorecard
10003217,0.037429,689,A,750000,scorecard
10003234,0.066132,619,C,600000,scorecard
10003261,0.013333,676,B,550000,scorecard
10003297,0.038456,631,C,600000,scorecard
10003299,0.00693,756,A,950000,scorecard
10003325,0.012346,680,A,1000000,scorecard
10003341,0.044998,690,A,450000,scorecard
10003348,0.172919,601,C,500000,scorecard
10003357,2e-06,1224,A,400000,scorecard
10003366,0.010601,689,A,450000,scorecard
10003398,0.03316,627,C,600000,scorecard
10003417,0.036458,616,C,400000,scorecard
10003419,0.022222,646,B,450000,scorecard
10003463,0.06184,644,B,450000,scorecard
10003495,0.039072,646,B,600000,scorecard
10003497,0.030525,646,B,450000,scorecard
10003501,0.039635,676,B,650000,scorecard
10003514,0.013472,690,A,850000,scorecard
10003561,0.032633,680,A,400000,scorecard
10003578,0.005052,756,A,450000,scorecard
10003579,0.04519,619,C,600000,scorecard
10003585,0.122945,631,C,400000,scorecard
10003612,0.096983,644,B,450000,scorecard
10003616,0.005941,754,A,700000,scorecard
10003618,0.066212,619,C,500000,scorecard
10003621,0.017411,680,A,450000,scorecard
10003630,0.010395,690,A,450000,scorecard
10003642,0.004285,754,A,500000,scorecard
10003646,0.024942,680,A,550000,scorecard
10003654,0.013603,689,A,400000,scorecard
10003662,3e-06,1224,A,400000,scorecard
10003675,0.046752,601,C,600000,scorecard
10003719,0.003877,754,A,700000,scorecard
10003727,0.035752,637,C,400000,scorecard
10003748,0.013308,756,A,650000,scorecard
10003789,0.010601,689,A,1000000,scorecard
10003792,0.012346,680,A,450000,scorecard
10003797,0.161141,601,C,550000,scorecard
10003807,0.034565,619,C,600000,scorecard
10003809,0.018599,671,B,800000,scorecard
10003810,0.003436,754,A,450000,scorecard
10003823,0.037564,644,B,400000,scorecard
10003831,0.047943,616,C,400000,scorecard
10003832,0.046752,601,C,600000,scorecard
10003835,0.034337,631,C,450000,scorecard
10003837,0.014493,671,B,800000,scorecard
10003851,0.083005,601,C,450000,scorecard
10003858,0.013333,676,B,800000,scorecard
10003887,0.028391,631,C,600000,scorecard
10003902,0.091358,601,C,600000,scorecard
10003948,0.018172,690,A,750000,scorecard
10003956,0.022222,646,B,600000,scorecard
10003967,0.010601,689,A,1000000,scorecard
10003971,0.003322,756,A,450000,scorecard
10003974,0.045459,631,C,400000,scorecard
10003995,0.004245,754,A,450000,scorecard
10004012,0.010601,689,A,550000,scorecard
10004023,0.036458,616,C,400000,scorecard
10004028,0.028391,631,C,450000,scorecard
10004029,0.042794,676,B,400000,scorecard
10004033,1e-06,1224,A,400000,scorecard
10004034,0.034565,619,C,600000,scorecard
10004038,0.016755,680,A,1000000,scorecard
10004077,0.029693,689,A,450000,scorecard
10004103,0.091682,616,C,550000,scorecard
10004107,0.0416,637,C,400000,scorecard
10004132,0.068239,631,C,600000,scorecard
10004175,0.008765,754,A,600000,scorecard
10004177,0.00653,756,A,500000,scorecard
10004182,0.034297,689,A,500000,scorecard
10004198,0.003436,754,A,500000,scorecard
10004216,0.027778,632,C,450000,scorecard
10004235,0.046879,631,C,600000,scorecard
10004239,0.037972,710,A,400000,scorecard
10004250,0.030466,690,A,500000,scorecard
10004251,0.028391,631,C,550000,scorecard
10004256,0.082164,619,C,550000,scorecard
10004285,0.013597,689,A,1000000,scorecard
10004287,0.013582,690,A,450000,scorecard
10004314,0.046752,601,C,600000,scorecard
10004316,0.034565,619,C,600000,scorecard
10004362,0.032274,640,B,800000,scorecard
10004378,0.062816,671,B,400000,scorecard
10004383,0.003322,756,A,600000,scorecard
10004384,0.022222,646,B,500000,scorecard
10004389,0.010601,689,A,1000000,scorecard
10004396,1e-06,1224,A,700000,scorecard
10004397,0.034565,619,C,550000,scorecard
10004407,0.022222,646,B,400000,scorecard
10004418,0.017398,690,A,500000,scorecard
10004439,0.030612,627,C,600000,scorecard
10004454,0.023162,646,B,450000,scorecard
10004455,0.061352,619,C,450000,scorecard
10004475,0.003738,756,A,500000,scorecard
10004530,0.02144,690,A,450000,scorecard
10004531,0.034937,619,C,600000,scorecard
10004532,0.028391,631,C,550000,scorecard
10004590,0.010601,689,A,1000000,scorecard
10004591,0.014483,690,A,900000,scorecard
10004604,0.022222,646,B,450000,scorecard
10004618,0.018704,671,B,550000,scorecard
10004652,0.034565,619,C,550000,scorecard
10004655,0.030612,627,C,500000,scorecard
10004663,0.004828,756,A,400000,scorecard
10004666,0.017388,754,A,650000,scorecard
10004667,0.046752,601,C,600000,scorecard
10004675,0.012346,680,A,450000,scorecard
10004683,0.035532,619,C,450000,scorecard
10004686,0.070568,646,B,400000,scorecard
10004692,0.034565,619,C,600000,scorecard
10004714,0.016877,680,A,500000,scorecard
10004717,0.084125,644,B,750000,scorecard
10004720,0.013863,680,A,500000,scorecard
10004723,0.130097,680,A,450000,scorecard
10004752,0.034565,619,C,600000,scorecard
10004754,0.025487,637,C,600000,scorecard
10004782,0.116305,646,B,700000,scorecard
10004796,0.100601,619,C,600000,scorecard
10004797,0.033748,646,B,400000,scorecard
10004801,0.019362,690,A,500000,scorecard
10004827,0.038639,646,B,450000,scorecard
10004830,0.019948,676,B,450000,scorecard
10004839,0.033475,689,A,1000000,scorecard
10004856,0.007482,756,A,500000,scorecard
10004864,0.028391,631,C,400000,scorecard
10004881,0.014822,689,A,850000,scorecard
10004882,0.034565,619,C,600000,scorecard
10004885,0.022188,756,A,450000,scorecard
10004890,0.005526,754,A,1000000,scorecard
10004908,1e-06,1224,A,650000,scorecard
10004913,0.032848,689,A,400000,scorecard
10004929,0.005053,756,A,950000,scorecard
10004935,0.018014,689,A,450000,scorecard
10004975,0.11299,637,C,600000,scorecard
10005001,0.011246,773,A,1000000,scorecard
10005010,0.016393,676,B,600000,scorecard
10005032,0.022869,644,B,800000,scorecard
10005038,0.020564,689,A,400000,scorecard
10005041,0.003322,756,A,1000000,scorecard
10005060,1e-06,1224,A,1000000,scorecard
10005062,0.047809,646,B,550000,scorecard
10005063,0.024498,676,B,700000,scorecard
10005064,0.039785,619,C,500000,scorecard
10005068,0.003322,756,A,400000,scorecard
10005069,0.010395,690,A,1000000,scorecard
10005098,0.0406,627,C,450000,scorecard
10005120,0.047898,619,C,600000,scorecard
10005121,0.022222,646,B,800000,scorecard
10005133,0.02139,676,B,450000,scorecard
10005149,0.022222,646,B,800000,scorecard
10005164,0.014094,690,A,1000000,scorecard
10005169,0.010395,690,A,400000,scorecard
10005179,0.046752,601,C,600000,scorecard
10005180,0.010395,690,A,750000,scorecard
10005182,0.003436,754,A,400000,scorecard
10005203,0.004863,756,A,650000,scorecard
10005204,0.003909,756,A,800000,scorecard
10005220,0.034565,619,C,600000,scorecard
10005228,0.028391,631,C,600000,scorecard
10005231,0.023282,644,B,600000,scorecard
10005292,0.106094,601,C,400000,scorecard
10005297,0.077469,601,C,600000,scorecard
10005300,0.007082,754,A,400000,scorecard
10005308,0.046752,601,C,600000,scorecard
10005319,0.012237,689,A,600000,scorecard
10005325,0.015746,676,B,550000,scorecard
10005347,0.014447,690,A,400000,scorecard
10005357,0.045774,756,A,450000,scorecard
10005359,0.003436,754,A,450000,scorecard
10005387,0.035073,619,C,400000,scorecard
10005418,0.110038,619,C,450000,scorecard
10005445,0.057519,632,C,500000,scorecard
10005450,0.020938,689,A,500000,scorecard
10005467,0.010395,690,A,500000,scorecard
10005477,0.018119,680,A,600000,scorecard
10005481,0.028391,631,C,450000,scorecard
10005514,0.082809,644,B,800000,scorecard
10005526,0.075811,601,C,550000,scorecard
10005536,0.030612,627,C,600000,scorecard
10005541,0.010395,690,A,650000,scorecard
10005583,0.013333,676,B,400000,scorecard
10005594,0.140125,601,C,600000,scorecard
10005606,0.022869,644,B,800000,scorecard
10005611,0.010601,689,A,1000000,scorecard
10005635,0.034565,619,C,600000,scorecard
10005656,0.015253,680,A,650000,scorecard
10005690,0.113422,644,B,400000,scorecard
10005716,0.034565,619,C,450000,scorecard
10005720,0.030612,627,C,600000,scorecard
10005722,0.026655,676,B,600000,scorecard
10005733,0.044831,754,A,400000,scorecard
10005746,0.028391,631,C,600000,scorecard
10005770,0.059439,689,A,650000,scorecard
10005794,0.005196,754,A,600000,scorecard
10005796,0.028391,631,C,550000,scorecard
10005809,0.00495,756,A,450000,scorecard
10005862,0.034565,619,C,600000,scorecard
10005909,0.017465,680,A,750000,scorecard
10005937,0.003715,756,A,850000,scorecard
10005941,0.026796,690,A,500000,scorecard
10005944,0.003322,756,A,700000,scorecard
10005945,0.010952,690,A,550000,scorecard
10005946,0.010601,689,A,400000,scorecard
10005956,0.094912,632,C,600000,scorecard
10005958,0.148684,680,A,450000,scorecard
10006005,0.007183,754,A,700000,scorecard
10006007,0.020059,690,A,900000,scorecard
10006011,0.031247,690,A,650000,scorecard
10006029,0.046752,601,C,600000,scorecard
10006037,0.003322,756,A,700000,scorecard
10006052,0.003322,756,A,700000,scorecard
10006078,0.083169,644,B,450000,scorecard
10006087,0.027778,632,C,600000,scorecard
10006090,0.003436,754,A,1000000,scorecard
10006129,0.025487,637,C,400000,scorecard
10006141,0.008633,754,A,700000,scorecard
10006154,0.019861,671,B,500000,scorecard
10006156,0.068496,627,C,500000,scorecard
10006167,0.033216,644,B,400000,scorecard
10006193,0.046752,601,C,450000,scorecard
10006220,0.034651,689,A,600000,scorecard
10006224,0.046752,601,C,400000,scorecard
10006237,0.014076,690,A,1000000,scorecard
10006277,0.023444,690,A,900000,scorecard
10006290,0.029201,632,C,400000,scorecard
10006318,0.034939,690,A,450000,scorecard
10006319,0.038233,646,B,800000,scorecard
10006323,0.010395,690,A,450000,scorecard
10006338,0.005576,754,A,700000,scorecard
10006402,0.050357,631,C,450000,scorecard
10006438,0.014546,690,A,550000,scorecard
10006448,0.030612,627,C,600000,scorecard
10006450,0.01286,689,A,800000,scorecard
10006474,0.046752,601,C,600000,scorecard
10006475,4e-06,1224,A,750000,scorecard
10006476,0.037657,614,C,600000,scorecard
10006512,0.015964,690,A,1000000,scorecard
10006540,0.010395,690,A,900000,scorecard
10006553,0.003436,754,A,550000,scorecard
10006554,0.010395,690,A,850000,scorecard
10006563,0.105753,631,C,500000,scorecard
10006566,0.036319,619,C,400000,scorecard
10006571,0.010601,689,A,750000,scorecard
10006575,0.003436,754,A,450000,scorecard
10006578,0.028391,631,C,400000,scorecard
10006591,1e-06,1224,A,400000,scorecard
10006593,0.034565,619,C,600000,scorecard
10006604,0.005784,754,A,600000,scorecard
10006608,0.026827,689,A,650000,scorecard
10006611,3e-06,1224,A,1000000,scorecard
10006626,0.072695,627,C,450000,scorecard
10006627,0.021125,690,A,450000,scorecard
10006633,0.005378,756,A,650000,scorecard
10006662,0.028391,631,C,600000,scorecard
10006670,0.012346,680,A,450000,scorecard
10006686,0.020326,690,A,400000,scorecard
10006721,0.012346,680,A,1000000,scorecard
10006735,0.029379,690,A,500000,scorecard
10006749,0.022222,646,B,500000,scorecard
10006759,0.003436,754,A,1000000,scorecard
10006778,0.028391,631,C,600000,scorecard
10006799,0.007353,710,A,700000,scorecard
10006816,0.016384,676,B,450000,scorecard
10006826,0.051051,601,C,500000,scorecard
10006833,0.069201,637,C,400000,scorecard
10006857,0.028391,631,C,500000,scorecard
10006870,0.034565,619,C,600000,scorecard
10006889,0.010395,690,A,1000000,scorecard
10006902,0.004429,756,A,450000,scorecard
10006905,0.091203,646,B,500000,scorecard
10006916,2e-06,1224,A,1000000,scorecard
10006917,0.014493,671,B,400000,scorecard
10006924,0.037901,614,C,550000,scorecard
10006925,0.034792,619,C,600000,scorecard
10006928,0.016999,689,A,400000,scorecard
10006950,0.02303,690,A,600000,scorecard
10006955,0.010395,690,A,1000000,scorecard
10006960,0.025487,637,C,550000,scorecard
10006962,0.128587,601,C,450000,scorecard
10006987,0.023223,676,B,600000,scorecard
10007002,0.039034,689,A,1000000,scorecard
10007007,0.008399,756,A,550000,scorecard
10007009,0.006093,754,A,950000,scorecard
10007014,0.017085,689,A,500000,scorecard
10007027,0.033226,631,C,400000,scorecard
10007028,0.014217,690,A,500000,scorecard
10007039,0.035717,644,B,600000,scorecard
10007058,0.00799,754,A,500000,scorecard
10007089,0.011078,689,A,550000,scorecard
10007096,0.034565,619,C,500000,scorecard
10007104,0.010601,689,A,450000,scorecard
10007112,0.004291,756,A,1000000,scorecard
10007118,0.003436,754,A,450000,scorecard
10007125,0.004677,756,A,450000,scorecard
10007129,0.010601,689,A,400000,scorecard
10007135,1e-06,1224,A,1000000,scorecard
10007163,0.034565,619,C,600000,scorecard
10007206,0.019586,689,A,650000,scorecard
10007237,0.012233,690,A,400000,scorecard
10007260,0.103935,616,C,600000,scorecard
10007261,0.013333,676,B,650000,scorecard
10007292,0.004069,754,A,400000,scorecard
10007318,0.003322,756,A,600000,scorecard
10007354,0.074291,601,C,450000,scorecard
10007368,0.013333,676,B,550000,scorecard
10007374,0.022869,644,B,450000,scorecard
10007379,0.007082,754,A,400000,scorecard
10007395,0.038741,680,A,450000,scorecard
10007404,0.07673,646,B,550000,scorecard
10007409,0.003436,754,A,450000,scorecard
10007428,0.022425,690,A,400000,scorecard
10007439,0.028391,631,C,400000,scorecard
10007447,0.005668,756,A,450000,scorecard
10007450,0.029185,631,C,500000,scorecard
10007473,0.003436,754,A,750000,scorecard
10007474,0.010395,690,A,1000000,scorecard
10007493,0.010395,690,A,400000,scorecard
10007507,0.043312,680,A,1000000,scorecard
10007512,0.005761,756,A,850000,scorecard
10007516,0.003436,754,A,750000,scorecard
10007557,0.02841,689,A,950000,scorecard
10007558,0.012446,690,A,1000000,scorecard
10007576,0.022869,644,B,700000,scorecard
10007589,0.010601,689,A,550000,scorecard
10007609,0.045079,619,C,500000,scorecard
10007613,0.025487,637,C,450000,scorecard
10007636,0.010601,689,A,850000,scorecard
10007650,0.046752,601,C,400000,scorecard
10007718,0.023639,646,B,800000,scorecard
10007721,0.039281,646,B,450000,scorecard
10007726,0.003322,756,A,1000000,scorecard
10007729,0.120026,646,B,450000,scorecard
10007732,0.010601,689,A,400000,scorecard
10007741,0.007417,754,A,1000000,scorecard
10007749,0.049502,616,C,600000,scorecard
10007760,0.014493,671,B,800000,scorecard
10007789,0.025487,637,C,500000,scorecard
10007812,0.007203,756,A,400000,scorecard
10007830,0.019065,710,A,450000,scorecard
10007854,0.044673,614,C,450000,scorecard
10007859,0.010395,690,A,450000,scorecard
10007861,0.011101,690,A,450000,scorecard
10007880,2e-06,1224,A,600000,scorecard
10007885,0.024733,644,B,800000,scorecard
10007928,0.024391,644,B,600000,scorecard
10007930,2e-06,1224,A,700000,scorecard
10007937,0.084661,616,C,550000,scorecard
10007965,0.211818,644,B,600000,scorecard
10007988,0.039501,690,A,450000,scorecard
10007992,0.013577,680,A,1000000,scorecard
10008063,0.030612,627,C,450000,scorecard
10008064,0.010395,690,A,600000,scorecard
10008065,0.015767,671,B,800000,scorecard
10008066,0.078861,619,C,550000,scorecard
10008072,0.019247,689,A,1000000,scorecard
10008114,0.003662,756,A,900000,scorecard
10008115,0.012862,680,A,900000,scorecard
10008128,0.045035,631,C,600000,scorecard
10008134,0.003322,756,A,600000,scorecard
10008158,0.022222,646,B,400000,scorecard
10008164,0.022869,644,B,800000,scorecard
10008177,0.045015,619,C,450000,scorecard
10008184,0.030612,627,C,600000,scorecard
10008185,0.092948,619,C,400000,scorecard
10008209,0.034565,619,C,500000,scorecard
10008220,0.048768,616,C,600000,scorecard
10008229,0.028391,631,C,600000,scorecard
10008230,0.025821,676,B,400000,scorecard
10008235,0.020206,754,A,650000,scorecard
10008242,0.010601,689,A,400000,scorecard
10008244,0.080652,601,C,600000,scorecard
10008274,0.003322,756,A,1000000,scorecard
10008296,0.011113,690,A,400000,scorecard
10008308,0.010395,690,A,700000,scorecard
10008322,0.029358,689,A,450000,scorecard
10008325,0.034315,689,A,450000,scorecard
10008338,0.047874,619,C,450000,scorecard
10008345,0.027864,637,C,550000,scorecard
10008376,0.030612,627,C,400000,scorecard
10008385,0.046752,601,C,450000,scorecard
10008386,0.066777,644,B,550000,scorecard
10008387,0.021547,690,A,850000,scorecard
10008412,0.011268,689,A,400000,scorecard
10008416,0.015523,690,A,500000,scorecard
10008430,0.034565,619,C,600000,scorecard
10008496,0.028391,631,C,600000,scorecard
10008499,0.036977,644,B,400000,scorecard
10008503,0.033706,631,C,400000,scorecard
10008562,0.05575,616,C,400000,scorecard
10008565,0.022869,644,B,400000,scorecard
10008576,0.046165,690,A,600000,scorecard
10008581,0.011431,689,A,450000,scorecard
10008600,0.048415,631,C,550000,scorecard
10008604,0.046007,646,B,800000,scorecard
10008607,0.022869,644,B,450000,scorecard
10008613,0.055239,610,C,600000,scorecard
10008627,0.022869,644,B,450000,scorecard
10008636,0.010395,690,A,800000,scorecard
10008650,0.010601,689,A,400000,scorecard
10008662,0.005366,754,A,550000,scorecard
10008698,0.010395,690,A,550000,scorecard
10008699,0.021749,690,A,700000,scorecard
10008701,0.012082,690,A,550000,scorecard
10008704,0.005039,756,A,650000,scorecard
10008718,0.124726,619,C,500000,scorecard
10008733,0.016069,689,A,550000,scorecard
10008767,0.091333,690,A,550000,scorecard
10008773,0.044544,619,C,550000,scorecard
10008780,0.010601,689,A,450000,scorecard
10008790,0.003717,754,A,950000,scorecard
10008806,0.015772,676,B,500000,scorecard
10008829,0.042577,676,B,450000,scorecard
10008842,0.009289,756,A,700000,scorecard
10008848,0.004277,754,A,500000,scorecard
10008858,0.034565,619,C,600000,scorecard
10008859,0.01868,754,A,1000000,scorecard
10008865,0.029356,680,A,1000000,scorecard
10008868,0.08292,631,C,500000,scorecard
10008884,0.012346,680,A,600000,scorecard
10008886,0.024646,690,A,550000,scorecard
10008904,0.047765,676,B,800000,scorecard
10008917,0.028391,631,C,600000,scorecard
10008930,0.028391,631,C,600000,scorecard
10008935,1e-06,1224,A,400000,scorecard
10008951,0.048785,680,A,550000,scorecard
10008970,0.046752,601,C,600000,scorecard
10009005,0.012548,754,A,400000,scorecard
10009045,0.022871,689,A,400000,scorecard
10009082,0.034565,619,C,400000,scorecard
10009110,0.010601,689,A,450000,scorecard
10009114,0.014266,689,A,650000,scorecard
10009121,0.033618,690,A,600000,scorecard
10009129,0.022869,644,B,800000,scorecard
10009158,0.056841,690,A,450000,scorecard
10009159,0.034565,619,C,500000,scorecard
10009176,0.028391,631,C,600000,scorecard
10009181,0.022222,646,B,800000,scorecard
10009191,0.046752,601,C,600000,scorecard
10009200,0.064962,619,C,450000,scorecard
10009244,0.003322,756,A,400000,scorecard
10009285,0.025394,689,A,400000,scorecard
10009293,0.031271,689,A,550000,scorecard
10009325,0.013613,676,B,800000,scorecard
10009362,0.024211,690,A,500000,scorecard
10009374,0.052952,631,C,450000,scorecard
10009380,0.022222,646,B,400000,scorecard
10009410,0.019743,690,A,1000000,scorecard
10009418,0.076183,646,B,700000,scorecard
10009455,0.014744,689,A,1000000,scorecard
10009512,0.01093,690,A,1000000,scorecard
10009514,0.094467,644,B,450000,scorecard
10009525,0.049607,631,C,550000,scorecard
10009529,0.034565,619,C,500000,scorecard
10009548,0.007766,754,A,400000,scorecard
10009558,1e-06,1224,A,450000,scorecard
10009565,0.040661,676,B,500000,scorecard
10009571,0.066379,601,C,500000,scorecard
10009588,0.015741,671,B,450000,scorecard
10009599,0.024902,689,A,1000000,scorecard
10009613,0.020231,689,A,600000,scorecard
10009627,0.083328,614,C,450000,scorecard
10009679,0.095284,619,C,400000,scorecard
10009688,0.04638,646,B,550000,scorecard
10009691,1e-06,1224,A,800000,scorecard
10009693,4e-06,1224,A,400000,scorecard
10009713,0.028391,631,C,600000,scorecard
10009724,0.010601,689,A,1000000,scorecard
10009750,0.034565,619,C,600000,scorecard
10009754,0.062844,631,C,500000,scorecard
10009755,0.042405,616,C,600000,scorecard
10009820,0.065799,646,B,600000,scorecard
10009838,0.025487,637,C,600000,scorecard
10009849,0.003322,756,A,500000,scorecard
10009850,0.028391,631,C,550000,scorecard
10009856,0.011492,690,A,500000,scorecard
10009860,0.022222,646,B,400000,scorecard
10009949,0.030612,627,C,400000,scorecard
10009957,0.020661,756,A,400000,scorecard
10009967,0.035236,644,B,550000,scorecard
10009976,0.049947,637,C,450000,scorecard
10009989,0.017686,689,A,1000000,scorecard
10009996,0.029002,637,C,600000,scorecard
10009997,0.005171,754,A,800000,scorecard
10010017,0.003436,754,A,450000,scorecard
10010032,0.003436,754,A,850000,scorecard
10010061,1e-06,1224,A,700000,scorecard
10010072,0.042069,680,A,400000,scorecard
10010075,0.010395,690,A,450000,scorecard
10010091,0.03385,690,A,400000,scorecard
10010097,0.013788,690,A,550000,scorecard
10010113,0.003322,756,A,850000,scorecard
10010121,0.041959,710,A,400000,scorecard
10010127,0.003322,756,A,400000,scorecard
10010129,0.042379,680,A,450000,scorecard
10010143,0.029726,689,A,950000,scorecard
10010197,0.045748,631,C,550000,scorecard
10010204,0.067312,614,C,600000,scorecard
10010212,0.14689,644,B,450000,scorecard
10010218,0.061439,644,B,450000,scorecard
10010222,0.022222,646,B,650000,scorecard
10010237,0.010395,690,A,550000,scorecard
10010242,0.06269,601,C,450000,scorecard
10010282,0.003529,756,A,550000,scorecard
10010286,0.05372,637,C,500000,scorecard
10010287,0.015883,676,B,600000,scorecard
10010292,0.012829,689,A,600000,scorecard
10010295,0.028391,631,C,600000,scorecard
10010298,0.031881,644,B,450000,scorecard
10010303,0.01206,690,A,500000,scorecard
10010316,0.062982,680,A,650000,scorecard
10010336,0.058128,690,A,500000,scorecard
10010346,3e-06,1224,A,750000,scorecard
10010367,0.074157,646,B,450000,scorecard
10010409,0.018617,690,A,700000,scorecard
10010419,0.102243,689,A,500000,scorecard
10010424,0.014124,680,A,900000,scorecard
10010438,1e-06,1224,A,500000,scorecard
10010446,0.006992,756,A,450000,scorecard
10010493,0.037901,614,C,600000,scorecard
10010530,0.034565,619,C,600000,scorecard
10010552,0.042335,690,A,400000,scorecard
10010569,0.012346,680,A,450000,scorecard
10010572,0.003595,754,A,450000,scorecard
10010602,0.003436,754,A,450000,scorecard
10010621,0.02694,690,A,400000,scorecard
10010637,0.026143,690,A,900000,scorecard
10010651,0.043752,756,A,600000,scorecard
10010670,2e-06,1224,A,450000,scorecard
10010677,0.044493,671,B,450000,scorecard
10010704,0.010601,689,A,750000,scorecard
10010732,0.034125,680,A,400000,scorecard
10010734,0.021166,756,A,600000,scorecard
10010737,0.003322,756,A,1000000,scorecard
10010754,0.013333,676,B,600000,scorecard
10010757,0.014783,689,A,500000,scorecard
10010765,0.034565,619,C,600000,scorecard
10010767,0.028152,646,B,500000,scorecard
10010778,0.012154,689,A,450000,scorecard
10010785,0.069575,646,B,750000,scorecard
10010797,0.021596,689,A,600000,scorecard
10010801,0.028391,631,C,450000,scorecard
10010811,2e-06,1224,A,400000,scorecard
10010813,0.028391,631,C,600000,scorecard
10010814,1e-06,1224,A,950000,scorecard
10010815,0.010601,689,A,450000,scorecard
10010824,0.035623,619,C,450000,scorecard
10010851,0.022108,689,A,850000,scorecard
10010876,0.036458,616,C,600000,scorecard
10010878,0.003436,754,A,400000,scorecard
10010882,0.034565,619,C,600000,scorecard
10010886,0.087575,601,C,600000,scorecard
10010900,0.012582,680,A,850000,scorecard
10010903,0.041513,646,B,450000,scorecard
10010930,0.022222,646,B,800000,scorecard
10010947,0.068271,631,C,400000,scorecard
10010960,0.01725,676,B,800000,scorecard
10010992,0.034565,619,C,450000,scorecard
10011003,0.024714,690,A,550000,scorecard
10011056,0.012346,680,A,750000,scorecard
10011072,0.028391,631,C,550000,scorecard
10011077,0.01999,676,B,450000,scorecard
10011078,0.012669,689,A,1000000,scorecard
10011093,0.00397,756,A,550000,scorecard
10011095,0.043548,631,C,550000,scorecard
10011123,0.017712,756,A,400000,scorecard
10011156,0.033751,689,A,400000,scorecard
10011168,0.079419,644,B,450000,scorecard
10011189,0.019321,676,B,500000,scorecard
10011191,0.026746,635,C,600000,scorecard
10011207,0.039162,689,A,500000,scorecard
10011209,0.012523,689,A,400000,scorecard
10011213,0.0267,680,A,450000,scorecard
10011214,0.010601,689,A,1000000,scorecard
10011228,0.025487,637,C,400000,scorecard
10011249,0.048514,676,B,450000,scorecard
10011259,0.095251,601,C,400000,scorecard
10011263,0.046433,689,A,800000,scorecard
10011266,0.025265,689,A,750000,scorecard
10011271,0.013333,676,B,450000,scorecard
10011288,0.028047,690,A,800000,scorecard
10011298,0.010601,689,A,1000000,scorecard
10011300,0.013333,676,B,650000,scorecard
10011317,0.023166,689,A,600000,scorecard
10011319,0.042486,619,C,500000,scorecard
10011328,0.018844,754,A,650000,scorecard
10011338,0.034565,619,C,450000,scorecard
10011339,0.05203,619,C,500000,scorecard
10011347,0.060265,690,A,650000,scorecard
10011348,0.012021,689,A,400000,scorecard
10011358,0.013333,676,B,450000,scorecard
10011368,0.010395,690,A,550000,scorecard
10011397,0.018221,690,A,550000,scorecard
10011408,0.120759,676,B,400000,scorecard
10011423,0.021838,690,A,650000,scorecard
10011429,0.030612,627,C,500000,scorecard
10011442,0.034565,619,C,400000,scorecard
10011443,0.046752,601,C,450000,scorecard
10011460,0.007728,754,A,850000,scorecard
10011466,0.036323,680,A,850000,scorecard
10011491,0.013333,676,B,800000,scorecard
10011514,0.006279,756,A,650000,scorecard
10011517,0.061371,614,C,600000,scorecard
10011525,0.003322,756,A,1000000,scorecard
10011530,0.027778,632,C,500000,scorecard
10011533,0.003477,754,A,450000,scorecard
10011578,0.031895,690,A,750000,scorecard
10011579,0.034565,619,C,600000,scorecard
10011594,0.003436,754,A,550000,scorecard
10011604,0.004631,754,A,1000000,scorecard
10011607,0.032904,689,A,850000,scorecard
10011621,0.057242,676,B,450000,scorecard
10011633,0.022869,644,B,800000,scorecard
10011660,0.005452,754,A,400000,scorecard
10011678,0.022222,646,B,800000,scorecard
10011687,0.018611,711,A,850000,scorecard
10011725,2e-06,1224,A,550000,scorecard
10011726,0.024126,676,B,800000,scorecard
10011748,0.044844,644,B,450000,scorecard
10011760,0.003436,754,A,800000,scorecard
10011772,0.012493,754,A,400000,scorecard
10011805,0.019909,676,B,450000,scorecard
10011878,0.019474,690,A,450000,scorecard
10011895,0.034565,619,C,600000,scorecard
10011899,0.012557,689,A,400000,scorecard
10011905,0.003322,756,A,450000,scorecard
10011918,0.010601,689,A,400000,scorecard
10011920,0.185304,619,C,550000,scorecard
10011926,0.010601,689,A,450000,scorecard
10011927,0.003436,754,A,800000,scorecard
10011933,1e-06,1224,A,450000,scorecard
10011938,0.04743,619,C,550000,scorecard
10011954,0.022222,646,B,650000,scorecard
10011972,0.010395,690,A,500000,scorecard
10011989,0.015093,689,A,450000,scorecard
10012002,0.028419,644,B,400000,scorecard
10012007,0.01644,754,A,650000,scorecard
10012021,0.045667,619,C,450000,scorecard
10012022,1e-06,1224,A,500000,scorecard
10012024,0.022869,644,B,450000,scorecard
10012034,0.010601,689,A,400000,scorecard
10012042,0.013333,676,B,800000,scorecard
10012045,0.012354,690,A,1000000,scorecard
10012064,0.054016,690,A,450000,scorecard
10012094,0.010601,689,A,600000,scorecard
10012112,0.045257,619,C,600000,scorecard
10012113,1e-06,1224,A,1000000,scorecard
10012123,0.037901,614,C,600000,scorecard
10012137,0.09965,616,C,450000,scorecard
10012165,0.089917,601,C,450000,scorecard
10012175,0.016483,690,A,450000,scorecard
10012177,0.028391,631,C,550000,scorecard
10012185,0.014004,710,A,450000,scorecard
10012214,0.014493,671,B,450000,scorecard
10012261,0.010601,689,A,1000000,scorecard
10012274,0.070633,690,A,450000,scorecard
10012276,0.015525,676,B,750000,scorecard
10012280,0.037657,614,C,600000,scorecard
10012283,0.034565,619,C,450000,scorecard
10012291,0.00506,754,A,500000,scorecard
10012331,0.021573,756,A,400000,scorecard
10012345,0.055995,619,C,550000,scorecard
10012355,0.010601,689,A,1000000,scorecard
10012358,0.166336,601,C,400000,scorecard
10012387,0.077344,680,A,1000000,scorecard
10012422,0.015493,689,A,550000,scorecard
10012440,0.025487,637,C,600000,scorecard
10012451,0.068492,631,C,500000,scorecard
10012456,0.025487,637,C,550000,scorecard
10012458,0.0745,644,B,800000,scorecard
10012482,0.054047,637,C,600000,scorecard
10012488,0.020659,690,A,700000,scorecard
10012499,0.008659,754,A,1000000,scorecard
10012512,0.030476,644,B,400000,scorecard
10012529,0.019628,680,A,450000,scorecard
10012566,0.025992,680,A,400000,scorecard
10012607,0.014586,756,A,450000,scorecard
10012612,0.003436,754,A,900000,scorecard
10012630,0.050022,644,B,450000,scorecard
10012634,0.010601,689,A,500000,scorecard
10012636,0.003436,754,A,1000000,scorecard
10012638,0.024373,690,A,450000,scorecard
10012640,0.006822,756,A,400000,scorecard
10012668,0.025487,637,C,400000,scorecard
10012680,0.012949,710,A,600000,scorecard
10012683,0.003436,754,A,400000,scorecard
10012710,0.004842,754,A,1000000,scorecard
10012724,0.003322,756,A,650000,scorecard
10012734,0.0427,607,C,550000,scorecard
10012744,0.003436,754,A,500000,scorecard
10012750,0.02672,644,B,750000,scorecard
10012776,0.003436,754,A,650000,scorecard
10012794,0.028391,631,C,400000,scorecard
10012841,1e-06,1224,A,500000,scorecard
10012861,0.046752,601,C,550000,scorecard
10012872,0.082561,690,A,600000,scorecard
10012879,0.003322,756,A,1000000,scorecard
10012911,0.057562,637,C,500000,scorecard
10012925,0.011977,689,A,1000000,scorecard
10012938,0.034565,619,C,550000,scorecard
10012946,0.01533,690,A,600000,scorecard
10012949,0.007353,710,A,650000,scorecard
10012974,0.003436,754,A,550000,scorecard
10012980,0.028391,631,C,450000,scorecard
10013004,0.041664,676,B,450000,scorecard
10013016,0.036048,690,A,650000,scorecard
10013029,0.010395,690,A,400000,scorecard
10013040,0.042182,676,B,700000,scorecard
10013082,0.012272,689,A,900000,scorecard
10013093,0.022222,646,B,400000,scorecard
10013108,2e-06,1224,A,1000000,scorecard
10013113,0.085734,601,C,600000,scorecard
10013125,0.134782,616,C,450000,scorecard
10013128,6e-06,1224,A,600000,scorecard
10013147,0.035005,644,B,750000,scorecard
10013151,0.02565,689,A,950000,scorecard
10013163,0.028391,631,C,450000,scorecard
10013177,0.00969,756,A,500000,scorecard
10013188,0.038717,631,C,600000,scorecard
10013244,0.014348,690,A,450000,scorecard
10013246,0.010395,690,A,750000,scorecard
10013247,0.048208,631,C,600000,scorecard
10013255,0.131939,579,D,400000,control
10013259,0.010395,690,A,450000,scorecard
10013261,0.037657,614,C,450000,scorecard
10013278,0.034525,689,A,500000,scorecard
10013283,0.040086,646,B,450000,scorecard
10013288,0.010601,689,A,450000,scorecard
10013301,0.014584,689,A,400000,scorecard
10013312,0.126437,616,C,500000,scorecard
10013324,0.028391,631,C,600000,scorecard
10013325,0.010867,689,A,800000,scorecard
10013338,0.066369,601,C,400000,scorecard
10013359,0.013606,689,A,400000,scorecard
10013366,0.024992,689,A,400000,scorecard
10013376,0.028418,689,A,850000,scorecard
10013387,0.014493,671,B,450000,scorecard
10013411,0.010395,690,A,900000,scorecard
10013431,0.085662,601,C,600000,scorecard
10013467,0.015414,689,A,750000,scorecard
10013476,0.049451,619,C,450000,scorecard
10013478,0.003322,756,A,900000,scorecard
10013494,0.072687,619,C,500000,scorecard
10013521,0.028391,631,C,600000,scorecard
10013528,0.032073,680,A,1000000,scorecard
10013535,0.016825,676,B,800000,scorecard
10013568,0.034565,619,C,400000,scorecard
10013615,0.030218,637,C,450000,scorecard
10013616,0.01149,690,A,650000,scorecard
10013626,0.089394,689,A,400000,scorecard
10013636,0.010601,689,A,1000000,scorecard
10013641,0.022222,646,B,800000,scorecard
10013645,0.04582,619,C,400000,scorecard
10013648,0.003322,756,A,600000,scorecard
10013658,0.003322,756,A,1000000,scorecard
10013661,0.046059,616,C,600000,scorecard
10013665,0.010395,690,A,450000,scorecard
10013672,0.056871,689,A,450000,scorecard
10013691,0.159402,619,C,450000,scorecard
10013749,0.011583,756,A,400000,scorecard
10013773,0.003436,754,A,900000,scorecard
10013800,0.113226,637,C,600000,scorecard
10013802,0.033058,689,A,800000,scorecard
10013812,0.02439,640,B,450000,scorecard
10013831,0.030858,690,A,450000,scorecard
10013855,0.010601,689,A,400000,scorecard
10013862,0.028391,631,C,600000,scorecard
10013871,0.20781,601,C,600000,scorecard
10013878,0.154382,619,C,600000,scorecard
10013881,0.007349,754,A,800000,scorecard
10013887,0.003436,754,A,850000,scorecard
10013897,0.037033,646,B,800000,scorecard
10013903,0.046752,601,C,450000,scorecard
10013943,0.115355,627,C,600000,scorecard
10013957,0.010395,690,A,1000000,scorecard
10013981,0.037901,614,C,400000,scorecard
10013994,0.028487,680,A,650000,scorecard
10014003,0.003442,754,A,1000000,scorecard
10014006,0.010601,689,A,850000,scorecard
10014018,0.014299,756,A,400000,scorecard
10014080,0.014493,671,B,800000,scorecard
10014095,0.034565,619,C,600000,scorecard
10014097,0.033285,644,B,450000,scorecard
10014132,0.011532,689,A,400000,scorecard
10014162,0.010395,690,A,500000,scorecard
10014164,0.022413,754,A,600000,scorecard
10014166,0.068925,614,C,550000,scorecard
10014169,0.028391,631,C,400000,scorecard
10014229,0.044822,631,C,550000,scorecard
10014234,0.01487,756,A,600000,scorecard
10014251,0.016599,680,A,1000000,scorecard
10014259,0.028594,690,A,650000,scorecard
10014263,1e-06,1224,A,600000,scorecard
10014287,0.066915,601,C,600000,scorecard
10014296,0.025487,637,C,600000,scorecard
10014297,0.0129,689,A,400000,scorecard
10014301,0.007759,710,A,400000,scorecard
10014304,0.013333,676,B,800000,scorecard
10014317,0.025487,637,C,400000,scorecard
10014337,0.062193,619,C,550000,scorecard
10014353,0.013216,756,A,400000,scorecard
10014355,0.017733,680,A,600000,scorecard
10014364,0.021917,671,B,400000,scorecard
10014371,0.013987,689,A,450000,scorecard
10014382,0.006584,756,A,600000,scorecard
10014404,0.010601,689,A,400000,scorecard
10014407,1e-06,1224,A,950000,scorecard
10014425,0.022222,646,B,800000,scorecard
10014428,0.031526,676,B,600000,scorecard
10014447,0.0125,689,A,500000,scorecard
10014477,0.028391,631,C,450000,scorecard
10014483,0.006444,754,A,500000,scorecard
10014487,0.092953,619,C,600000,scorecard
10014534,0.055206,627,C,550000,scorecard
10014538,0.037901,614,C,600000,scorecard
10014541,0.055694,690,A,800000,scorecard
10014545,0.003322,756,A,450000,scorecard
10014547,0.035354,690,A,400000,scorecard
10014555,0.058338,601,C,550000,scorecard
10014570,0.033615,689,A,550000,scorecard
10014610,0.003322,756,A,1000000,scorecard
10014620,0.025487,637,C,500000,scorecard
10014628,0.065828,601,C,550000,scorecard
10014654,0.006611,756,A,500000,scorecard
10014677,0.050465,601,C,600000,scorecard
10014680,1e-06,1224,A,400000,scorecard
10014707,0.05305,632,C,600000,scorecard
10014708,0.021967,690,A,450000,scorecard
10014726,0.046171,627,C,550000,scorecard
10014763,0.017285,689,A,800000,scorecard
10014782,0.010601,689,A,600000,scorecard
10014797,0.034565,619,C,600000,scorecard
10014806,0.022222,646,B,700000,scorecard
10014811,8e-06,1224,A,450000,scorecard
10014833,0.099367,619,C,500000,scorecard
10014835,0.024024,676,B,800000,scorecard
10014854,0.01628,754,A,800000,scorecard
10014875,0.012346,680,A,650000,scorecard
10014882,0.003436,754,A,400000,scorecard
10014904,0.013333,676,B,750000,scorecard
10014949,0.039728,689,A,500000,scorecard
10014977,0.030612,627,C,600000,scorecard
10014992,0.050405,690,A,700000,scorecard
10015044,0.02165,690,A,600000,scorecard
10015062,0.010601,689,A,500000,scorecard
10015084,0.01251,690,A,400000,scorecard
10015094,0.025487,637,C,500000,scorecard
10015110,0.010601,689,A,400000,scorecard
10015117,0.013333,676,B,650000,scorecard
10015127,0.068758,619,C,500000,scorecard
10015128,0.004311,754,A,850000,scorecard
10015131,0.010601,689,A,400000,scorecard
10015144,0.012346,680,A,1000000,scorecard
10015167,0.056739,680,A,800000,scorecard
10015170,0.009096,756,A,750000,scorecard
10015177,0.05245,601,C,450000,scorecard
10015179,0.015002,690,A,1000000,scorecard
10015185,0.034565,619,C,550000,scorecard
10015194,0.02439,640,B,450000,scorecard
10015208,0.017009,689,A,1000000,scorecard
10015230,0.06794,631,C,400000,scorecard
10015234,0.025487,637,C,600000,scorecard
10015237,0.034565,619,C,500000,scorecard
10015238,2e-06,1224,A,500000,scorecard
10015239,0.035834,619,C,400000,scorecard
10015241,0.026173,680,A,850000,scorecard
10015245,0.030612,627,C,600000,scorecard
10015269,0.014493,671,B,750000,scorecard
10015277,0.113938,689,A,400000,scorecard
10015303,0.044123,644,B,800000,scorecard
10015313,0.012346,680,A,1000000,scorecard
10015340,0.011785,756,A,800000,scorecard
10015376,0.013333,676,B,450000,scorecard
10015380,0.162048,564,D,400000,control
10015385,0.036458,616,C,450000,scorecard
10015391,3e-06,1224,A,1000000,scorecard
10015418,0.025487,637,C,500000,scorecard
10015425,0.010401,754,A,450000,scorecard
10015430,0.028713,646,B,550000,scorecard
10015438,0.021341,689,A,500000,scorecard
10015453,0.033331,631,C,400000,scorecard
10015478,0.011877,690,A,400000,scorecard
10015488,0.042559,689,A,700000,scorecard
10015526,0.062618,632,C,600000,scorecard
10015532,0.003436,754,A,400000,scorecard
10015555,0.012346,680,A,500000,scorecard
10015560,0.042597,690,A,500000,scorecard
10015575,0.034393,754,A,600000,scorecard
10015593,0.020867,690,A,800000,scorecard
10015602,0.030913,631,C,600000,scorecard
10015622,0.065583,680,A,500000,scorecard
10015627,0.016594,690,A,550000,scorecard
10015647,0.006929,756,A,450000,scorecard
10015649,0.046752,601,C,600000,scorecard
10015651,0.016906,689,A,1000000,scorecard
10015652,0.028587,644,B,500000,scorecard
10015695,0.036735,676,B,400000,scorecard
10015696,3e-06,1224,A,400000,scorecard
10015712,0.010395,690,A,1000000,scorecard
10015735,0.013333,676,B,400000,scorecard
10015751,0.007934,754,A,600000,scorecard
10015753,0.046752,601,C,600000,scorecard
10015788,0.076854,619,C,600000,scorecard
10015797,0.010395,690,A,700000,scorecard
10015822,1e-06,1224,A,450000,scorecard
10015858,0.007247,764,A,400000,scorecard
10015861,0.052484,646,B,500000,scorecard
10015887,0.02675,637,C,450000,scorecard
10015910,0.028391,631,C,450000,scorecard
10015911,0.010601,689,A,500000,scorecard
10015923,0.003634,756,A,1000000,scorecard
10015947,0.039234,646,B,450000,scorecard
10015966,0.12485,614,C,600000,scorecard
10015975,0.019994,689,A,600000,scorecard
10015992,0.037657,614,C,400000,scorecard
10016036,0.010601,689,A,400000,scorecard
10016042,0.046752,601,C,600000,scorecard
10016070,0.013632,690,A,600000,scorecard
10016083,0.033145,689,A,550000,scorecard
10016104,0.012102,690,A,700000,scorecard
10016158,0.011608,690,A,1000000,scorecard
10016218,0.020558,671,B,800000,scorecard
10016222,0.023279,690,A,450000,scorecard
10016229,0.028391,631,C,600000,scorecard
10016231,0.006182,754,A,500000,scorecard
10016242,0.059625,676,B,800000,scorecard
10016246,0.012627,710,A,400000,scorecard
10016254,0.00758,710,A,550000,scorecard
10016259,0.012346,680,A,600000,scorecard
10016269,0.034565,619,C,600000,scorecard
10016272,0.003436,754,A,400000,scorecard
10016287,0.010395,690,A,850000,scorecard
10016295,0.010395,690,A,700000,scorecard
10016303,0.015048,676,B,800000,scorecard
10016309,0.010601,689,A,500000,scorecard
10016319,0.023742,754,A,450000,scorecard
10016330,0.014654,756,A,400000,scorecard
10016353,0.003436,754,A,700000,scorecard
10016372,0.043776,680,A,450000,scorecard
10016403,0.014513,680,A,450000,scorecard
10016409,0.00926,756,A,1000000,scorecard
10016426,0.091055,680,A,400000,scorecard
10016429,0.199536,619,C,400000,scorecard
10016437,0.009456,756,A,400000,scorecard
10016443,0.02966,689,A,1000000,scorecard
10016482,0.0239,680,A,450000,scorecard
10016488,0.079371,619,C,600000,scorecard
10016489,0.028391,631,C,400000,scorecard
10016494,0.015708,690,A,950000,scorecard
10016497,0.055707,601,C,550000,scorecard
10016506,0.003322,756,A,400000,scorecard
10016541,0.012346,680,A,400000,scorecard
10016548,0.01191,754,A,450000,scorecard
10016564,0.014493,671,B,400000,scorecard
10016580,0.099397,690,A,550000,scorecard
10016600,0.045344,646,B,400000,scorecard
10016606,0.010608,756,A,1000000,scorecard
10016631,0.009836,754,A,400000,scorecard
10016640,0.037338,689,A,750000,scorecard
10016649,0.007353,710,A,850000,scorecard
10016650,0.007794,754,A,850000,scorecard
10016656,0.059538,601,C,450000,scorecard
10016662,0.027534,680,A,450000,scorecard
10016667,0.025907,689,A,600000,scorecard
10016669,0.034565,619,C,450000,scorecard
10016712,0.043739,690,A,400000,scorecard
10016758,0.003705,756,A,1000000,scorecard
10016774,0.010601,689,A,400000,scorecard
10016782,0.054625,616,C,600000,scorecard
10016797,0.004652,756,A,1000000,scorecard
10016809,0.013735,689,A,950000,scorecard
10016842,0.017751,689,A,550000,scorecard
10016845,0.04312,616,C,400000,scorecard
10016860,0.036458,616,C,400000,scorecard
10016864,0.003436,754,A,500000,scorecard
10016867,0.066171,619,C,450000,scorecard
10016871,0.132267,579,D,400000,control
10016899,0.034565,619,C,450000,scorecard
10016919,0.027829,710,A,550000,scorecard
10016948,0.003901,756,A,600000,scorecard
10016949,0.051946,646,B,550000,scorecard
10016954,0.040252,689,A,600000,scorecard
10016959,0.045958,690,A,800000,scorecard
10016965,0.013333,676,B,750000,scorecard
10016972,0.025487,637,C,450000,scorecard
10016976,0.032232,627,C,600000,scorecard
10016985,0.003322,756,A,550000,scorecard
10016987,0.05014,644,B,450000,scorecard
10016992,0.01254,690,A,1000000,scorecard
10017000,0.025711,676,B,800000,scorecard
10017002,0.045015,616,C,400000,scorecard
10017009,0.010044,754,A,750000,scorecard
10017063,0.022222,646,B,450000,scorecard
10017085,0.005342,754,A,400000,scorecard
10017092,0.035647,627,C,600000,scorecard
10017129,0.022148,680,A,400000,scorecard
10017132,0.031059,640,B,600000,scorecard
10017143,0.039595,640,B,550000,scorecard
10017177,0.011317,690,A,500000,scorecard
10017179,0.038405,680,A,700000,scorecard
10017184,0.018288,690,A,400000,scorecard
10017191,0.005655,754,A,550000,scorecard
10017194,0.003322,756,A,600000,scorecard
10017201,0.038402,619,C,450000,scorecard
10017211,0.046752,601,C,600000,scorecard
10017219,0.015922,690,A,950000,scorecard
10017266,0.007353,710,A,450000,scorecard
10017283,0.010343,756,A,950000,scorecard
10017290,0.016291,710,A,500000,scorecard
10017297,0.018917,690,A,500000,scorecard
10017320,0.056266,627,C,600000,scorecard
10017335,0.012346,680,A,650000,scorecard
10017357,0.019334,756,A,800000,scorecard
10017380,0.003436,754,A,400000,scorecard
10017381,0.010726,710,A,400000,scorecard
10017384,0.012346,680,A,450000,scorecard
10017398,0.01376,689,A,550000,scorecard
10017399,0.037901,614,C,500000,scorecard
10017408,0.025487,637,C,500000,scorecard
10017418,0.01587,680,A,1000000,scorecard
10017443,0.013343,676,B,400000,scorecard
10017445,0.025487,637,C,600000,scorecard
10017449,0.003322,756,A,450000,scorecard
10017453,0.046752,601,C,600000,scorecard
10017515,0.012346,680,A,1000000,scorecard
10017522,0.077282,690,A,600000,scorecard
10017542,0.027996,632,C,500000,scorecard
10017546,0.202217,601,C,600000,scorecard
10017556,0.028391,631,C,600000,scorecard
10017560,0.007229,754,A,900000,scorecard
10017569,0.069154,631,C,400000,scorecard
10017572,0.025335,690,A,650000,scorecard
10017596,0.115033,676,B,650000,scorecard
10017614,0.025487,637,C,500000,scorecard
10017641,0.028391,631,C,500000,scorecard
10017662,0.046752,601,C,600000,scorecard
10017668,0.038543,644,B,450000,scorecard
10017676,0.016733,690,A,550000,scorecard
10017677,0.010395,690,A,500000,scorecard
10017678,0.027574,690,A,450000,scorecard
10017682,0.028391,631,C,600000,scorecard
10017700,0.079084,680,A,600000,scorecard
10017706,0.003322,756,A,500000,scorecard
10017738,0.005625,756,A,850000,scorecard
10017745,1e-06,1224,A,550000,scorecard
10017769,0.032375,680,A,450000,scorecard
10017770,0.050621,631,C,400000,scorecard
10017795,0.029874,680,A,450000,scorecard
10017833,0.010601,689,A,850000,scorecard
10017857,0.046752,601,C,600000,scorecard
10017860,0.121811,627,C,400000,scorecard
10017875,0.025487,637,C,450000,scorecard
10017908,0.075487,644,B,700000,scorecard
10017917,0.034565,619,C,600000,scorecard
10017928,1e-06,1224,A,450000,scorecard
10017935,0.022222,646,B,400000,scorecard
10017961,0.046752,601,C,600000,scorecard
10017965,0.036935,690,A,850000,scorecard
10017978,0.036408,690,A,850000,scorecard
10017984,0.025487,637,C,400000,scorecard
10018013,0.010395,690,A,950000,scorecard
10018018,0.034565,619,C,600000,scorecard
10018031,0.030612,627,C,500000,scorecard
10018055,0.094327,619,C,450000,scorecard
10018090,1e-06,1224,A,400000,scorecard
10018093,0.027778,632,C,500000,scorecard
10018095,0.010601,689,A,400000,scorecard
10018122,0.010395,690,A,450000,scorecard
10018173,0.025487,637,C,550000,scorecard
10018185,2e-06,1224,A,700000,scorecard
10018216,0.017618,671,B,600000,scorecard
10018226,0.060773,601,C,600000,scorecard
10018231,0.025487,637,C,500000,scorecard
10018248,0.117312,637,C,400000,scorecard
10018266,0.028391,631,C,450000,scorecard
10018304,0.034565,619,C,600000,scorecard
10018318,0.012346,680,A,600000,scorecard
10018320,0.003322,756,A,1000000,scorecard
10018329,0.010395,690,A,650000,scorecard
10018330,1e-06,1224,A,400000,scorecard
10018347,0.013333,676,B,550000,scorecard
10018358,0.007039,754,A,500000,scorecard
10018359,0.020606,710,A,1000000,scorecard
10018378,0.010395,690,A,400000,scorecard
10018394,0.057946,601,C,400000,scorecard
10018396,0.010601,689,A,1000000,scorecard
10018400,0.01832,689,A,950000,scorecard
10018420,4e-06,1224,A,450000,scorecard
10018443,0.010601,689,A,1000000,scorecard
10018446,0.019239,754,A,400000,scorecard
10018453,0.003322,756,A,450000,scorecard
10018486,0.034565,619,C,500000,scorecard
10018489,0.028391,631,C,400000,scorecard
10018496,0.088156,640,B,400000,scorecard
10018513,0.034565,619,C,600000,scorecard
10018527,0.046955,619,C,600000,scorecard
10018534,0.010395,690,A,450000,scorecard
10018570,0.050615,637,C,450000,scorecard
10018571,0.188192,646,B,450000,scorecard
10018584,0.003436,754,A,1000000,scorecard
10018589,0.009124,756,A,650000,scorecard
10018615,0.010326,756,A,650000,scorecard
10018632,0.042697,689,A,500000,scorecard
10018633,0.003436,754,A,700000,scorecard
10018638,0.00642,754,A,1000000,scorecard
10018642,0.003322,756,A,800000,scorecard
10018654,0.025487,637,C,600000,scorecard
10018671,0.048775,690,A,700000,scorecard
10018678,0.037657,614,C,450000,scorecard
10018705,0.010395,690,A,550000,scorecard
10018725,0.026043,676,B,450000,scorecard
10018732,1e-06,1224,A,600000,scorecard
10018733,0.071993,646,B,550000,scorecard
10018768,0.025136,690,A,600000,scorecard
10018770,0.054621,637,C,600000,scorecard
10018801,0.010156,710,A,800000,scorecard
10018822,0.028391,631,C,600000,scorecard
10018837,0.02866,671,B,750000,scorecard
10018857,0.027778,632,C,500000,scorecard
10018874,0.007353,710,A,950000,scorecard
10018884,0.028114,644,B,500000,scorecard
10018887,0.04514,627,C,550000,scorecard
10018893,0.010395,690,A,700000,scorecard
10018894,0.010395,690,A,500000,scorecard
10018902,0.009571,754,A,700000,scorecard
10018903,0.028022,690,A,850000,scorecard
10018908,0.03648,627,C,500000,scorecard
10018914,0.012346,680,A,400000,scorecard
10018922,0.030612,627,C,500000,scorecard
10018929,2e-06,1224,A,450000,scorecard
10018939,0.028989,676,B,550000,scorecard
10018948,0.069756,637,C,450000,scorecard
10018965,0.037949,644,B,400000,scorecard
10018976,0.025487,637,C,600000,scorecard
10018991,0.020558,676,B,400000,scorecard
10019000,0.028391,631,C,600000,scorecard
10019002,0.042435,619,C,600000,scorecard
10019025,0.034565,619,C,550000,scorecard
10019026,0.04433,627,C,550000,scorecard
10019028,0.01414,689,A,750000,scorecard
10019076,0.103433,614,C,500000,scorecard
10019082,0.052821,680,A,550000,scorecard
10019097,0.027778,632,C,550000,scorecard
10019120,0.000169,948,A,1000000,scorecard
10019127,0.027537,644,B,550000,scorecard
10019135,0.027778,632,C,600000,scorecard
10019143,0.077026,646,B,400000,scorecard
10019178,0.023185,689,A,550000,scorecard
10019184,0.012886,689,A,550000,scorecard
10019194,0.031576,644,B,750000,scorecard
10019241,0.046752,601,C,600000,scorecard
10019257,0.007534,754,A,400000,scorecard
10019260,0.018759,680,A,550000,scorecard
10019277,0.008263,756,A,1000000,scorecard
10019294,0.082609,619,C,400000,scorecard
10019299,0.046752,601,C,600000,scorecard
10019333,0.010472,756,A,450000,scorecard
10019334,0.039075,689,A,600000,scorecard
10019341,0.010395,690,A,500000,scorecard
10019345,0.028391,631,C,600000,scorecard
10019346,0.02439,640,B,550000,scorecard
10019359,0.028391,631,C,400000,scorecard
10019367,0.073648,644,B,550000,scorecard
10019383,0.056851,637,C,400000,scorecard
10019385,0.010395,690,A,600000,scorecard
10019387,0.003436,754,A,700000,scorecard
10019391,0.028391,631,C,400000,scorecard
10019410,0.02125,690,A,400000,scorecard
10019411,0.018512,680,A,450000,scorecard
10019443,0.034974,689,A,450000,scorecard
10019472,2e-06,1224,A,650000,scorecard
10019475,3e-06,1224,A,550000,scorecard
10019484,0.082979,646,B,400000,scorecard
10019485,0.01406,689,A,500000,scorecard
10019502,0.043944,646,B,650000,scorecard
10019508,0.013333,676,B,400000,scorecard
10019517,0.117836,690,A,550000,scorecard
10019521,0.022869,644,B,800000,scorecard
10019527,0.302482,619,C,400000,scorecard
10019536,0.053474,619,C,400000,scorecard
10019538,0.006088,754,A,700000,scorecard
10019562,0.016692,756,A,650000,scorecard
10019569,0.128576,619,C,500000,scorecard
10019590,0.027997,690,A,450000,scorecard
10019592,0.005375,754,A,850000,scorecard
10019603,0.062804,680,A,550000,scorecard
10019649,0.037003,619,C,550000,scorecard
10019657,0.117175,619,C,450000,scorecard
10019682,0.07682,619,C,600000,scorecard
10019688,0.062004,627,C,600000,scorecard
10019699,0.036458,616,C,600000,scorecard
10019706,0.014493,671,B,450000,scorecard
10019708,0.013333,676,B,400000,scorecard
10019709,0.007353,710,A,500000,scorecard
10019735,0.022307,710,A,600000,scorecard
10019749,0.008951,754,A,850000,scorecard
10019750,0.010601,689,A,650000,scorecard
10019760,0.043213,644,B,450000,scorecard
10019786,0.011709,690,A,600000,scorecard
10019850,0.028391,631,C,600000,scorecard
10019866,0.051615,690,A,400000,scorecard
10019876,0.012851,690,A,650000,scorecard
10019902,0.022869,644,B,650000,scorecard
10019910,0.013333,676,B,800000,scorecard
10019954,0.003436,754,A,650000,scorecard
10019971,0.010395,690,A,400000,scorecard
10020005,0.044592,690,A,450000,scorecard
10020011,0.062504,619,C,600000,scorecard
10020016,0.028391,631,C,400000,scorecard
10020021,0.065635,680,A,750000,scorecard
10020024,0.044158,689,A,400000,scorecard
10020041,0.019435,710,A,500000,scorecard
10020056,0.003436,754,A,600000,scorecard
10020059,0.021994,690,A,400000,scorecard
10020065,0.026155,680,A,450000,scorecard
10020080,0.011213,689,A,400000,scorecard
10020091,0.084925,646,B,650000,scorecard
10020092,0.017034,690,A,400000,scorecard
10020102,0.022222,646,B,550000,scorecard
10020107,0.022222,646,B,450000,scorecard
10020109,0.003322,756,A,1000000,scorecard
10020128,0.01266,689,A,700000,scorecard
10020154,0.008225,754,A,500000,scorecard
10020171,0.082138,601,C,450000,scorecard
10020194,0.028391,631,C,600000,scorecard
10020204,0.007353,710,A,500000,scorecard
10020248,0.097199,614,C,500000,scorecard
10020260,0.003322,756,A,1000000,scorecard
10020262,0.048825,601,C,600000,scorecard
10020271,0.021756,690,A,800000,scorecard
10020316,0.038857,619,C,450000,scorecard
10020351,0.003322,756,A,400000,scorecard
10020362,0.010601,689,A,550000,scorecard
10020389,0.034565,619,C,500000,scorecard
10020420,0.028586,632,C,400000,scorecard
10020433,0.022222,646,B,600000,scorecard
10020461,0.022869,644,B,650000,scorecard
10020477,0.034565,619,C,450000,scorecard
10020480,0.010395,690,A,400000,scorecard
10020495,0.008891,754,A,600000,scorecard
10020496,0.041417,689,A,550000,scorecard
10020507,0.146491,646,B,450000,scorecard
10020517,0.003565,756,A,850000,scorecard
10020541,0.003732,754,A,650000,scorecard
10020549,0.003436,754,A,600000,scorecard
10020550,0.086077,631,C,400000,scorecard
10020567,0.046752,601,C,400000,scorecard
10020613,0.060588,690,A,400000,scorecard
10020615,0.003322,756,A,500000,scorecard
10020640,0.030612,627,C,450000,scorecard
10020669,0.042147,619,C,600000,scorecard
10020670,0.010601,689,A,400000,scorecard
10020676,0.010395,690,A,950000,scorecard
10020679,0.098223,614,C,600000,scorecard
10020683,0.025487,637,C,600000,scorecard
10020698,0.00355,756,A,600000,scorecard
10020704,0.003436,754,A,400000,scorecard
10020712,0.010601,689,A,1000000,scorecard
10020714,0.034565,619,C,450000,scorecard
10020724,0.010601,689,A,600000,scorecard
10020733,0.037729,644,B,500000,scorecard
10020735,0.058503,614,C,600000,scorecard
10020765,0.028391,631,C,600000,scorecard
10020767,0.02789,671,B,700000,scorecard
10020788,0.026565,690,A,1000000,scorecard
10020796,0.014123,690,A,450000,scorecard
10020814,0.00508,754,A,600000,scorecard
10020836,0.038202,689,A,450000,scorecard
10020861,0.030573,644,B,450000,scorecard
10020866,0.004586,756,A,1000000,scorecard
10020870,0.014627,690,A,400000,scorecard
10020875,0.010601,689,A,450000,scorecard
10020877,0.024251,646,B,450000,scorecard
10020878,0.047127,614,C,450000,scorecard
10020901,0.036796,689,A,850000,scorecard
10020909,0.010601,689,A,400000,scorecard
10020917,0.061406,644,B,650000,scorecard
10020928,0.012346,680,A,850000,scorecard
10020936,0.011629,690,A,550000,scorecard
10020975,0.005436,756,A,400000,scorecard
10020980,0.046752,601,C,600000,scorecard
10020995,0.00519,754,A,450000,scorecard
10021017,0.022869,644,B,450000,scorecard
10021022,0.034802,627,C,400000,scorecard
10021028,0.019896,710,A,600000,scorecard
10021029,0.003436,754,A,400000,scorecard
10021038,0.010395,690,A,1000000,scorecard
10021049,0.031664,690,A,500000,scorecard
10021085,0.012346,680,A,450000,scorecard
10021086,0.022222,646,B,750000,scorecard
10021091,0.036933,671,B,750000,scorecard
10021144,1e-06,1224,A,450000,scorecard
10021202,2e-06,1224,A,700000,scorecard
10021209,0.029361,756,A,550000,scorecard
10021226,0.010624,754,A,400000,scorecard
10021247,0.003322,756,A,500000,scorecard
10021248,0.093167,601,C,550000,scorecard
10021257,0.036533,671,B,550000,scorecard
10021276,0.028391,631,C,600000,scorecard
10021277,0.003322,756,A,650000,scorecard
10021286,0.007353,710,A,400000,scorecard
10021297,0.010601,689,A,650000,scorecard
10021331,0.051903,619,C,600000,scorecard
10021333,0.102855,619,C,500000,scorecard
10021347,0.047963,689,A,450000,scorecard
10021351,0.025487,637,C,450000,scorecard
10021353,0.003436,754,A,900000,scorecard
10021359,0.034565,619,C,600000,scorecard
10021370,0.016421,676,B,450000,scorecard
10021378,0.025487,637,C,600000,scorecard
10021386,0.022222,646,B,400000,scorecard
10021395,0.010395,690,A,400000,scorecard
10021398,0.014575,680,A,400000,scorecard
10021401,1e-06,1224,A,400000,scorecard
10021402,0.022869,644,B,550000,scorecard
10021404,0.082737,631,C,600000,scorecard
10021405,0.002391,775,A,1000000,scorecard
10021474,0.010395,690,A,600000,scorecard
10021475,0.043907,619,C,500000,scorecard
10021500,0.091269,619,C,500000,scorecard
10021519,0.010601,689,A,550000,scorecard
10021520,0.003322,756,A,400000,scorecard
10021539,0.023607,644,B,600000,scorecard
10021572,0.025895,690,A,400000,scorecard
10021575,0.034565,619,C,450000,scorecard
10021580,0.015187,756,A,1000000,scorecard
10021599,0.019505,689,A,500000,scorecard
10021601,0.034565,619,C,500000,scorecard
10021641,0.025487,637,C,400000,scorecard
10021713,0.004161,754,A,1000000,scorecard
10021718,0.004757,756,A,550000,scorecard
10021732,0.005551,754,A,550000,scorecard
10021746,0.028391,631,C,450000,scorecard
10021747,0.010601,689,A,450000,scorecard
10021752,0.06371,601,C,600000,scorecard
10021754,0.006277,754,A,500000,scorecard
10021770,2e-06,1224,A,500000,scorecard
10021778,0.010395,690,A,500000,scorecard
10021780,0.010395,690,A,450000,scorecard
10021784,0.012668,754,A,650000,scorecard
10021791,0.010601,689,A,600000,scorecard
10021811,0.017537,690,A,500000,scorecard
10021814,0.024929,690,A,400000,scorecard
10021823,0.087517,637,C,600000,scorecard
10021841,0.021851,690,A,650000,scorecard
10021843,0.034565,619,C,400000,scorecard
10021851,0.018957,671,B,550000,scorecard
10021869,0.006386,754,A,900000,scorecard
10021872,0.010395,690,A,400000,scorecard
10021898,0.060392,616,C,400000,scorecard
10021905,0.010601,689,A,550000,scorecard
10021914,0.046752,601,C,400000,scorecard
10021953,0.034967,644,B,400000,scorecard
10021957,0.056606,619,C,600000,scorecard
10021958,0.041877,619,C,600000,scorecard
10021977,0.009795,754,A,450000,scorecard
10021978,0.025816,689,A,550000,scorecard
10021983,0.014493,671,B,600000,scorecard
10021987,0.017286,754,A,450000,scorecard
10022006,0.034565,619,C,600000,scorecard
10022007,0.010395,690,A,1000000,scorecard
10022011,0.012346,680,A,550000,scorecard
10022021,0.031881,627,C,400000,scorecard
10022026,0.033831,646,B,700000,scorecard
10022057,0.036245,646,B,400000,scorecard
10022061,0.003436,754,A,550000,scorecard
10022068,0.046559,646,B,400000,scorecard
10022086,0.004573,756,A,600000,scorecard
10022097,0.04612,646,B,750000,scorecard
10022098,0.012816,689,A,950000,scorecard
10022102,0.034565,619,C,400000,scorecard
10022108,0.003436,754,A,850000,scorecard
10022110,0.010395,690,A,1000000,scorecard
10022116,0.034565,619,C,600000,scorecard
10022118,0.094105,601,C,450000,scorecard
10022143,0.013333,676,B,450000,scorecard
10022172,0.034565,619,C,600000,scorecard
10022177,0.034565,619,C,450000,scorecard
10022178,0.022222,646,B,600000,scorecard
10022185,0.05351,616,C,600000,scorecard
10022207,0.003377,756,A,1000000,scorecard
10022211,0.032239,627,C,400000,scorecard
10022219,0.010601,689,A,1000000,scorecard
10022236,0.028919,642,B,400000,scorecard
10022237,0.034565,619,C,550000,scorecard
10022257,0.003322,756,A,850000,scorecard
10022263,0.016534,690,A,750000,scorecard
10022271,0.003322,756,A,800000,scorecard
10022274,0.022222,646,B,800000,scorecard
10022283,0.053009,690,A,500000,scorecard
10022285,0.003322,756,A,400000,scorecard
10022325,0.029709,689,A,650000,scorecard
10022337,0.003992,754,A,550000,scorecard
10022342,0.003322,756,A,600000,scorecard
10022346,0.075441,680,A,400000,scorecard
10022358,0.020715,671,B,500000,scorecard
10022370,0.055557,689,A,600000,scorecard
10022385,0.046752,601,C,600000,scorecard
10022392,5e-06,1224,A,500000,scorecard
10022413,0.039503,646,B,400000,scorecard
10022422,1e-06,1224,A,400000,scorecard
10022431,0.068125,690,A,700000,scorecard
10022435,0.018964,689,A,550000,scorecard
10022463,0.012346,680,A,450000,scorecard
10022478,0.004934,756,A,1000000,scorecard
10022498,0.028391,631,C,600000,scorecard
10022509,0.037657,614,C,500000,scorecard
10022524,0.030612,627,C,450000,scorecard
10022526,0.082461,680,A,600000,scorecard
10022544,0.015311,689,A,400000,scorecard
10022546,0.010601,689,A,550000,scorecard
10022550,0.003436,754,A,750000,scorecard
10022551,0.007222,756,A,400000,scorecard
10022554,1e-06,1224,A,450000,scorecard
10022576,0.019627,676,B,650000,scorecard
10022579,0.010264,754,A,900000,scorecard
10022599,0.012346,680,A,800000,scorecard
10022608,0.010601,689,A,600000,scorecard
10022634,0.046752,601,C,600000,scorecard
10022635,0.022222,646,B,800000,scorecard
10022642,0.007353,710,A,1000000,scorecard
10022666,0.0381,646,B,700000,scorecard
10022690,0.034565,619,C,450000,scorecard
10022694,0.046752,601,C,400000,scorecard
10022710,0.016027,754,A,400000,scorecard
10022716,0.110456,619,C,600000,scorecard
10022720,0.09013,644,B,800000,scorecard
10022733,0.010834,690,A,700000,scorecard
10022735,0.046752,601,C,400000,scorecard
10022739,0.008396,710,A,400000,scorecard
10022742,0.003436,754,A,550000,scorecard
10022750,0.010395,690,A,600000,scorecard
10022766,0.093834,619,C,400000,scorecard
10022768,0.011047,690,A,750000,scorecard
10022773,0.037225,689,A,450000,scorecard
10022798,0.003322,756,A,400000,scorecard
10022815,0.175063,637,C,600000,scorecard
10022838,0.033041,646,B,700000,scorecard
10022844,0.003436,754,A,550000,scorecard
10022852,1.2e-05,1224,A,550000,scorecard
10022882,0.034565,619,C,400000,scorecard
10022883,0.029511,631,C,400000,scorecard
10022892,0.023396,671,B,400000,scorecard
10022915,0.072432,646,B,650000,scorecard
10022916,0.003322,756,A,400000,scorecard
10022925,0.015355,756,A,1000000,scorecard
10022932,0.050172,597,D,450000,scorecard
10022937,0.014807,690,A,750000,scorecard
10022959,0.012346,680,A,1000000,scorecard
10022979,0.046752,601,C,550000,scorecard
10022996,0.028391,631,C,600000,scorecard
10022998,0.027781,644,B,450000,scorecard
10023017,0.022869,644,B,800000,scorecard
10023022,0.022869,644,B,400000,scorecard
10023050,0.060374,644,B,700000,scorecard
10023071,0.007353,710,A,400000,scorecard
10023076,0.010601,689,A,800000,scorecard
10023078,0.042816,616,C,600000,scorecard
10023085,0.057233,689,A,450000,scorecard
10023088,0.092371,601,C,400000,scorecard
10023096,0.010601,689,A,500000,scorecard
10023098,0.028391,631,C,400000,scorecard
10023118,3e-06,1224,A,650000,scorecard
10023149,0.022869,644,B,800000,scorecard
10023181,0.06746,619,C,600000,scorecard
10023185,0.014493,671,B,400000,scorecard
10023188,0.007385,754,A,500000,scorecard
10023195,0.044086,689,A,550000,scorecard
10023219,0.003322,756,A,600000,scorecard
10023233,0.010395,690,A,900000,scorecard
10023243,0.010395,690,A,550000,scorecard
10023248,0.034565,619,C,500000,scorecard
10023281,0.047765,627,C,600000,scorecard
10023289,0.017295,690,A,950000,scorecard
10023306,0.18844,619,C,600000,scorecard
10023311,0.082535,601,C,400000,scorecard
10023316,0.003322,756,A,450000,scorecard
10023321,0.034565,619,C,400000,scorecard
10023325,0.081825,689,A,600000,scorecard
10023365,0.029191,689,A,600000,scorecard
10023367,0.020471,680,A,450000,scorecard
10023406,0.013661,689,A,400000,scorecard
10023409,0.08594,644,B,450000,scorecard
10023413,0.027778,632,C,600000,scorecard
10023423,0.009441,756,A,450000,scorecard
10023469,0.003322,756,A,1000000,scorecard
10023492,0.026246,690,A,950000,scorecard
10023494,0.013333,676,B,600000,scorecard
10023495,0.014122,676,B,600000,scorecard
10023498,0.061832,619,C,400000,scorecard
10023510,0.066024,619,C,500000,scorecard
10023519,0.003712,756,A,850000,scorecard
10023528,0.006852,756,A,1000000,scorecard
10023529,0.027778,632,C,600000,scorecard
10023536,0.037657,614,C,600000,scorecard
10023543,0.053493,619,C,550000,scorecard
10023553,0.028391,631,C,600000,scorecard
10023556,0.027778,632,C,500000,scorecard
10023581,0.022869,644,B,700000,scorecard
10023585,2e-06,1224,A,400000,scorecard
10023607,0.024342,756,A,800000,scorecard
10023612,0.080714,646,B,450000,scorecard
10023616,0.021625,690,A,550000,scorecard
10023620,0.033251,637,C,400000,scorecard
10023624,0.033445,646,B,800000,scorecard
10023632,0.035452,637,C,600000,scorecard
10023639,0.003322,756,A,1000000,scorecard
10023643,0.010395,690,A,400000,scorecard
10023653,0.036458,616,C,600000,scorecard
10023667,0.030982,690,A,650000,scorecard
10023675,0.013333,676,B,650000,scorecard
10023682,0.013333,676,B,550000,scorecard
10023695,0.010544,754,A,950000,scorecard
10023734,0.028782,690,A,1000000,scorecard
10023779,0.013333,676,B,500000,scorecard
10023780,0.007859,756,A,500000,scorecard
10023782,0.058342,601,C,400000,scorecard
10023787,0.071391,631,C,600000,scorecard
10023797,0.030416,644,B,750000,scorecard
10023812,0.010601,689,A,400000,scorecard
10023865,0.003676,754,A,550000,scorecard
10023870,0.030356,690,A,450000,scorecard
10023872,0.076206,619,C,400000,scorecard
10023875,0.034565,619,C,600000,scorecard
10023889,0.020777,756,A,450000,scorecard
10023912,0.054107,631,C,450000,scorecard
10023953,0.033548,637,C,600000,scorecard
10023956,0.010601,689,A,500000,scorecard
10023964,0.034695,690,A,450000,scorecard
10023966,0.037835,619,C,500000,scorecard
10023972,0.023768,646,B,550000,scorecard
10023977,0.022869,644,B,450000,scorecard
10024007,0.025487,637,C,450000,scorecard
10024016,0.037901,614,C,600000,scorecard
10024022,0.018885,689,A,400000,scorecard
10024027,0.036458,616,C,550000,scorecard
10024051,0.003436,754,A,500000,scorecard
10024066,0.044445,637,C,450000,scorecard
10024067,0.064473,646,B,400000,scorecard
10024101,0.058615,680,A,450000,scorecard
10024121,0.046752,601,C,600000,scorecard
10024134,0.007428,756,A,500000,scorecard
10024138,0.046752,601,C,600000,scorecard
10024173,0.015237,754,A,450000,scorecard
10024186,0.012346,680,A,600000,scorecard
10024195,0.125171,632,C,450000,scorecard
10024220,0.046752,601,C,450000,scorecard
10024254,0.011868,690,A,1000000,scorecard
10024285,0.041736,640,B,400000,scorecard
10024293,5e-06,1224,A,900000,scorecard
10024311,0.034565,619,C,600000,scorecard
10024323,0.036458,616,C,500000,scorecard
10024333,0.005006,754,A,400000,scorecard
10024338,0.028391,631,C,400000,scorecard
10024349,0.010395,690,A,550000,scorecard
10024363,0.003374,756,A,450000,scorecard
10024372,0.003436,754,A,750000,scorecard
10024383,0.029075,631,C,500000,scorecard
10024414,0.006325,756,A,550000,scorecard
10024415,0.017912,689,A,1000000,scorecard
10024420,0.022222,646,B,800000,scorecard
10024423,0.022869,644,B,600000,scorecard
10024442,0.010601,689,A,450000,scorecard
10024443,0.329042,579,D,400000,control
10024452,0.003322,756,A,550000,scorecard
10024462,0.035372,631,C,600000,scorecard
10024467,0.046752,601,C,400000,scorecard
10024471,0.034565,619,C,600000,scorecard
10024472,0.049633,680,A,550000,scorecard
10024490,0.008619,710,A,700000,scorecard
10024492,0.049979,644,B,800000,scorecard
10024512,0.022222,646,B,550000,scorecard
10024526,0.032907,627,C,400000,scorecard
10024553,0.003436,754,A,1000000,scorecard
10024565,0.040971,627,C,600000,scorecard
10024616,0.047675,601,C,600000,scorecard
10024621,0.004119,756,A,700000,scorecard
10024691,0.037657,614,C,600000,scorecard
10024701,0.077145,637,C,500000,scorecard
10024712,0.042443,690,A,500000,scorecard
10024739,0.02601,671,B,500000,scorecard
10024744,0.031508,627,C,500000,scorecard
10024770,1e-06,1224,A,500000,scorecard
10024779,0.077246,644,B,750000,scorecard
10024787,0.098063,619,C,550000,scorecard
10024797,0.047175,644,B,800000,scorecard
10024798,0.020704,756,A,700000,scorecard
10024805,0.208685,619,C,600000,scorecard
10024846,0.005911,754,A,550000,scorecard
10024847,0.003322,756,A,550000,scorecard
10024857,0.014827,689,A,700000,scorecard
10024879,0.003667,754,A,500000,scorecard
10024882,0.045624,619,C,400000,scorecard
10024894,0.025062,676,B,550000,scorecard
10024912,0.030612,627,C,500000,scorecard
10024913,0.009204,710,A,450000,scorecard
10024930,0.010395,690,A,450000,scorecard
10024969,0.036496,690,A,1000000,scorecard
10024981,0.025993,644,B,800000,scorecard
10024996,0.013334,689,A,800000,scorecard
10024998,0.022222,646,B,550000,scorecard
10025000,0.016552,756,A,700000,scorecard
10025002,0.012346,680,A,400000,scorecard
10025004,0.028391,631,C,600000,scorecard
10025025,0.03841,632,C,500000,scorecard
10025056,0.04782,689,A,500000,scorecard
10025083,0.046752,601,C,600000,scorecard
10025096,0.063542,689,A,750000,scorecard
10025116,0.030612,627,C,600000,scorecard
10025118,0.029651,690,A,450000,scorecard
10025171,0.044996,619,C,450000,scorecard
10025172,0.010601,689,A,550000,scorecard
10025176,0.027778,632,C,550000,scorecard
10025193,0.010395,690,A,400000,scorecard
10025243,0.017716,689,A,450000,scorecard
10025256,0.125596,646,B,550000,scorecard
10025260,0.016883,689,A,450000,scorecard
10025299,0.023389,680,A,400000,scorecard
10025308,0.004555,756,A,500000,scorecard
10025314,0.012343,690,A,850000,scorecard
10025315,0.025487,637,C,500000,scorecard
10025316,0.010395,690,A,650000,scorecard
10025321,0.042961,614,C,450000,scorecard
10025334,0.040672,637,C,400000,scorecard
10025350,0.008608,756,A,550000,scorecard
10025360,0.003668,754,A,400000,scorecard
10025373,0.028391,631,C,450000,scorecard
10025374,0.003436,754,A,800000,scorecard
10025375,0.012346,680,A,500000,scorecard
10025380,0.003436,754,A,600000,scorecard
10025382,0.019849,689,A,950000,scorecard
10025385,0.036427,627,C,400000,scorecard
10025389,0.028391,631,C,600000,scorecard
10025411,0.031992,680,A,400000,scorecard
10025430,0.020272,689,A,550000,scorecard
10025486,0.012346,680,A,400000,scorecard
10025494,0.011245,754,A,550000,scorecard
10025501,0.020607,689,A,500000,scorecard
10025515,0.051347,614,C,600000,scorecard
10025518,0.010395,690,A,900000,scorecard
10025528,0.057456,689,A,450000,scorecard
10025530,0.030612,627,C,600000,scorecard
10025531,0.034565,619,C,600000,scorecard
10025549,0.033484,680,A,500000,scorecard
10025553,0.044137,689,A,500000,scorecard
10025576,0.003647,756,A,1000000,scorecard
10025578,0.010395,690,A,450000,scorecard
10025587,0.024381,644,B,500000,scorecard
10025594,3e-06,1224,A,650000,scorecard
10025595,0.022869,644,B,800000,scorecard
10025617,0.040443,631,C,550000,scorecard
10025621,0.034565,619,C,400000,scorecard
10025639,0.112892,646,B,700000,scorecard
10025659,0.028391,631,C,550000,scorecard
10025668,0.06988,631,C,600000,scorecard
10025691,0.024371,689,A,500000,scorecard
10025704,0.033986,690,A,500000,scorecard
10025717,0.034565,619,C,400000,scorecard
10025720,0.010395,690,A,400000,scorecard
10025727,2e-06,1224,A,650000,scorecard
10025750,0.028391,631,C,600000,scorecard
10025756,0.022869,644,B,650000,scorecard
10025772,0.025487,637,C,450000,scorecard
10025788,0.014662,689,A,400000,scorecard
10025792,0.007121,756,A,450000,scorecard
10025800,0.059915,646,B,400000,scorecard
10025814,0.033298,637,C,550000,scorecard
10025816,0.036741,690,A,650000,scorecard
10025825,0.016656,690,A,450000,scorecard
10025826,0.018049,689,A,550000,scorecard
10025837,0.010601,689,A,500000,scorecard
10025868,0.015859,710,A,450000,scorecard
10025888,0.014983,689,A,400000,scorecard
10025895,0.040632,689,A,700000,scorecard
10025916,0.017745,689,A,600000,scorecard
10025937,0.068506,619,C,450000,scorecard
10025943,0.036778,690,A,1000000,scorecard
10025969,0.030553,644,B,600000,scorecard
10025989,0.008589,754,A,900000,scorecard
10026006,0.034565,619,C,450000,scorecard
10026035,0.034565,619,C,450000,scorecard
10026040,0.010601,689,A,1000000,scorecard
10026046,0.002823,784,A,900000,scorecard
10026075,0.040234,619,C,600000,scorecard
10026103,0.040122,680,A,850000,scorecard
10026110,0.034565,619,C,400000,scorecard
10026136,0.028075,754,A,850000,scorecard
10026140,0.070851,619,C,400000,scorecard
10026164,0.016063,671,B,450000,scorecard
10026173,0.023162,676,B,800000,scorecard
10026218,0.033197,644,B,400000,scorecard
10026251,0.028391,631,C,500000,scorecard
10026261,0.046752,601,C,500000,scorecard
10026269,0.014265,680,A,450000,scorecard
10026279,0.02439,640,B,650000,scorecard
10026296,0.025095,644,B,500000,scorecard
10026318,0.037901,614,C,600000,scorecard
10026337,0.028953,690,A,450000,scorecard
10026349,0.029993,646,B,450000,scorecard
10026380,0.027778,632,C,600000,scorecard
10026384,0.103041,627,C,600000,scorecard
10026385,0.069275,627,C,450000,scorecard
10026393,0.022869,644,B,450000,scorecard
10026404,0.012346,680,A,450000,scorecard
10026414,0.010601,689,A,900000,scorecard
10026420,0.025487,637,C,400000,scorecard
10026452,0.010601,689,A,1000000,scorecard
10026457,0.010601,689,A,400000,scorecard
10026463,0.154574,614,C,400000,scorecard
10026479,0.106535,619,C,500000,scorecard
10026496,1e-06,1224,A,550000,scorecard
10026502,0.013863,680,A,700000,scorecard
10026548,0.093546,627,C,600000,scorecard
10026553,0.037943,631,C,600000,scorecard
10026566,0.07051,690,A,500000,scorecard
10026611,0.025487,637,C,400000,scorecard
10026612,0.059423,646,B,550000,scorecard
10026621,0.008713,756,A,1000000,scorecard
10026645,0.012346,680,A,1000000,scorecard
10026651,0.013333,676,B,400000,scorecard
10026661,0.046752,601,C,600000,scorecard
10026665,0.022869,644,B,700000,scorecard
10026675,1e-06,1224,A,750000,scorecard
10026677,0.026483,690,A,500000,scorecard
10026692,0.023041,689,A,650000,scorecard
10026694,0.018046,689,A,450000,scorecard
10026695,0.071219,690,A,750000,scorecard
10026703,0.003563,756,A,1000000,scorecard
10026708,0.058333,601,C,550000,scorecard
10026709,0.003322,756,A,500000,scorecard
10026728,0.003916,754,A,550000,scorecard
10026751,0.060416,637,C,400000,scorecard
10026756,0.046752,601,C,450000,scorecard
10026759,0.010395,690,A,650000,scorecard
10026761,0.021072,690,A,400000,scorecard
10026771,0.015303,710,A,750000,scorecard
10026787,0.075893,619,C,600000,scorecard
10026790,0.048225,631,C,550000,scorecard
10026801,0.06513,690,A,450000,scorecard
10026804,1e-06,1224,A,700000,scorecard
10026805,0.035113,689,A,600000,scorecard
10026806,0.053235,646,B,700000,scorecard
10026824,0.034565,619,C,400000,scorecard
10026830,0.057681,680,A,400000,scorecard
10026878,0.055508,644,B,400000,scorecard
10026879,0.027778,632,C,600000,scorecard
10026887,0.034565,619,C,600000,scorecard
10026898,0.046752,601,C,450000,scorecard
10026916,0.022222,646,B,400000,scorecard
10026918,0.030612,627,C,600000,scorecard
10026922,0.013333,676,B,550000,scorecard
10026942,0.030254,689,A,800000,scorecard
10026984,0.03057,690,A,450000,scorecard
10026987,0.022289,690,A,1000000,scorecard
10026999,0.054177,644,B,750000,scorecard
10027012,0.036999,671,B,650000,scorecard
10027018,0.04259,644,B,400000,scorecard
10027105,0.010601,689,A,650000,scorecard
10027112,0.037657,614,C,500000,scorecard
10027114,1e-06,1224,A,400000,scorecard
10027159,0.005053,756,A,800000,scorecard
10027178,0.023915,689,A,1000000,scorecard
10027193,0.022869,644,B,550000,scorecard
10027195,0.123715,690,A,700000,scorecard
10027196,0.025487,637,C,600000,scorecard
10027203,0.025255,689,A,1000000,scorecard
10027209,0.028391,631,C,400000,scorecard
10027226,0.013878,689,A,1000000,scorecard
10027230,0.012346,680,A,450000,scorecard
10027242,0.028391,631,C,600000,scorecard
10027249,0.046752,601,C,400000,scorecard
10027251,1e-06,1224,A,500000,scorecard
10027257,1e-06,1224,A,600000,scorecard
10027268,0.02427,690,A,650000,scorecard
10027272,0.017053,716,A,550000,scorecard
10027276,0.023877,690,A,750000,scorecard
10027303,0.048213,646,B,700000,scorecard
10027305,0.019346,690,A,600000,scorecard
10027309,0.022869,644,B,800000,scorecard
10027314,0.010601,689,A,400000,scorecard
10027318,0.058296,646,B,700000,scorecard
10027321,0.024215,646,B,500000,scorecard
10027333,0.034565,619,C,600000,scorecard
10027337,0.052091,601,C,600000,scorecard
10027351,0.037296,676,B,700000,scorecard
10027355,0.003436,754,A,550000,scorecard
10027361,0.010395,690,A,450000,scorecard
10027389,0.055762,644,B,600000,scorecard
10027396,0.013333,676,B,400000,scorecard
10027404,0.01664,690,A,800000,scorecard
10027416,0.034565,619,C,400000,scorecard
10027422,0.012346,680,A,550000,scorecard
10027430,0.034565,619,C,600000,scorecard
10027436,0.039573,646,B,500000,scorecard
10027448,0.064153,690,A,400000,scorecard
10027462,0.034565,619,C,500000,scorecard
10027464,0.037657,614,C,400000,scorecard
10027481,0.00719,756,A,1000000,scorecard
10027485,0.021626,690,A,450000,scorecard
10027489,0.014455,690,A,400000,scorecard
10027503,0.041643,631,C,600000,scorecard
10027505,0.003322,756,A,1000000,scorecard
10027523,0.079968,631,C,600000,scorecard
10027534,0.051775,631,C,500000,scorecard
10027565,0.118463,646,B,450000,scorecard
10027570,0.166826,616,C,500000,scorecard
10027579,0.135724,644,B,450000,scorecard
10027613,0.130022,601,C,450000,scorecard
10027619,0.007353,710,A,600000,scorecard
10027622,0.136066,616,C,600000,scorecard
10027701,0.003322,756,A,1000000,scorecard
10027716,0.04217,680,A,650000,scorecard
10027720,0.049095,676,B,550000,scorecard
10027724,0.032148,689,A,400000,scorecard
10027734,0.010395,690,A,700000,scorecard
10027739,0.041344,646,B,450000,scorecard
10027753,0.055701,627,C,600000,scorecard
10027766,0.040877,680,A,600000,scorecard
10027769,0.010601,689,A,500000,scorecard
10027791,0.036283,680,A,600000,scorecard
10027798,0.012252,754,A,550000,scorecard
10027801,0.039526,690,A,450000,scorecard
10027812,0.022222,646,B,800000,scorecard
10027815,0.016798,680,A,400000,scorecard
10027826,0.028391,631,C,400000,scorecard
10027836,0.006522,756,A,400000,scorecard
10027844,0.005735,756,A,550000,scorecard
10027872,0.006005,756,A,700000,scorecard
10027874,0.04385,644,B,500000,scorecard
10027884,0.013333,676,B,400000,scorecard
10027900,0.030612,627,C,600000,scorecard
10027902,0.040229,646,B,450000,scorecard
10027927,1e-06,1224,A,500000,scorecard
10027946,0.028391,631,C,400000,scorecard
10027966,0.025487,637,C,600000,scorecard
10027970,0.028391,631,C,600000,scorecard
10028009,0.004236,756,A,400000,scorecard
10028035,0.003436,754,A,600000,scorecard
10028080,0.010395,690,A,650000,scorecard
10028086,0.042548,676,B,600000,scorecard
10028097,0.025802,690,A,400000,scorecard
10028109,0.037901,614,C,600000,scorecard
10028110,0.003322,756,A,500000,scorecard
10028144,0.019467,676,B,500000,scorecard
10028175,0.010395,690,A,800000,scorecard
10028199,0.010502,690,A,400000,scorecard
10028200,0.025487,637,C,450000,scorecard
10028208,0.003322,756,A,400000,scorecard
10028210,0.046752,601,C,500000,scorecard
10028216,0.025487,637,C,600000,scorecard
10028232,0.079836,614,C,600000,scorecard
10028243,0.023897,689,A,400000,scorecard
10028263,0.014493,671,B,550000,scorecard
10028271,1e-06,1224,A,1000000,scorecard
10028297,0.037116,644,B,450000,scorecard
10028307,0.00568,756,A,500000,scorecard
10028321,0.034565,619,C,450000,scorecard
10028328,0.003625,756,A,500000,scorecard
10028343,0.028757,644,B,650000,scorecard
10028353,0.005862,754,A,400000,scorecard
10028360,0.007353,710,A,450000,scorecard
10028373,0.015725,754,A,450000,scorecard
10028377,0.032285,637,C,600000,scorecard
10028392,0.006047,722,A,550000,scorecard
10028457,0.034565,619,C,450000,scorecard
10028471,0.028665,676,B,500000,scorecard
10028477,0.031625,690,A,1000000,scorecard
10028512,0.034565,619,C,450000,scorecard
10028540,0.036458,616,C,600000,scorecard
10028546,0.022222,646,B,400000,scorecard
10028566,0.012116,689,A,400000,scorecard
10028573,0.011194,689,A,500000,scorecard
10028574,0.025185,690,A,500000,scorecard
10028584,0.036458,616,C,400000,scorecard
10028612,0.046752,601,C,600000,scorecard
10028614,0.010601,689,A,1000000,scorecard
10028663,0.02439,640,B,800000,scorecard
10028664,0.103022,601,C,500000,scorecard
10028666,0.039055,680,A,400000,scorecard
10028676,0.038885,690,A,450000,scorecard
10028689,0.03222,646,B,800000,scorecard
10028693,0.010395,690,A,500000,scorecard
10028705,0.056841,631,C,600000,scorecard
10028706,0.007942,754,A,450000,scorecard
10028709,0.030612,627,C,600000,scorecard
10028728,0.003436,754,A,1000000,scorecard
10028730,0.00667,754,A,850000,scorecard
10028763,0.012643,680,A,1000000,scorecard
10028778,0.066723,579,D,400000,control
10028779,0.088112,640,B,450000,scorecard
10028782,0.010601,689,A,1000000,scorecard
10028810,0.046752,601,C,450000,scorecard
10028821,0.034565,619,C,500000,scorecard
10028838,0.012346,680,A,400000,scorecard
10028881,0.007179,756,A,650000,scorecard
10028922,0.015218,680,A,500000,scorecard
10028929,0.003436,754,A,450000,scorecard
10028931,0.035869,680,A,500000,scorecard
10028936,0.013333,676,B,400000,scorecard
10028941,0.046752,601,C,600000,scorecard
10028946,0.02439,640,B,400000,scorecard
10028951,0.022869,644,B,400000,scorecard
10028959,0.021524,690,A,700000,scorecard
10028964,0.027537,644,B,500000,scorecard
10028976,0.039535,690,A,1000000,scorecard
10028984,0.010395,690,A,600000,scorecard
10028987,0.013485,689,A,1000000,scorecard
10029030,0.034565,619,C,550000,scorecard
10029033,0.034565,619,C,600000,scorecard
10029034,0.058798,644,B,650000,scorecard
10029049,0.003514,754,A,650000,scorecard
10029050,0.034565,619,C,550000,scorecard
10029075,1e-06,1224,A,800000,scorecard
10029076,0.057248,644,B,450000,scorecard
10029082,0.006184,754,A,500000,scorecard
10029107,0.036458,616,C,550000,scorecard
10029119,0.025487,637,C,450000,scorecard
10029179,0.003562,756,A,650000,scorecard
10029192,0.010395,690,A,800000,scorecard
10029194,0.028391,631,C,600000,scorecard
10029195,0.046752,601,C,400000,scorecard
10029209,0.051907,646,B,450000,scorecard
10029211,0.010601,689,A,400000,scorecard
10029223,0.038846,627,C,550000,scorecard
10029251,0.058657,690,A,400000,scorecard
10029253,0.010395,690,A,400000,scorecard
10029270,0.009091,756,A,650000,scorecard
10029271,0.003322,756,A,1000000,scorecard
10029277,0.157301,646,B,550000,scorecard
10029288,0.004245,756,A,850000,scorecard
10029293,0.003436,754,A,500000,scorecard
10029296,0.022869,644,B,800000,scorecard
10029301,0.004244,754,A,400000,scorecard
10029307,0.035169,619,C,450000,scorecard
10029312,0.039769,646,B,450000,scorecard
10029332,0.044504,619,C,600000,scorecard
10029334,0.021587,671,B,650000,scorecard
10029345,0.01048,754,A,650000,scorecard
10029369,0.034565,619,C,600000,scorecard
10029377,0.027683,644,B,500000,scorecard
10029383,0.011465,689,A,400000,scorecard
10029411,0.034565,619,C,400000,scorecard
10029412,0.012058,690,A,500000,scorecard
10029447,0.01114,689,A,400000,scorecard
10029451,0.096558,680,A,700000,scorecard
10029489,0.026872,689,A,500000,scorecard
10029501,0.003322,756,A,550000,scorecard
10029511,0.022222,646,B,400000,scorecard
10029519,0.035214,646,B,550000,scorecard
10029525,0.011753,755,A,400000,scorecard
10029546,0.034565,619,C,400000,scorecard
10029555,0.030612,627,C,600000,scorecard
10029577,0.042315,627,C,400000,scorecard
10029582,0.062832,619,C,400000,scorecard
10029583,0.022869,644,B,750000,scorecard
10029584,0.041906,690,A,450000,scorecard
10029587,0.034685,619,C,400000,scorecard
10029609,0.032989,680,A,700000,scorecard
10029611,0.013333,676,B,500000,scorecard
10029628,0.043895,690,A,900000,scorecard
10029633,0.022869,644,B,600000,scorecard
10029681,0.029139,644,B,750000,scorecard
10029688,0.026877,644,B,400000,scorecard
10029691,0.096851,601,C,600000,scorecard
10029732,0.010601,689,A,400000,scorecard
10029736,0.03103,646,B,500000,scorecard
10029738,0.010696,690,A,400000,scorecard
10029760,0.0501,640,B,650000,scorecard
10029771,0.021036,689,A,400000,scorecard
10029789,0.07367,644,B,500000,scorecard
10029796,0.034565,619,C,600000,scorecard
10029812,0.010601,689,A,450000,scorecard
10029814,0.004975,756,A,550000,scorecard
10029826,0.013243,690,A,400000,scorecard
10029832,7e-06,1224,A,400000,scorecard
10029848,0.004508,756,A,450000,scorecard
10029851,0.041892,631,C,600000,scorecard
10029852,0.028024,690,A,500000,scorecard
10029856,0.010395,690,A,400000,scorecard
10029872,0.025487,637,C,550000,scorecard
10029875,0.076479,619,C,600000,scorecard
10029878,0.004739,756,A,950000,scorecard
10029887,0.014493,671,B,800000,scorecard
10029920,0.014485,690,A,400000,scorecard
10029984,0.047925,616,C,600000,scorecard
10029988,0.029426,645,B,800000,scorecard
10029996,0.003436,754,A,400000,scorecard
10030027,0.005497,754,A,750000,scorecard
10030042,0.049928,616,C,600000,scorecard
10030047,0.028848,710,A,500000,scorecard
10030058,0.037901,614,C,550000,scorecard
10030066,0.226555,619,C,400000,scorecard
10030081,0.022222,646,B,650000,scorecard
10030097,0.023516,689,A,550000,scorecard
10030101,0.022222,646,B,500000,scorecard
10030104,0.017258,680,A,750000,scorecard
10030112,0.087882,690,A,750000,scorecard
10030119,1e-06,1224,A,650000,scorecard
10030150,0.014633,689,A,1000000,scorecard
10030157,0.022248,671,B,600000,scorecard
10030168,3e-06,1224,A,550000,scorecard
10030174,0.049777,619,C,600000,scorecard
10030185,0.029081,644,B,600000,scorecard
10030211,0.034565,619,C,600000,scorecard
10030215,0.034791,690,A,500000,scorecard
10030217,0.010601,689,A,850000,scorecard
10030228,0.016107,756,A,700000,scorecard
10030230,0.003436,754,A,850000,scorecard
10030264,0.012346,680,A,1000000,scorecard
10030280,0.010395,690,A,450000,scorecard
10030281,0.041058,619,C,400000,scorecard
10030283,0.003436,754,A,500000,scorecard
10030319,0.013333,676,B,800000,scorecard
10030361,0.010601,689,A,450000,scorecard
10030364,0.024389,644,B,550000,scorecard
10030375,0.018185,754,A,500000,scorecard
10030378,0.036458,616,C,450000,scorecard
10030387,0.033644,676,B,800000,scorecard
10030415,0.003436,754,A,400000,scorecard
10030419,0.009597,754,A,500000,scorecard
10030420,2e-06,1224,A,1000000,scorecard
10030451,0.022222,646,B,800000,scorecard
10030459,0.042673,676,B,800000,scorecard
10030466,1e-06,1224,A,1000000,scorecard
10030515,3e-06,1224,A,500000,scorecard
10030555,0.013333,676,B,800000,scorecard
10030575,0.010395,690,A,600000,scorecard
10030581,0.029711,690,A,700000,scorecard
10030584,0.003436,754,A,1000000,scorecard
10030598,0.01681,690,A,1000000,scorecard
10030619,0.054945,601,C,400000,scorecard
10030642,5e-06,1224,A,600000,scorecard
10030663,0.010395,690,A,1000000,scorecard
10030664,0.003546,754,A,400000,scorecard
10030676,0.027778,632,C,600000,scorecard
10030682,0.010395,690,A,1000000,scorecard
10030688,0.003322,756,A,500000,scorecard
10030699,0.036458,616,C,450000,scorecard
10030701,4e-06,1224,A,450000,scorecard
10030721,0.022222,646,B,400000,scorecard
10030723,0.025487,637,C,400000,scorecard
10030728,0.162482,616,C,400000,scorecard
10030733,0.046752,601,C,500000,scorecard
10030755,0.018896,690,A,500000,scorecard
10030760,0.004095,756,A,400000,scorecard
10030776,0.031347,689,A,400000,scorecard
10030796,0.007353,710,A,400000,scorecard
10030801,0.053221,689,A,400000,scorecard
10030878,0.046752,601,C,400000,scorecard
10030879,0.090165,646,B,600000,scorecard
10030883,0.028391,631,C,400000,scorecard
10030887,0.056096,690,A,450000,scorecard
10030894,0.017162,690,A,900000,scorecard
10030912,0.003436,754,A,450000,scorecard
10030926,0.098534,631,C,450000,scorecard
10030928,0.050707,689,A,550000,scorecard
10030934,0.003322,756,A,700000,scorecard
10030941,0.026665,646,B,500000,scorecard
10030953,2e-06,1224,A,750000,scorecard
10030958,0.05316,637,C,400000,scorecard
10030966,0.013346,689,A,700000,scorecard
10030977,0.034565,619,C,550000,scorecard
10031005,0.022869,644,B,800000,scorecard
10031017,0.003436,754,A,800000,scorecard
10031028,0.034565,619,C,500000,scorecard
10031047,0.010206,754,A,450000,scorecard
10031051,0.005218,754,A,400000,scorecard
10031054,0.030612,627,C,400000,scorecard
10031087,0.0056,754,A,1000000,scorecard
10031088,0.010395,690,A,600000,scorecard
10031094,0.032116,646,B,750000,scorecard
10031105,0.067558,619,C,550000,scorecard
10031127,0.004171,756,A,750000,scorecard
10031131,0.025659,680,A,950000,scorecard
10031140,0.004951,756,A,400000,scorecard
10031163,0.105958,619,C,400000,scorecard
10031176,0.064628,690,A,400000,scorecard
10031190,0.217225,644,B,450000,scorecard
10031205,0.050728,644,B,450000,scorecard
10031230,0.132928,619,C,600000,scorecard
10031257,0.003436,754,A,400000,scorecard
10031271,0.010601,689,A,450000,scorecard
10031272,0.026928,690,A,1000000,scorecard
10031280,0.006645,754,A,1000000,scorecard
10031286,0.003322,756,A,900000,scorecard
10031316,0.046752,601,C,550000,scorecard
10031317,0.022869,644,B,550000,scorecard
10031318,0.046752,601,C,500000,scorecard
10031345,0.013092,690,A,500000,scorecard
10031370,0.100707,601,C,400000,scorecard
10031398,0.010395,690,A,800000,scorecard
10031402,0.025535,690,A,600000,scorecard
10031410,0.011107,756,A,450000,scorecard
10031417,0.022869,644,B,800000,scorecard
10031418,0.051255,680,A,400000,scorecard
10031432,0.005224,754,A,450000,scorecard
10031449,0.022222,646,B,500000,scorecard
10031450,0.038392,689,A,500000,scorecard
10031454,6e-06,1224,A,450000,scorecard
10031464,0.04902,614,C,400000,scorecard
10031482,0.003322,756,A,500000,scorecard
10031485,0.063992,644,B,800000,scorecard
10031491,0.036458,616,C,600000,scorecard
10031503,0.041699,680,A,600000,scorecard
10031511,0.010691,689,A,400000,scorecard
10031518,0.028391,631,C,450000,scorecard
10031522,0.010601,689,A,450000,scorecard
10031527,0.046454,690,A,400000,scorecard
10031552,0.046752,601,C,600000,scorecard
10031563,0.085714,564,D,400000,control
10031574,0.013333,676,B,600000,scorecard
10031589,0.016965,754,A,400000,scorecard
10031604,0.024464,689,A,400000,scorecard
10031623,0.003436,754,A,550000,scorecard
10031633,0.092555,644,B,400000,scorecard
10031652,0.025487,637,C,600000,scorecard
10031667,0.036458,616,C,600000,scorecard
10031668,0.022595,680,A,750000,scorecard
10031672,0.003322,756,A,800000,scorecard
10031675,0.034565,619,C,600000,scorecard
10031678,0.023188,690,A,1000000,scorecard
10031680,0.007189,756,A,600000,scorecard
10031683,0.037657,614,C,600000,scorecard
10031704,0.124488,601,C,600000,scorecard
10031710,0.026672,640,B,400000,scorecard
10031726,0.010395,690,A,650000,scorecard
10031751,0.010395,690,A,650000,scorecard
10031793,0.016569,756,A,400000,scorecard
10031811,0.0235,689,A,600000,scorecard
10031816,0.034565,619,C,600000,scorecard
10031820,0.146478,601,C,400000,scorecard
10031838,0.027778,632,C,600000,scorecard
10031841,0.009044,710,A,400000,scorecard
10031860,0.129896,553,E,400000,control
10031861,0.00401,754,A,1000000,scorecard
10031883,0.010496,710,A,400000,scorecard
10031887,0.015283,676,B,700000,scorecard
10031894,0.053023,689,A,750000,scorecard
10031896,0.011618,756,A,500000,scorecard
10031911,4e-06,1224,A,550000,scorecard
10031934,0.056753,631,C,450000,scorecard
10031964,0.011214,689,A,650000,scorecard
10031991,0.025397,680,A,450000,scorecard
10032013,0.010395,690,A,500000,scorecard
10032027,0.065826,689,A,950000,scorecard
10032037,0.050743,627,C,600000,scorecard
10032049,0.034565,619,C,450000,scorecard
10032056,0.010601,689,A,1000000,scorecard
10032061,0.034565,619,C,600000,scorecard
10032083,0.010395,690,A,750000,scorecard
10032100,0.010395,690,A,500000,scorecard
10032101,0.019113,690,A,700000,scorecard
10032120,0.040357,690,A,800000,scorecard
10032139,0.034565,619,C,600000,scorecard
10032140,0.028391,631,C,600000,scorecard
10032144,0.057818,644,B,500000,scorecard
10032145,0.036458,616,C,550000,scorecard
10032195,0.055601,676,B,600000,scorecard
10032196,0.099161,637,C,600000,scorecard
10032209,0.003436,754,A,1000000,scorecard
10032211,0.022548,690,A,400000,scorecard
10032237,0.01469,689,A,550000,scorecard
10032238,0.022869,644,B,450000,scorecard
10032245,0.034565,619,C,600000,scorecard
10032300,0.024519,676,B,400000,scorecard
10032301,0.010601,689,A,750000,scorecard
10032337,0.036458,616,C,600000,scorecard
10032340,2e-06,1224,A,400000,scorecard
10032350,0.021988,754,A,400000,scorecard
10032368,0.101914,627,C,500000,scorecard
10032374,0.010284,754,A,400000,scorecard
10032385,0.007689,710,A,450000,scorecard
10032395,0.010395,690,A,400000,scorecard
10032402,0.010601,689,A,800000,scorecard
10032403,0.022869,644,B,450000,scorecard
10032415,0.008069,754,A,550000,scorecard
10032420,0.003742,756,A,650000,scorecard
10032456,0.034753,631,C,500000,scorecard
10032464,0.005724,756,A,500000,scorecard
10032474,0.048108,619,C,450000,scorecard
10032479,0.058152,619,C,600000,scorecard
10032524,0.010601,689,A,600000,scorecard
10032538,0.004236,756,A,600000,scorecard
10032554,0.019907,710,A,400000,scorecard
10032562,0.070556,601,C,500000,scorecard
10032601,0.010395,690,A,400000,scorecard
10032606,0.010395,690,A,450000,scorecard
10032619,0.022222,646,B,600000,scorecard
10032623,0.047656,631,C,400000,scorecard
10032624,0.025487,637,C,600000,scorecard
10032625,0.010395,690,A,750000,scorecard
10032633,0.052127,614,C,450000,scorecard
10032650,0.046752,601,C,450000,scorecard
10032656,0.034565,619,C,600000,scorecard
10032666,0.128621,601,C,400000,scorecard
10032692,0.028086,756,A,550000,scorecard
10032710,0.052449,619,C,600000,scorecard
10032722,0.020972,689,A,1000000,scorecard
10032737,0.016718,690,A,450000,scorecard
10032742,0.034565,619,C,600000,scorecard
10032757,0.037657,614,C,600000,scorecard
10032777,0.007353,710,A,950000,scorecard
10032779,0.003929,756,A,400000,scorecard
10032798,0.024291,676,B,550000,scorecard
10032801,0.035092,619,C,600000,scorecard
10032814,0.02736,680,A,750000,scorecard
10032826,0.042572,676,B,800000,scorecard
10032841,0.013333,676,B,650000,scorecard
10032860,0.046752,601,C,450000,scorecard
10032864,0.003322,756,A,400000,scorecard
10032877,0.003322,756,A,700000,scorecard
10032882,0.010601,689,A,850000,scorecard
10032899,0.010395,690,A,400000,scorecard
10032915,0.037482,689,A,450000,scorecard
10032939,0.012346,680,A,450000,scorecard
10032964,0.003322,756,A,1000000,scorecard
10032966,0.010601,689,A,450000,scorecard
10032974,0.077984,627,C,400000,scorecard
10032992,0.022222,646,B,800000,scorecard
10032995,0.013334,689,A,1000000,scorecard
10033002,0.025487,637,C,450000,scorecard
10033007,0.026848,644,B,400000,scorecard
10033009,0.034565,619,C,450000,scorecard
10033010,0.010601,689,A,400000,scorecard
10033050,0.132933,644,B,550000,scorecard
10033054,0.063018,619,C,400000,scorecard
10033057,0.038282,690,A,450000,scorecard
10033066,0.028391,631,C,500000,scorecard
10033102,0.062155,619,C,500000,scorecard
10033127,0.034565,619,C,400000,scorecard
10033149,0.003322,756,A,700000,scorecard
10033180,0.006524,754,A,1000000,scorecard
10033186,0.013333,676,B,450000,scorecard
10033216,0.025701,680,A,500000,scorecard
10033236,2e-06,1224,A,600000,scorecard
10033239,0.030689,646,B,600000,scorecard
10033273,0.032981,689,A,1000000,scorecard
10033331,0.031167,689,A,450000,scorecard
10033341,0.024205,690,A,450000,scorecard
10033365,0.022222,646,B,800000,scorecard
10033379,0.061764,680,A,750000,scorecard
10033400,0.08303,671,B,400000,scorecard
10033403,0.02439,640,B,400000,scorecard
10033421,0.034756,631,C,550000,scorecard
10033429,0.042969,689,A,1000000,scorecard
10033455,0.076829,601,C,500000,scorecard
10033466,0.190741,619,C,600000,scorecard
10033479,0.016703,756,A,450000,scorecard
10033484,0.011741,690,A,550000,scorecard
10033489,0.003322,756,A,950000,scorecard
10033502,0.030203,631,C,400000,scorecard
10033510,0.022869,644,B,450000,scorecard
10033523,0.019201,690,A,600000,scorecard
10033547,0.047512,689,A,600000,scorecard
10033565,0.010395,690,A,1000000,scorecard
10033574,0.013878,690,A,1000000,scorecard
10033576,0.014493,671,B,800000,scorecard
10033588,0.017952,689,A,1000000,scorecard
10033599,0.076639,614,C,500000,scorecard
10033638,0.00422,756,A,400000,scorecard
10033641,0.015697,671,B,450000,scorecard
10033657,0.025487,637,C,600000,scorecard
10033662,0.022869,644,B,800000,scorecard
10033668,0.010601,689,A,400000,scorecard
10033682,0.158531,601,C,600000,scorecard
10033693,0.010395,690,A,1000000,scorecard
10033699,0.058289,632,C,600000,scorecard
10033702,0.033221,690,A,400000,scorecard
10033729,0.049209,631,C,600000,scorecard
10033791,0.014493,671,B,500000,scorecard
10033794,0.010601,689,A,650000,scorecard
10033797,0.003322,756,A,400000,scorecard
10033804,0.034565,619,C,400000,scorecard
10033805,0.010395,690,A,500000,scorecard
10033813,0.014035,689,A,550000,scorecard
10033828,0.156695,619,C,600000,scorecard
10033876,0.003436,754,A,950000,scorecard
10033902,0.013465,689,A,450000,scorecard
10033910,0.00477,756,A,450000,scorecard
10033911,0.034565,619,C,500000,scorecard
10033919,4e-06,1224,A,500000,scorecard
10033928,0.010395,690,A,400000,scorecard
10033951,0.066147,631,C,600000,scorecard
10033957,0.013333,676,B,800000,scorecard
10033975,0.017289,689,A,1000000,scorecard
10033977,0.008322,756,A,400000,scorecard
10034013,0.022869,644,B,800000,scorecard
10034045,0.010601,689,A,900000,scorecard
10034055,0.010395,690,A,800000,scorecard
10034078,0.076321,619,C,600000,scorecard
10034096,0.005241,756,A,500000,scorecard
10034098,0.013333,676,B,750000,scorecard
10034107,0.006534,756,A,500000,scorecard
10034109,0.007353,710,A,500000,scorecard
10034138,0.054219,631,C,600000,scorecard
10034152,0.022869,644,B,600000,scorecard
10034169,0.058164,676,B,400000,scorecard
10034181,0.003322,756,A,550000,scorecard
10034190,0.025887,689,A,700000,scorecard
10034215,0.031187,689,A,800000,scorecard
10034221,0.037657,614,C,600000,scorecard
10034230,0.014664,680,A,800000,scorecard
10034239,0.120994,601,C,550000,scorecard
10034277,0.008251,754,A,750000,scorecard
10034291,0.010395,690,A,600000,scorecard
10034292,0.024306,689,A,550000,scorecard
10034301,0.031146,644,B,550000,scorecard
10034320,0.044304,644,B,800000,scorecard
10034343,0.080291,689,A,400000,scorecard
10034344,0.028391,631,C,600000,scorecard
10034347,0.010395,690,A,800000,scorecard
10034378,0.017035,689,A,450000,scorecard
10034398,0.005766,754,A,650000,scorecard
10034407,0.115782,614,C,600000,scorecard
10034430,0.004825,754,A,850000,scorecard
10034502,0.003322,756,A,750000,scorecard
10034539,0.025487,637,C,450000,scorecard
10034542,0.024791,646,B,450000,scorecard
10034576,0.099221,619,C,400000,scorecard
10034583,0.063433,644,B,400000,scorecard
10034589,0.010395,690,A,1000000,scorecard
10034606,1e-06,1224,A,650000,scorecard
10034617,0.066723,579,D,400000,control
10034618,0.011038,690,A,550000,scorecard
10034620,0.003936,754,A,550000,scorecard
10034621,0.010395,690,A,600000,scorecard
10034624,0.010395,690,A,450000,scorecard
10034627,0.103111,676,B,400000,scorecard
10034629,0.039603,619,C,600000,scorecard
10034630,0.017879,690,A,400000,scorecard
10034646,0.026558,689,A,1000000,scorecard
10034668,0.029526,689,A,550000,scorecard
10034682,0.010395,690,A,650000,scorecard
10034690,0.012446,756,A,1000000,scorecard
10034693,0.034344,690,A,550000,scorecard
10034707,0.01432,689,A,700000,scorecard
10034723,0.022222,646,B,750000,scorecard
10034731,0.018386,690,A,600000,scorecard
10034743,0.244539,601,C,550000,scorecard
10034765,0.017727,690,A,1000000,scorecard
10034775,0.010395,690,A,500000,scorecard
10034791,0.034565,619,C,600000,scorecard
10034794,0.062111,601,C,400000,scorecard
10034802,0.010601,689,A,1000000,scorecard
10034804,0.005459,756,A,400000,scorecard
10034816,0.022622,690,A,400000,scorecard
10034842,0.014096,690,A,550000,scorecard
10034853,0.046752,601,C,600000,scorecard
10034856,0.034565,619,C,400000,scorecard
10034864,0.013431,754,A,450000,scorecard
10034867,0.003322,756,A,450000,scorecard
10034880,0.003815,754,A,550000,scorecard
10034896,0.003436,754,A,400000,scorecard
10034906,0.003436,754,A,1000000,scorecard
10034924,0.01276,689,A,1000000,scorecard
10034948,0.010395,690,A,400000,scorecard
10034949,0.010601,689,A,1000000,scorecard
10034968,0.037901,614,C,500000,scorecard
10034981,0.092634,619,C,550000,scorecard
10035003,0.011234,689,A,450000,scorecard
10035005,0.015867,680,A,400000,scorecard
10035040,5e-06,1224,A,600000,scorecard
10035053,0.010395,690,A,750000,scorecard
10035099,0.007994,756,A,800000,scorecard
10035109,0.026638,676,B,550000,scorecard
10035117,0.028391,631,C,450000,scorecard
10035121,0.003436,754,A,650000,scorecard
10035134,0.075126,671,B,800000,scorecard
10035154,0.025842,690,A,400000,scorecard
10035167,0.014557,690,A,400000,scorecard
10035175,0.023683,689,A,700000,scorecard
10035176,0.028391,631,C,450000,scorecard
10035203,0.015127,690,A,400000,scorecard
10035217,0.046752,601,C,600000,scorecard
10035222,0.014506,676,B,500000,scorecard
10035226,0.010601,689,A,1000000,scorecard
10035238,0.004124,756,A,400000,scorecard
10035250,0.050464,637,C,450000,scorecard
10035259,0.025985,646,B,800000,scorecard
10035264,0.017402,675,B,400000,scorecard
10035276,0.009156,756,A,450000,scorecard
10035292,0.062101,690,A,600000,scorecard
10035298,0.007353,710,A,550000,scorecard
10035308,0.051793,644,B,500000,scorecard
10035320,0.028391,631,C,600000,scorecard
10035324,5e-06,1224,A,500000,scorecard
10035331,0.016868,676,B,600000,scorecard
10035352,0.1504,619,C,600000,scorecard
10035353,0.090328,631,C,550000,scorecard
10035360,0.003965,756,A,550000,scorecard
10035391,0.010395,690,A,400000,scorecard
10035392,0.027004,676,B,450000,scorecard
10035395,0.028745,637,C,500000,scorecard
10035416,0.012277,690,A,500000,scorecard
10035419,0.035293,689,A,400000,scorecard
10035428,0.010601,689,A,650000,scorecard
10035468,0.00687,754,A,450000,scorecard
10035472,0.044238,676,B,400000,scorecard
10035479,0.010801,690,A,450000,scorecard
10035511,0.051244,680,A,550000,scorecard
10035582,0.022222,646,B,600000,scorecard
10035594,0.010395,690,A,800000,scorecard
10035607,0.070471,631,C,600000,scorecard
10035629,0.072264,700,A,900000,scorecard
10035634,0.159957,601,C,600000,scorecard
10035642,0.005229,754,A,500000,scorecard
10035646,0.034433,690,A,700000,scorecard
10035658,0.048477,690,A,450000,scorecard
10035664,0.085776,627,C,400000,scorecard
10035704,0.028391,631,C,400000,scorecard
10035737,0.028391,631,C,600000,scorecard
10035769,0.012346,680,A,1000000,scorecard
10035773,0.016275,690,A,1000000,scorecard
10035782,0.048549,619,C,600000,scorecard
10035804,0.015987,690,A,600000,scorecard
10035815,0.011954,689,A,500000,scorecard
10035831,0.021139,690,A,450000,scorecard
10035833,0.003322,756,A,400000,scorecard
10035848,0.031977,631,C,600000,scorecard
10035874,0.003436,754,A,650000,scorecard
10035885,0.012346,680,A,1000000,scorecard
10035891,0.054223,631,C,600000,scorecard
10035901,0.051388,637,C,400000,scorecard
10035912,0.035103,640,B,500000,scorecard
10035917,0.105617,619,C,600000,scorecard
10035928,0.010601,689,A,650000,scorecard
10035942,0.024686,646,B,550000,scorecard
10035954,0.020686,690,A,650000,scorecard
10035986,0.045113,631,C,600000,scorecard
10035987,0.010395,690,A,400000,scorecard
10035994,0.057875,689,A,1000000,scorecard
10035996,0.034565,619,C,400000,scorecard
10035997,0.064372,601,C,450000,scorecard
10035998,0.03796,689,A,700000,scorecard
10036016,0.015812,690,A,400000,scorecard
10036030,0.036458,616,C,600000,scorecard
10036052,0.033293,637,C,600000,scorecard
10036058,0.034565,619,C,500000,scorecard
10036071,0.012346,680,A,600000,scorecard
10036132,0.012888,690,A,1000000,scorecard
10036152,0.010395,690,A,400000,scorecard
10036156,0.049623,646,B,800000,scorecard
10036167,0.010395,690,A,600000,scorecard
10036183,0.016062,690,A,750000,scorecard
10036213,0.028395,632,C,500000,scorecard
10036217,0.022222,646,B,450000,scorecard
10036235,0.003721,756,A,600000,scorecard
10036239,0.022222,646,B,450000,scorecard
10036244,0.022869,644,B,600000,scorecard
10036245,0.012841,690,A,450000,scorecard
10036249,0.048446,637,C,600000,scorecard
10036256,0.013333,676,B,450000,scorecard
10036257,0.012346,680,A,550000,scorecard
10036264,0.046752,601,C,550000,scorecard
10036269,0.00376,756,A,450000,scorecard
10036278,0.034565,619,C,600000,scorecard
10036332,0.010557,754,A,450000,scorecard
10036346,0.022696,646,B,400000,scorecard
10036354,5e-06,1224,A,700000,scorecard
10036361,0.024878,646,B,400000,scorecard
10036367,0.034499,680,A,950000,scorecard
10036373,0.003436,754,A,950000,scorecard
10036416,0.022869,644,B,800000,scorecard
10036443,0.034565,619,C,600000,scorecard
10036456,0.040676,619,C,450000,scorecard
10036457,0.006249,754,A,500000,scorecard
10036464,0.022869,644,B,800000,scorecard
10036471,0.030612,627,C,400000,scorecard
10036524,0.028391,631,C,550000,scorecard
10036532,0.017504,756,A,700000,scorecard
10036537,0.015811,689,A,1000000,scorecard
10036542,0.034565,619,C,400000,scorecard
10036561,0.010601,689,A,1000000,scorecard
10036562,1e-06,1224,A,450000,scorecard
10036570,0.034913,646,B,500000,scorecard
10036573,0.021098,690,A,950000,scorecard
10036578,0.012573,689,A,850000,scorecard
10036586,0.003436,754,A,650000,scorecard
10036596,0.00848,754,A,650000,scorecard
10036619,0.010395,690,A,550000,scorecard
10036650,0.010395,690,A,450000,scorecard
10036670,0.073734,616,C,400000,scorecard
10036679,0.022869,644,B,800000,scorecard
10036682,0.010395,690,A,400000,scorecard
10036684,0.040272,690,A,400000,scorecard
10036691,0.155359,640,B,500000,scorecard
10036697,1e-06,1224,A,1000000,scorecard
10036699,0.010395,690,A,550000,scorecard
10036703,0.027778,632,C,600000,scorecard
10036721,0.024355,680,A,400000,scorecard
10036722,0.013886,756,A,500000,scorecard
10036743,0.027265,644,B,500000,scorecard
10036757,0.010601,689,A,650000,scorecard
10036765,0.010601,689,A,450000,scorecard
10036817,0.186982,601,C,600000,scorecard
10036831,0.010601,689,A,600000,scorecard
10036859,0.047465,690,A,500000,scorecard
10036862,0.025487,637,C,600000,scorecard
10036863,0.014478,754,A,450000,scorecard
10036921,0.046752,601,C,600000,scorecard
10036924,0.023902,689,A,950000,scorecard
10036925,0.007213,754,A,450000,scorecard
10036934,0.066723,579,D,400000,control
10036939,0.011532,689,A,500000,scorecard
10036955,0.010705,754,A,650000,scorecard
10036961,0.09643,601,C,450000,scorecard
10036971,2e-06,1224,A,650000,scorecard
10036975,0.025487,637,C,500000,scorecard
10036987,0.028391,631,C,400000,scorecard
10036988,0.013333,676,B,550000,scorecard
10036994,0.022869,644,B,450000,scorecard
10037004,0.129409,627,C,450000,scorecard
10037029,0.014338,690,A,400000,scorecard
10037062,0.030766,644,B,500000,scorecard
10037067,0.010395,690,A,450000,scorecard
10037074,0.042024,689,A,500000,scorecard
10037075,0.042048,690,A,400000,scorecard
10037087,0.003436,754,A,800000,scorecard
10037090,0.035957,637,C,550000,scorecard
10037104,0.006384,755,A,550000,scorecard
10037118,0.021425,676,B,650000,scorecard
10037133,0.003436,754,A,800000,scorecard
10037134,0.038264,644,B,800000,scorecard
10037138,0.034565,619,C,550000,scorecard
10037145,0.016055,690,A,400000,scorecard
10037164,0.112175,601,C,550000,scorecard
10037173,0.046752,601,C,400000,scorecard
10037201,0.010395,690,A,400000,scorecard
10037245,0.010395,690,A,750000,scorecard
10037266,0.013162,689,A,450000,scorecard
10037269,0.019631,689,A,650000,scorecard
10037275,0.039164,619,C,600000,scorecard
10037301,0.014103,690,A,1000000,scorecard
10037302,0.010601,689,A,650000,scorecard
10037312,0.003322,756,A,550000,scorecard
10037313,0.039904,637,C,550000,scorecard
10037320,1e-06,1224,A,650000,scorecard
10037339,0.021798,754,A,400000,scorecard
10037355,0.046752,601,C,600000,scorecard
10037362,0.030612,627,C,600000,scorecard
10037395,0.066684,646,B,800000,scorecard
10037414,0.046752,601,C,400000,scorecard
10037438,0.033174,689,A,750000,scorecard
10037440,0.012346,680,A,1000000,scorecard
10037441,0.025487,637,C,600000,scorecard
10037448,0.028391,631,C,450000,scorecard
10037450,0.008505,710,A,400000,scorecard
10037459,0.032931,646,B,500000,scorecard
10037461,0.013689,690,A,700000,scorecard
10037482,0.046752,601,C,600000,scorecard
10037507,0.010601,689,A,400000,scorecard
10037509,0.020908,754,A,800000,scorecard
10037521,0.052736,644,B,550000,scorecard
10037554,0.020867,680,A,700000,scorecard
10037565,3e-06,1224,A,450000,scorecard
10037569,0.061158,680,A,800000,scorecard
10037587,0.024531,756,A,450000,scorecard
10037634,2e-06,1224,A,950000,scorecard
10037636,1e-06,1224,A,600000,scorecard
10037638,0.012346,680,A,400000,scorecard
10037646,0.010601,689,A,400000,scorecard
10037647,0.058466,689,A,750000,scorecard
10037658,0.010395,690,A,450000,scorecard
10037686,0.090569,646,B,650000,scorecard
10037691,0.022869,644,B,650000,scorecard
10037708,0.031436,631,C,600000,scorecard
10037710,0.025487,637,C,600000,scorecard
10037712,0.005816,756,A,450000,scorecard
10037713,4e-06,1224,A,400000,scorecard
10037724,0.020754,689,A,400000,scorecard
10037727,0.022222,646,B,800000,scorecard
10037732,0.019794,689,A,600000,scorecard
10037734,0.013298,690,A,400000,scorecard
10037747,0.005883,756,A,550000,scorecard
10037767,0.045572,680,A,750000,scorecard
10037790,0.034412,644,B,750000,scorecard
10037798,0.034565,619,C,600000,scorecard
10037822,0.034565,619,C,600000,scorecard
10037829,0.010395,690,A,450000,scorecard
10037832,0.003322,756,A,400000,scorecard
10037835,0.02214,690,A,400000,scorecard
10037838,0.090167,601,C,500000,scorecard
10037849,0.034565,619,C,600000,scorecard
10037858,0.046752,601,C,450000,scorecard
10037864,1e-06,1224,A,1000000,scorecard
10037881,0.025867,646,B,800000,scorecard
10037899,0.034565,619,C,500000,scorecard
10037903,0.013333,676,B,800000,scorecard
10037943,0.020986,754,A,700000,scorecard
10037958,0.02555,689,A,450000,scorecard
10037959,0.022869,644,B,400000,scorecard
10037962,0.044566,646,B,800000,scorecard
10037970,0.004395,756,A,400000,scorecard
10037982,0.010601,689,A,550000,scorecard
10037989,0.034565,619,C,600000,scorecard
10037997,0.036458,616,C,400000,scorecard
10038024,0.02674,646,B,800000,scorecard
10038037,0.010395,690,A,500000,scorecard
10038039,0.057852,690,A,550000,scorecard
10038047,0.012346,680,A,1000000,scorecard
10038050,2e-06,1224,A,400000,scorecard
10038067,0.029034,646,B,750000,scorecard
10038080,0.01101,710,A,750000,scorecard
10038092,0.094429,644,B,700000,scorecard
10038103,0.067575,690,A,450000,scorecard
10038104,0.003436,754,A,1000000,scorecard
10038126,0.025487,637,C,600000,scorecard
10038127,0.028391,631,C,550000,scorecard
10038128,0.012696,690,A,1000000,scorecard
10038137,0.007353,710,A,450000,scorecard
10038145,0.049698,644,B,800000,scorecard
10038146,0.045028,690,A,450000,scorecard
10038166,0.013333,676,B,800000,scorecard
10038197,0.034311,671,B,650000,scorecard
10038217,0.034074,754,A,400000,scorecard
10038228,0.010601,689,A,650000,scorecard
10038234,0.031119,689,A,600000,scorecard
10038278,0.012477,689,A,700000,scorecard
10038287,0.034984,689,A,400000,scorecard
10038297,0.017096,756,A,550000,scorecard
10038321,0.056747,644,B,750000,scorecard
10038368,0.003436,754,A,1000000,scorecard
10038369,0.003436,754,A,600000,scorecard
10038391,0.049572,627,C,400000,scorecard
10038406,0.004064,754,A,600000,scorecard
10038409,0.00553,756,A,400000,scorecard
10038416,0.036956,689,A,850000,scorecard
10038419,0.032611,690,A,450000,scorecard
10038434,0.046752,601,C,600000,scorecard
10038469,0.028391,631,C,600000,scorecard
10038478,0.028663,646,B,550000,scorecard
10038479,0.05869,619,C,500000,scorecard
10038506,0.034565,619,C,600000,scorecard
10038528,0.016075,690,A,700000,scorecard
10038566,2e-06,1224,A,400000,scorecard
10038595,0.010601,689,A,850000,scorecard
10038597,0.034565,619,C,600000,scorecard
10038600,0.030612,627,C,450000,scorecard
10038610,0.012346,680,A,500000,scorecard
10038632,0.024115,689,A,800000,scorecard
10038652,0.084817,640,B,400000,scorecard
10038653,0.003322,756,A,650000,scorecard
10038664,0.046752,601,C,400000,scorecard
10038670,0.046752,601,C,400000,scorecard
10038681,0.019324,689,A,450000,scorecard
10038752,0.073631,601,C,600000,scorecard
10038779,0.010601,689,A,800000,scorecard
10038784,0.012755,680,A,600000,scorecard
10038788,0.003891,754,A,700000,scorecard
10038789,0.008936,756,A,700000,scorecard
10038793,0.034565,619,C,400000,scorecard
10038796,0.010601,689,A,1000000,scorecard
10038837,0.065837,614,C,550000,scorecard
10038841,0.021683,690,A,550000,scorecard
10038851,0.041192,627,C,550000,scorecard
10038890,0.089083,680,A,450000,scorecard
10038896,0.003436,754,A,400000,scorecard
10038903,0.008964,756,A,800000,scorecard
10038928,0.010601,689,A,400000,scorecard
10038940,0.010395,690,A,450000,scorecard
10038943,0.034565,619,C,400000,scorecard
10038965,0.02439,640,B,400000,scorecard
10038970,0.007353,710,A,400000,scorecard
10038995,0.041501,631,C,600000,scorecard
10038998,0.102039,601,C,600000,scorecard
10039012,0.041986,671,B,800000,scorecard
10039016,0.046279,644,B,700000,scorecard
10039022,0.003322,756,A,500000,scorecard
10039031,0.010601,689,A,550000,scorecard
10039033,0.012346,680,A,450000,scorecard
10039036,0.017555,676,B,500000,scorecard
10039077,0.016222,690,A,500000,scorecard
10039080,0.013316,689,A,650000,scorecard
10039107,0.06165,671,B,650000,scorecard
10039129,0.061727,631,C,600000,scorecard
10039130,0.047138,619,C,550000,scorecard
10039136,0.008515,710,A,450000,scorecard
10039143,0.034565,619,C,400000,scorecard
10039157,0.034565,619,C,600000,scorecard
10039160,0.038609,714,A,450000,scorecard
10039178,0.030612,627,C,550000,scorecard
10039179,0.047728,631,C,450000,scorecard
10039210,0.013522,690,A,900000,scorecard
10039211,0.071309,601,C,450000,scorecard
10039214,0.037386,640,B,550000,scorecard
10039220,0.022222,646,B,800000,scorecard
10039225,0.092643,614,C,500000,scorecard
10039239,0.003436,754,A,400000,scorecard
10039251,0.089043,646,B,750000,scorecard
10039255,0.010395,690,A,400000,scorecard
10039256,0.003894,756,A,750000,scorecard
10039263,0.012346,680,A,900000,scorecard
10039277,0.017548,710,A,400000,scorecard
10039287,0.006557,756,A,400000,scorecard
10039296,0.025457,689,A,650000,scorecard
10039317,0.046955,631,C,450000,scorecard
10039320,0.049246,637,C,500000,scorecard
10039330,0.224685,627,C,400000,scorecard
10039344,0.015877,710,A,600000,scorecard
10039364,0.040414,646,B,400000,scorecard
10039367,0.022222,646,B,800000,scorecard
10039445,0.049493,646,B,450000,scorecard
10039448,0.034565,619,C,400000,scorecard
10039467,0.013284,690,A,700000,scorecard
10039483,0.013333,676,B,400000,scorecard
10039488,0.010395,690,A,400000,scorecard
10039489,0.018075,676,B,800000,scorecard
10039492,0.034565,619,C,600000,scorecard
10039531,0.008988,756,A,800000,scorecard
10039534,0.066776,627,C,600000,scorecard
10039566,2e-06,1224,A,950000,scorecard
10039571,0.028391,631,C,600000,scorecard
10039574,0.022869,644,B,800000,scorecard
10039577,0.006259,754,A,650000,scorecard
10039585,0.122086,619,C,450000,scorecard
10039590,0.034565,619,C,600000,scorecard
10039603,0.047454,690,A,450000,scorecard
10039604,0.013544,689,A,400000,scorecard
10039645,0.025487,637,C,550000,scorecard
10039653,0.018748,656,B,600000,scorecard
10039661,0.034565,619,C,600000,scorecard
10039662,0.010395,690,A,500000,scorecard
10039667,0.003436,754,A,400000,scorecard
10039688,0.050663,646,B,800000,scorecard
10039700,0.046752,601,C,400000,scorecard
10039763,0.005255,754,A,750000,scorecard
10039772,0.022869,644,B,450000,scorecard
10039776,0.010395,690,A,400000,scorecard
10039778,0.012346,680,A,450000,scorecard
10039795,0.010456,690,A,650000,scorecard
10039808,0.017666,689,A,450000,scorecard
10039835,0.059944,646,B,450000,scorecard
10039861,0.044004,627,C,600000,scorecard
10039871,0.012346,680,A,400000,scorecard
10039874,0.08463,690,A,1000000,scorecard
10039877,0.0206,676,B,800000,scorecard
10039935,0.022222,646,B,400000,scorecard
10039965,0.016049,689,A,550000,scorecard
10039983,0.034565,619,C,600000,scorecard
10039984,0.014483,689,A,550000,scorecard
10039995,0.010395,690,A,1000000,scorecard
10040004,0.073533,619,C,400000,scorecard
10040039,0.043097,619,C,500000,scorecard
10040046,0.010601,689,A,600000,scorecard
10040050,0.003322,756,A,500000,scorecard
10040111,0.034565,619,C,600000,scorecard
10040116,0.015421,676,B,800000,scorecard
10040119,0.004428,754,A,1000000,scorecard
10040126,0.003436,754,A,1000000,scorecard
10040137,0.018303,690,A,1000000,scorecard
10040145,0.033859,754,A,500000,scorecard
10040152,0.010395,690,A,400000,scorecard
10040167,0.058845,601,C,400000,scorecard
10040184,0.025487,637,C,450000,scorecard
10040199,0.046752,601,C,600000,scorecard
10040204,0.032835,689,A,450000,scorecard
10040220,0.004716,754,A,550000,scorecard
10040223,0.059287,689,A,500000,scorecard
10040260,0.051531,601,C,400000,scorecard
10040270,0.046752,601,C,550000,scorecard
10040296,0.069111,689,A,450000,scorecard
10040303,0.007353,710,A,1000000,scorecard
10040324,0.034565,619,C,450000,scorecard
10040338,0.031894,680,A,600000,scorecard
10040344,0.012617,690,A,550000,scorecard
10040350,0.022869,644,B,500000,scorecard
10040352,0.072174,616,C,600000,scorecard
10040355,0.026155,644,B,650000,scorecard
10040367,0.030612,627,C,600000,scorecard
10040374,0.004068,756,A,950000,scorecard
10040384,0.049453,690,A,500000,scorecard
10040399,0.022222,646,B,500000,scorecard
10040404,0.0478,601,C,500000,scorecard
10040412,0.003436,754,A,950000,scorecard
10040436,0.015618,689,A,1000000,scorecard
10040440,0.046752,601,C,400000,scorecard
10040471,0.120414,631,C,450000,scorecard
10040472,0.026883,676,B,650000,scorecard
10040509,0.037657,614,C,400000,scorecard
10040532,0.014283,756,A,450000,scorecard
10040549,0.022869,644,B,750000,scorecard
10040552,0.010395,690,A,650000,scorecard
10040560,0.048269,680,A,400000,scorecard
10040561,0.129013,690,A,650000,scorecard
10040563,0.006309,756,A,1000000,scorecard
10040575,0.084121,616,C,600000,scorecard
10040579,0.038362,646,B,600000,scorecard
10040583,0.013488,756,A,550000,scorecard
10040585,0.04803,619,C,400000,scorecard
10040608,0.010601,689,A,800000,scorecard
10040624,0.034565,619,C,450000,scorecard
10040631,0.025537,676,B,450000,scorecard
10040651,0.004751,754,A,400000,scorecard
10040667,0.003322,756,A,1000000,scorecard
10040680,0.001538,813,A,700000,scorecard
10040707,0.003436,754,A,700000,scorecard
10040721,0.020666,756,A,700000,scorecard
10040726,0.011552,690,A,450000,scorecard
10040731,0.010601,689,A,1000000,scorecard
10040747,0.010601,689,A,400000,scorecard
10040766,0.010601,689,A,400000,scorecard
10040792,0.058908,631,C,500000,scorecard
10040803,2e-06,1224,A,400000,scorecard
10040810,0.028391,631,C,450000,scorecard
10040837,0.039005,619,C,400000,scorecard
10040845,0.010601,689,A,650000,scorecard
10040855,0.018236,690,A,650000,scorecard
10040866,0.028422,689,A,600000,scorecard
10040874,0.003322,756,A,800000,scorecard
10040877,0.021661,756,A,450000,scorecard
10040884,0.006155,754,A,850000,scorecard
10040888,0.041643,690,A,650000,scorecard
10040894,0.014653,689,A,1000000,scorecard
10040916,0.029281,690,A,400000,scorecard
10040927,0.003436,754,A,400000,scorecard
10040941,0.025255,646,B,800000,scorecard
10040956,0.005271,756,A,400000,scorecard
10040987,0.036458,616,C,600000,scorecard
10040995,0.022333,671,B,450000,scorecard
10040998,0.004407,754,A,450000,scorecard
10041005,0.024518,680,A,550000,scorecard
10041011,0.03222,680,A,700000,scorecard
10041033,0.034565,619,C,600000,scorecard
10041040,0.010632,754,A,600000,scorecard
10041047,0.009625,756,A,450000,scorecard
10041064,0.022869,644,B,550000,scorecard
10041087,0.030466,646,B,500000,scorecard
10041088,0.005495,754,A,650000,scorecard
10041098,0.08997,601,C,400000,scorecard
10041100,0.03549,690,A,600000,scorecard
10041102,0.023726,646,B,450000,scorecard
10041112,0.033341,756,A,850000,scorecard
10041115,0.009308,754,A,600000,scorecard
10041118,0.010395,690,A,650000,scorecard
10041145,0.003436,754,A,1000000,scorecard
10041147,0.01588,689,A,500000,scorecard
10041150,0.104327,631,C,500000,scorecard
10041153,0.040583,690,A,1000000,scorecard
10041158,0.003322,756,A,800000,scorecard
10041173,0.003436,754,A,600000,scorecard
10041180,0.010395,690,A,650000,scorecard
10041185,0.076661,632,C,400000,scorecard
10041186,0.003322,756,A,450000,scorecard
10041187,0.028355,689,A,450000,scorecard
10041229,0.032501,690,A,500000,scorecard
10041234,0.047989,676,B,550000,scorecard
10041250,0.027778,632,C,400000,scorecard
10041251,0.021368,689,A,400000,scorecard
10041272,0.003436,754,A,1000000,scorecard
10041312,4e-06,1224,A,650000,scorecard
10041340,0.003436,754,A,450000,scorecard
10041353,0.021979,689,A,600000,scorecard
10041392,0.014893,676,B,700000,scorecard
10041393,0.028391,631,C,600000,scorecard
10041401,0.061976,637,C,450000,scorecard
10041425,0.010251,756,A,750000,scorecard
10041432,0.014631,756,A,400000,scorecard
10041454,0.013333,676,B,400000,scorecard
10041490,0.034565,619,C,500000,scorecard
10041499,0.046752,601,C,400000,scorecard
10041507,0.02103,756,A,500000,scorecard
10041516,0.047767,631,C,550000,scorecard
10041531,3e-06,1224,A,900000,scorecard
10041535,0.003322,756,A,700000,scorecard
10041539,0.023859,689,A,600000,scorecard
10041551,0.052145,619,C,450000,scorecard
10041555,0.021878,690,A,600000,scorecard
10041599,0.009965,754,A,1000000,scorecard
10041601,0.010395,690,A,500000,scorecard
10041604,0.022222,646,B,400000,scorecard
10041607,0.02721,689,A,1000000,scorecard
10041623,0.0813,619,C,450000,scorecard
10041641,0.034565,619,C,600000,scorecard
10041643,0.11125,627,C,400000,scorecard
10041649,0.04656,614,C,400000,scorecard
10041660,0.003322,756,A,400000,scorecard
10041666,0.034565,619,C,500000,scorecard
10041679,0.051861,601,C,600000,scorecard
10041704,0.060438,646,B,750000,scorecard
10041707,0.017403,690,A,1000000,scorecard
10041722,0.02439,640,B,650000,scorecard
10041744,0.022222,646,B,400000,scorecard
10041745,0.034565,619,C,400000,scorecard
10041760,0.114821,627,C,400000,scorecard
10041761,0.033158,632,C,500000,scorecard
10041764,0.010395,690,A,650000,scorecard
10041781,0.027453,646,B,550000,scorecard
10041784,0.045184,631,C,500000,scorecard
10041786,0.027778,632,C,400000,scorecard
10041788,0.022869,644,B,550000,scorecard
10041792,0.003322,756,A,450000,scorecard
10041796,0.037601,689,A,450000,scorecard
10041829,0.122863,632,C,550000,scorecard
10041851,0.026728,680,A,550000,scorecard
10041868,0.022189,689,A,700000,scorecard
10041873,1e-06,1224,A,400000,scorecard
10041881,0.024714,689,A,750000,scorecard
10041884,0.064125,646,B,450000,scorecard
10041908,0.046752,601,C,550000,scorecard
10041929,0.037901,614,C,600000,scorecard
10041930,0.023057,646,B,500000,scorecard
10041933,0.025055,690,A,550000,scorecard
10041938,0.028391,631,C,600000,scorecard
10041939,0.028391,631,C,450000,scorecard
10041965,0.015217,689,A,500000,scorecard
10041974,0.036458,616,C,500000,scorecard
10041975,0.00825,742,A,900000,scorecard
10041984,0.045723,676,B,500000,scorecard
10041986,0.034565,619,C,500000,scorecard
10041988,0.005007,756,A,400000,scorecard
10042000,0.022367,690,A,500000,scorecard
10042033,0.041561,689,A,400000,scorecard
10042057,0.046752,601,C,500000,scorecard
10042073,0.027131,634,C,600000,scorecard
10042081,0.047348,616,C,600000,scorecard
10042093,0.015841,690,A,600000,scorecard
10042099,0.011276,690,A,500000,scorecard
10042111,0.034747,689,A,500000,scorecard
10042134,0.034565,619,C,600000,scorecard
10042140,1e-06,1224,A,650000,scorecard
10042147,0.003436,754,A,400000,scorecard
10042172,1e-06,1224,A,700000,scorecard
10042184,0.041333,690,A,1000000,scorecard
10042187,0.036037,637,C,400000,scorecard
10042197,0.034772,646,B,800000,scorecard
10042218,0.055388,644,B,400000,scorecard
10042234,0.012346,680,A,450000,scorecard
10042249,0.046752,601,C,600000,scorecard
10042285,0.012808,754,A,400000,scorecard
10042308,0.005506,754,A,400000,scorecard
10042318,0.029809,632,C,600000,scorecard
10042322,0.027778,632,C,600000,scorecard
10042336,0.010186,756,A,550000,scorecard
10042339,0.013333,676,B,800000,scorecard
10042342,0.022222,646,B,750000,scorecard
10042368,4e-06,1224,A,500000,scorecard
10042372,0.147879,601,C,400000,scorecard
10042376,0.022869,644,B,800000,scorecard
10042379,0.046752,601,C,600000,scorecard
10042389,0.008496,754,A,700000,scorecard
10042423,0.036458,616,C,600000,scorecard
10042433,0.030803,690,A,550000,scorecard
10042437,0.049917,689,A,500000,scorecard
10042467,0.050115,619,C,600000,scorecard
10042472,0.010601,689,A,400000,scorecard
10042477,0.113418,619,C,600000,scorecard
10042484,0.011567,710,A,600000,scorecard
10042493,0.087157,601,C,450000,scorecard
10042522,0.020058,756,A,1000000,scorecard
10042527,0.046752,601,C,600000,scorecard
10042547,0.018386,689,A,400000,scorecard
10042549,0.022869,644,B,800000,scorecard
10042566,0.043863,689,A,400000,scorecard
10042568,0.019709,756,A,400000,scorecard
10042571,0.028391,631,C,600000,scorecard
10042616,0.016683,690,A,450000,scorecard
10042632,0.004193,756,A,1000000,scorecard
10042654,0.010601,689,A,1000000,scorecard
10042664,0.022222,646,B,550000,scorecard
10042669,0.032196,646,B,550000,scorecard
10042683,0.077477,619,C,400000,scorecard
10042702,0.065669,676,B,800000,scorecard
10042720,0.051239,650,B,400000,scorecard
10042729,0.010395,690,A,400000,scorecard
10042732,0.02439,640,B,550000,scorecard
10042734,0.033841,680,A,650000,scorecard
10042745,0.028566,689,A,750000,scorecard
10042756,9e-06,1224,A,500000,scorecard
10042796,0.052137,690,A,550000,scorecard
10042808,0.071335,640,B,400000,scorecard
10042813,0.028707,676,B,800000,scorecard
10042814,0.011469,689,A,1000000,scorecard
10042817,0.074972,619,C,400000,scorecard
10042823,0.003919,756,A,500000,scorecard
10042830,0.037412,619,C,550000,scorecard
10042836,0.022081,690,A,450000,scorecard
10042839,0.012346,680,A,600000,scorecard
10042879,0.053645,640,B,600000,scorecard
10042883,0.008714,710,A,800000,scorecard
10042885,0.131272,619,C,600000,scorecard
10042886,0.085152,637,C,550000,scorecard
10042900,0.013334,676,B,600000,scorecard
10042903,0.013333,676,B,400000,scorecard
10042921,0.013333,676,B,500000,scorecard
10042934,0.034565,619,C,400000,scorecard
10042943,0.034565,619,C,600000,scorecard
10042972,0.065256,676,B,450000,scorecard
10043010,0.040294,631,C,600000,scorecard
10043011,0.006505,754,A,750000,scorecard
10043042,0.025487,637,C,450000,scorecard
10043045,0.012346,680,A,800000,scorecard
10043066,0.022869,644,B,800000,scorecard
10043077,0.028391,631,C,600000,scorecard
10043082,0.022222,646,B,600000,scorecard
10043087,0.010601,689,A,1000000,scorecard
10043090,0.035965,619,C,450000,scorecard
10043098,0.017983,756,A,850000,scorecard
10043099,0.010652,689,A,700000,scorecard
10043142,0.035147,619,C,450000,scorecard
10043159,0.036458,616,C,600000,scorecard
10043161,0.026733,637,C,450000,scorecard
10043186,0.030398,646,B,400000,scorecard
10043202,0.02612,756,A,600000,scorecard
10043221,0.116018,631,C,550000,scorecard
10043226,0.046752,601,C,600000,scorecard
10043239,0.028239,680,A,550000,scorecard
10043244,0.02699,690,A,450000,scorecard
10043287,0.037825,644,B,550000,scorecard
10043304,0.013333,676,B,800000,scorecard
10043306,0.065915,637,C,400000,scorecard
10043307,0.018362,671,B,400000,scorecard
10043315,0.025084,646,B,450000,scorecard
10043334,0.141953,601,C,400000,scorecard
10043347,0.023138,646,B,550000,scorecard
10043353,0.0112,689,A,500000,scorecard
10043355,0.034565,619,C,600000,scorecard
10043365,0.003322,756,A,550000,scorecard
10043366,0.046752,601,C,400000,scorecard
10043411,0.059508,619,C,400000,scorecard
10043426,0.022869,644,B,400000,scorecard
10043444,0.003876,747,A,400000,scorecard
10043458,0.003322,756,A,550000,scorecard
10043474,0.073768,644,B,550000,scorecard
10043496,0.055503,631,C,400000,scorecard
10043506,0.004877,756,A,1000000,scorecard
10043536,0.045195,644,B,700000,scorecard
10043548,0.063352,619,C,600000,scorecard
10043565,0.020014,680,A,500000,scorecard
10043576,0.046752,601,C,400000,scorecard
10043577,0.011074,754,A,500000,scorecard
10043587,0.010395,690,A,500000,scorecard
10043590,0.034565,619,C,400000,scorecard
10043600,0.040389,619,C,500000,scorecard
10043602,0.021038,690,A,400000,scorecard
10043654,0.02657,646,B,500000,scorecard
10043682,0.029754,690,A,450000,scorecard
10043689,0.012346,680,A,800000,scorecard
10043691,0.020861,671,B,800000,scorecard
10043709,0.016971,689,A,400000,scorecard
10043710,0.034565,619,C,600000,scorecard
10043716,0.005423,754,A,650000,scorecard
10043732,0.049453,601,C,500000,scorecard
10043753,0.084906,601,C,400000,scorecard
10043777,0.027929,689,A,1000000,scorecard
10043780,0.100817,553,E,400000,control
10043830,0.040876,690,A,450000,scorecard
10043872,0.020989,689,A,450000,scorecard
10043881,0.034565,619,C,600000,scorecard
10043888,0.003322,756,A,600000,scorecard
10043902,0.035031,618,C,400000,scorecard
10043929,0.022222,646,B,600000,scorecard
10043937,0.038732,671,B,400000,scorecard
10043950,0.055329,689,A,1000000,scorecard
10043958,0.004531,756,A,850000,scorecard
10043969,0.003436,754,A,500000,scorecard
10043975,0.003459,756,A,500000,scorecard
10043985,0.051811,689,A,850000,scorecard
10043988,0.010601,689,A,700000,scorecard
10043997,0.08593,631,C,400000,scorecard
10044008,0.034565,619,C,450000,scorecard
10044010,0.010395,690,A,450000,scorecard
10044014,0.034501,690,A,400000,scorecard
10044019,0.009588,756,A,500000,scorecard
10044052,0.028391,631,C,600000,scorecard
10044063,0.025487,637,C,400000,scorecard
10044093,0.010395,690,A,400000,scorecard
10044118,0.128722,601,C,500000,scorecard
10044141,0.019505,690,A,700000,scorecard
10044155,0.012346,680,A,1000000,scorecard
10044165,2e-06,1224,A,800000,scorecard
10044167,0.010601,689,A,400000,scorecard
10044169,0.123485,601,C,600000,scorecard
10044170,0.010614,690,A,1000000,scorecard
10044174,0.005123,754,A,400000,scorecard
10044184,0.035635,631,C,400000,scorecard
10044189,0.029993,637,C,600000,scorecard
10044191,0.042445,631,C,400000,scorecard
10044192,0.039458,640,B,550000,scorecard
10044208,0.010601,689,A,400000,scorecard
10044233,0.0834,637,C,550000,scorecard
10044285,0.026742,689,A,500000,scorecard
10044291,0.118137,619,C,500000,scorecard
10044300,0.037901,614,C,550000,scorecard
10044309,0.046752,601,C,600000,scorecard
10044314,0.015031,690,A,450000,scorecard
10044332,0.086636,644,B,550000,scorecard
10044337,0.029289,632,C,600000,scorecard
10044361,0.028391,631,C,600000,scorecard
10044383,0.046752,601,C,600000,scorecard
10044422,0.010395,690,A,800000,scorecard
10044428,0.066723,579,D,400000,control
10044429,0.012004,689,A,1000000,scorecard
10044444,0.034982,627,C,450000,scorecard
10044452,0.007353,710,A,550000,scorecard
10044461,0.003436,754,A,500000,scorecard
10044468,0.046752,601,C,600000,scorecard
10044471,0.020808,690,A,500000,scorecard
10044472,0.026603,640,B,500000,scorecard
10044527,0.017248,690,A,750000,scorecard
10044528,0.01622,690,A,750000,scorecard
10044537,0.003436,754,A,500000,scorecard
10044547,0.010601,689,A,800000,scorecard
10044553,0.092892,601,C,450000,scorecard
10044589,0.010708,756,A,1000000,scorecard
10044591,0.011034,689,A,550000,scorecard
10044592,0.034565,619,C,400000,scorecard
10044613,0.003322,756,A,650000,scorecard
10044619,2e-06,1224,A,400000,scorecard
10044627,0.03371,646,B,550000,scorecard
10044636,0.010395,690,A,650000,scorecard
10044639,0.022869,644,B,700000,scorecard
10044652,0.010395,690,A,500000,scorecard
10044662,0.029963,631,C,600000,scorecard
10044663,0.100366,619,C,450000,scorecard
10044681,0.037657,614,C,600000,scorecard
10044702,0.034565,619,C,600000,scorecard
10044704,0.036458,616,C,400000,scorecard
10044710,0.010395,690,A,400000,scorecard
10044715,0.010601,689,A,400000,scorecard
10044716,0.013033,756,A,600000,scorecard
10044720,0.014953,690,A,800000,scorecard
10044776,0.011629,690,A,500000,scorecard
10044778,0.034565,619,C,600000,scorecard
10044787,0.063674,619,C,400000,scorecard
10044810,0.028391,631,C,600000,scorecard
10044846,0.052246,619,C,500000,scorecard
10044848,0.008593,710,A,400000,scorecard
10044876,0.129871,680,A,450000,scorecard
10044884,0.046752,601,C,600000,scorecard
10044911,0.013333,676,B,800000,scorecard
10044912,0.06423,631,C,600000,scorecard
10044931,0.046752,601,C,450000,scorecard
10044935,0.003436,754,A,500000,scorecard
10044937,0.017337,756,A,500000,scorecard
10044956,0.025487,637,C,600000,scorecard
10044958,0.077504,646,B,400000,scorecard
10044979,0.024418,754,A,450000,scorecard
10045006,0.024382,676,B,550000,scorecard
10045029,0.036458,616,C,600000,scorecard
10045060,0.051428,631,C,450000,scorecard
10045089,0.028391,631,C,400000,scorecard
10045099,0.01275,756,A,450000,scorecard
10045112,0.039597,631,C,450000,scorecard
10045117,0.010395,690,A,650000,scorecard
10045124,0.004195,756,A,400000,scorecard
10045126,0.031685,637,C,550000,scorecard
10045133,0.013333,676,B,550000,scorecard
10045147,0.066098,627,C,400000,scorecard
10045159,0.004201,754,A,950000,scorecard
10045163,0.013333,676,B,550000,scorecard
10045194,0.039585,690,A,400000,scorecard
10045195,0.003818,754,A,550000,scorecard
10045199,0.013333,676,B,500000,scorecard
10045231,0.014493,671,B,450000,scorecard
10045240,0.07442,637,C,450000,scorecard
10045249,0.015916,689,A,450000,scorecard
10045252,0.037901,614,C,600000,scorecard
10045254,0.013333,676,B,500000,scorecard
10045270,0.014203,690,A,600000,scorecard
10045271,0.061396,631,C,600000,scorecard
10045272,0.037901,614,C,500000,scorecard
10045276,0.003436,754,A,450000,scorecard
10045287,4e-06,1224,A,400000,scorecard
10045290,0.014311,689,A,1000000,scorecard
10045300,0.044954,676,B,600000,scorecard
10045324,0.010395,690,A,1000000,scorecard
10045342,0.037901,614,C,600000,scorecard
10045350,0.091069,676,B,550000,scorecard
10045351,0.003436,754,A,850000,scorecard
10045356,0.006494,756,A,450000,scorecard
10045364,0.003322,756,A,400000,scorecard
10045367,0.034565,619,C,450000,scorecard
10045377,0.012346,680,A,1000000,scorecard
10045412,0.010395,690,A,450000,scorecard
10045416,0.025487,637,C,600000,scorecard
10045447,0.101638,631,C,450000,scorecard
10045470,0.025286,678,B,500000,scorecard
10045487,0.022222,646,B,600000,scorecard
10045536,0.009842,756,A,700000,scorecard
10045551,0.027778,632,C,600000,scorecard
10045556,0.034565,619,C,450000,scorecard
10045592,0.010601,689,A,450000,scorecard
10045621,0.010395,690,A,550000,scorecard
10045627,0.06993,601,C,600000,scorecard
10045655,0.140834,640,B,800000,scorecard
10045677,0.012086,756,A,450000,scorecard
10045683,0.046752,601,C,450000,scorecard
10045686,0.022222,646,B,800000,scorecard
10045688,0.050965,680,A,450000,scorecard
10045709,0.03953,689,A,1000000,scorecard
10045715,0.013963,690,A,400000,scorecard
10045724,0.053422,690,A,650000,scorecard
10045730,0.046752,601,C,400000,scorecard
10045740,9e-06,1224,A,450000,scorecard
10045742,0.014446,690,A,750000,scorecard
10045758,0.034565,619,C,600000,scorecard
10045759,0.010395,690,A,800000,scorecard
10045771,0.046752,601,C,600000,scorecard
10045786,0.007888,754,A,800000,scorecard
10045802,0.078708,646,B,400000,scorecard
10045813,0.027942,680,A,400000,scorecard
10045837,0.012144,710,A,450000,scorecard
10045853,0.003322,756,A,450000,scorecard
10045871,0.025487,637,C,600000,scorecard
10045881,0.015736,754,A,400000,scorecard
10045887,0.041601,646,B,650000,scorecard
10045961,0.008444,756,A,450000,scorecard
10045962,0.003322,756,A,400000,scorecard
10045967,0.026242,710,A,850000,scorecard
10045969,0.064405,690,A,500000,scorecard
10045970,0.035579,619,C,600000,scorecard
10045981,0.004761,756,A,600000,scorecard
10046006,0.109396,619,C,450000,scorecard
10046021,0.015912,754,A,450000,scorecard
10046022,0.048561,637,C,450000,scorecard
10046040,0.025487,637,C,400000,scorecard
10046055,0.010601,689,A,400000,scorecard
10046057,0.006988,756,A,750000,scorecard
10046060,0.003322,756,A,450000,scorecard
10046077,0.010395,690,A,450000,scorecard
10046088,0.046752,601,C,600000,scorecard
10046115,0.039381,619,C,600000,scorecard
10046120,0.025454,680,A,1000000,scorecard
10046131,0.004943,754,A,450000,scorecard
10046151,0.003322,756,A,1000000,scorecard
10046163,0.051151,676,B,800000,scorecard
10046175,0.012346,680,A,1000000,scorecard
10046211,0.003736,754,A,400000,scorecard
10046229,0.028391,631,C,600000,scorecard
10046267,0.031146,680,A,1000000,scorecard
10046272,0.015995,690,A,450000,scorecard
10046295,0.032297,644,B,800000,scorecard
10046309,0.008005,754,A,500000,scorecard
10046332,0.130956,646,B,400000,scorecard
10046367,0.046752,601,C,600000,scorecard
10046375,0.017733,690,A,850000,scorecard
10046397,0.010395,690,A,700000,scorecard
10046412,0.003436,754,A,550000,scorecard
10046418,0.025487,637,C,450000,scorecard
10046441,0.037286,640,B,800000,scorecard
10046450,0.031234,646,B,650000,scorecard
10046455,0.061052,644,B,400000,scorecard
10046476,0.028391,631,C,600000,scorecard
10046482,0.007165,712,A,450000,scorecard
10046506,0.046752,601,C,450000,scorecard
10046514,0.120471,614,C,400000,scorecard
10046516,0.008041,754,A,500000,scorecard
10046520,0.006236,756,A,500000,scorecard
10046524,0.010601,689,A,600000,scorecard
10046531,2e-06,1224,A,1000000,scorecard
10046535,0.028391,631,C,450000,scorecard
10046557,1e-06,1224,A,600000,scorecard
10046558,0.003322,756,A,450000,scorecard
10046559,1e-06,1224,A,1000000,scorecard
10046569,0.015469,676,B,500000,scorecard
10046594,0.027778,632,C,600000,scorecard
10046595,0.010395,690,A,550000,scorecard
10046602,0.013333,676,B,550000,scorecard
10046627,0.034565,619,C,600000,scorecard
10046653,0.03031,646,B,450000,scorecard
10046714,0.037427,619,C,600000,scorecard
10046717,0.010395,690,A,650000,scorecard
10046746,0.116911,640,C,600000,scorecard
10046747,0.048767,601,C,600000,scorecard
10046763,0.055225,710,A,400000,scorecard
10046769,0.012346,680,A,850000,scorecard
10046810,1e-06,1224,A,1000000,scorecard
10046853,0.052061,619,C,400000,scorecard
10046862,0.004225,756,A,600000,scorecard
10046865,0.003436,754,A,1000000,scorecard
10046883,0.003322,756,A,400000,scorecard
10046884,0.048169,619,C,450000,scorecard
10046898,0.054183,690,A,550000,scorecard
10046918,0.006264,754,A,600000,scorecard
10046922,0.06086,601,C,600000,scorecard
10046923,0.030612,627,C,600000,scorecard
10046932,0.035069,637,C,600000,scorecard
10046936,0.004435,756,A,650000,scorecard
10046949,0.064194,680,A,400000,scorecard
10046978,0.003322,756,A,400000,scorecard
10046990,0.010601,689,A,400000,scorecard
10047007,0.014493,671,B,800000,scorecard
10047037,0.07351,619,C,550000,scorecard
10047069,0.185292,632,C,400000,scorecard
10047070,0.049154,601,C,500000,scorecard
10047081,0.028391,631,C,400000,scorecard
10047085,0.003436,754,A,900000,scorecard
10047086,0.040409,631,C,600000,scorecard
10047123,0.003436,754,A,1000000,scorecard
10047135,0.024401,671,B,800000,scorecard
10047139,0.010395,690,A,400000,scorecard
10047150,0.014676,676,B,400000,scorecard
10047179,0.012151,689,A,450000,scorecard
10047182,0.020695,756,A,750000,scorecard
10047187,0.055342,646,B,450000,scorecard
10047188,0.021369,689,A,1000000,scorecard
10047191,0.022869,644,B,400000,scorecard
10047215,0.003436,754,A,600000,scorecard
10047221,0.010395,690,A,400000,scorecard
10047225,0.042744,690,A,600000,scorecard
10047230,0.003436,754,A,1000000,scorecard
10047264,0.030612,627,C,600000,scorecard
10047274,0.117152,644,B,400000,scorecard
10047304,0.065568,637,C,550000,scorecard
10047323,0.079662,676,B,650000,scorecard
10047332,0.046752,601,C,600000,scorecard
10047374,0.112931,619,C,600000,scorecard
10047378,0.022527,689,A,400000,scorecard
10047382,0.025487,637,C,600000,scorecard
10047384,0.028391,631,C,500000,scorecard
10047410,0.003322,756,A,800000,scorecard
10047423,0.014493,671,B,700000,scorecard
10047432,0.009932,710,A,750000,scorecard
10047446,0.079675,680,A,500000,scorecard
10047458,0.035028,710,A,1000000,scorecard
10047462,0.010601,689,A,400000,scorecard
10047473,0.00771,756,A,700000,scorecard
10047484,0.010957,689,A,700000,scorecard
10047497,0.046752,601,C,600000,scorecard
10047506,0.003436,754,A,400000,scorecard
10047509,0.043646,627,C,600000,scorecard
10047521,0.058341,637,C,500000,scorecard
10047532,0.003436,754,A,400000,scorecard
10047543,0.005034,756,A,450000,scorecard
10047544,0.010537,756,A,550000,scorecard
10047563,0.010601,689,A,450000,scorecard
10047565,1e-06,1224,A,650000,scorecard
10047569,0.077253,601,C,500000,scorecard
10047597,0.010395,690,A,500000,scorecard
10047603,0.075338,631,C,500000,scorecard
10047607,0.005344,756,A,400000,scorecard
10047608,0.022869,644,B,450000,scorecard
10047612,0.081819,631,C,500000,scorecard
10047618,0.078855,619,C,600000,scorecard
10047622,0.007713,756,A,1000000,scorecard
10047634,1e-06,1224,A,650000,scorecard
10047653,0.102056,631,C,500000,scorecard
10047661,0.117424,579,D,400000,control
10047680,0.06728,601,C,550000,scorecard
10047688,0.028803,646,B,800000,scorecard
10047690,0.028391,631,C,600000,scorecard
10047708,0.028391,631,C,400000,scorecard
10047715,0.003322,756,A,400000,scorecard
10047741,0.028391,631,C,550000,scorecard
10047753,0.007096,756,A,450000,scorecard
10047762,0.013333,676,B,750000,scorecard
10047770,0.024377,690,A,600000,scorecard
10047784,0.052561,619,C,600000,scorecard
10047792,0.023715,690,A,600000,scorecard
10047793,0.028391,631,C,600000,scorecard
10047831,0.006769,756,A,550000,scorecard
10047855,0.016144,689,A,600000,scorecard
10047861,0.032819,644,B,400000,scorecard
10047882,0.019249,671,B,500000,scorecard
10047887,0.028391,631,C,450000,scorecard
10047906,0.096721,601,C,550000,scorecard
10047908,0.106439,619,C,600000,scorecard
10047922,0.010395,690,A,400000,scorecard
10047959,0.034565,619,C,400000,scorecard
10047986,1e-06,1224,A,450000,scorecard
10047990,0.028018,689,A,400000,scorecard
10048004,1e-06,1224,A,500000,scorecard
10048010,0.010601,689,A,600000,scorecard
10048017,0.056231,646,B,450000,scorecard
10048023,0.028391,631,C,450000,scorecard
10048026,0.025472,646,B,500000,scorecard
10048031,0.108029,614,C,600000,scorecard
10048043,0.145787,644,B,450000,scorecard
10048048,0.003322,756,A,400000,scorecard
10048063,0.038402,637,C,600000,scorecard
10048070,0.008323,756,A,500000,scorecard
10048071,0.02979,690,A,550000,scorecard
10048073,0.003322,756,A,450000,scorecard
10048110,0.016615,689,A,500000,scorecard
10048151,0.003436,754,A,1000000,scorecard
10048156,0.036078,619,C,400000,scorecard
10048162,0.019312,676,B,500000,scorecard
10048164,0.026388,689,A,800000,scorecard
10048210,0.010601,689,A,600000,scorecard
10048211,0.017521,680,A,1000000,scorecard
10048236,0.022824,689,A,1000000,scorecard
10048242,0.067552,632,C,400000,scorecard
10048267,0.022728,754,A,400000,scorecard
10048273,0.025028,690,A,600000,scorecard
10048283,0.030612,627,C,600000,scorecard
10048292,0.028391,631,C,600000,scorecard
10048309,0.021162,690,A,400000,scorecard
10048320,0.034585,644,B,550000,scorecard
10048384,0.054125,601,C,400000,scorecard
10048409,0.011061,690,A,400000,scorecard
10048417,0.013837,710,A,550000,scorecard
10048434,0.038741,631,C,400000,scorecard
10048435,0.029475,689,A,600000,scorecard
10048440,0.030612,627,C,450000,scorecard
10048446,0.049101,676,B,400000,scorecard
10048453,0.037901,614,C,400000,scorecard
10048477,0.017569,690,A,400000,scorecard
10048519,0.03756,646,B,800000,scorecard
10048521,4e-06,1224,A,400000,scorecard
10048527,0.034565,619,C,550000,scorecard
10048529,0.027778,632,C,450000,scorecard
10048546,0.034565,619,C,400000,scorecard
10048548,0.02439,640,B,550000,scorecard
10048585,0.046752,601,C,400000,scorecard
10048610,0.028391,631,C,450000,scorecard
10048624,0.015816,689,A,500000,scorecard
10048625,0.002284,778,A,450000,scorecard
10048632,0.070775,689,A,800000,scorecard
10048641,0.046752,601,C,600000,scorecard
10048647,0.10129,601,C,450000,scorecard
10048655,0.128042,640,B,800000,scorecard
10048670,0.02394,710,A,900000,scorecard
10048709,0.02872,640,B,800000,scorecard
10048717,0.049527,644,B,800000,scorecard
10048738,0.010395,690,A,400000,scorecard
10048744,0.026132,676,B,400000,scorecard
10048749,2e-06,1224,A,550000,scorecard
10048750,0.010601,689,A,450000,scorecard
10048760,0.046752,601,C,450000,scorecard
10048786,0.034565,619,C,600000,scorecard
10048789,0.032792,680,A,600000,scorecard
10048819,0.022222,646,B,600000,scorecard
10048822,0.003853,754,A,850000,scorecard
10048824,0.016012,676,B,450000,scorecard
10048829,0.003322,756,A,650000,scorecard
10048834,0.036195,676,B,800000,scorecard
10048846,0.028391,631,C,400000,scorecard
10048847,0.079237,644,B,600000,scorecard
10048851,0.05512,601,C,400000,scorecard
10048859,0.061215,676,B,500000,scorecard
10048868,0.010925,756,A,400000,scorecard
10048890,0.013344,756,A,550000,scorecard
10048910,0.010395,690,A,1000000,scorecard
10048917,0.015894,690,A,1000000,scorecard
10048953,1e-06,1224,A,400000,scorecard
10048961,0.010712,689,A,400000,scorecard
10048994,0.035375,680,A,450000,scorecard
10049002,0.008603,756,A,450000,scorecard
10049015,0.117458,627,C,400000,scorecard
10049029,0.025975,690,A,1000000,scorecard
10049048,0.091943,637,C,450000,scorecard
10049069,0.010601,689,A,450000,scorecard
10049078,0.012346,680,A,450000,scorecard
10049087,0.012002,710,A,650000,scorecard
10049097,0.028391,631,C,550000,scorecard
10049112,0.01318,689,A,500000,scorecard
10049120,0.010601,689,A,850000,scorecard
10049122,0.038694,637,C,400000,scorecard
10049162,0.048311,627,C,500000,scorecard
10049174,0.049384,631,C,450000,scorecard
10049185,0.010601,689,A,1000000,scorecard
10049214,0.024441,646,B,550000,scorecard
10049215,0.008559,754,A,400000,scorecard
10049248,0.023062,671,B,400000,scorecard
10049251,0.027778,632,C,550000,scorecard
10049278,0.085714,564,D,400000,control
10049284,0.003436,754,A,400000,scorecard
10049288,0.012346,680,A,550000,scorecard
10049299,0.010395,690,A,450000,scorecard
10049300,0.032591,676,B,700000,scorecard
10049313,0.034565,619,C,600000,scorecard
10049343,0.063091,619,C,500000,scorecard
10049358,0.030612,627,C,550000,scorecard
10049384,0.059012,601,C,500000,scorecard
10049456,0.05036,644,B,500000,scorecard
10049457,0.013333,676,B,650000,scorecard
10049459,0.185079,627,C,500000,scorecard
10049469,0.073595,616,C,450000,scorecard
10049491,0.013333,676,B,450000,scorecard
10049509,0.029121,630,C,600000,scorecard
10049542,0.01361,680,A,500000,scorecard
10049550,0.025487,637,C,600000,scorecard
10049553,0.025487,637,C,400000,scorecard
10049556,0.011647,690,A,600000,scorecard
10049564,0.052255,601,C,500000,scorecard
10049581,0.012063,689,A,450000,scorecard
10049604,0.028391,631,C,600000,scorecard
10049607,0.139703,601,C,550000,scorecard
10049612,0.040275,646,B,550000,scorecard
10049644,0.020195,690,A,600000,scorecard
10049688,0.047835,601,C,400000,scorecard
10049696,0.022222,646,B,700000,scorecard
10049705,0.018771,690,A,450000,scorecard
10049708,0.097372,631,C,500000,scorecard
10049727,0.022222,646,B,500000,scorecard
10049731,0.013333,676,B,600000,scorecard
10049762,0.023342,754,A,950000,scorecard
10049867,0.010601,689,A,950000,scorecard
10049879,0.037782,614,C,450000,scorecard
10049881,0.090054,676,B,400000,scorecard
10049893,0.057304,619,C,600000,scorecard
10049902,0.08593,689,A,550000,scorecard
10049914,1e-06,1224,A,600000,scorecard
10049936,0.041535,631,C,550000,scorecard
10049966,0.019291,690,A,400000,scorecard
10049967,0.003436,754,A,500000,scorecard
10049970,0.034565,619,C,500000,scorecard
10049971,0.028684,676,B,800000,scorecard
10049975,0.034565,619,C,600000,scorecard
10050006,0.010911,710,A,450000,scorecard
10050020,0.012706,754,A,600000,scorecard
10050028,0.025487,637,C,500000,scorecard
10050034,0.028391,631,C,500000,scorecard
10050037,0.028391,631,C,400000,scorecard
10050038,0.03174,646,B,600000,scorecard
10050055,0.011945,754,A,800000,scorecard
10050057,0.010395,690,A,400000,scorecard
10050100,0.010395,690,A,700000,scorecard
10050137,0.011391,690,A,400000,scorecard
10050138,0.0241,680,A,500000,scorecard
10050142,1e-06,1224,A,1000000,scorecard
10050143,0.003436,754,A,400000,scorecard
10050182,0.015407,690,A,650000,scorecard
10050186,0.022222,646,B,400000,scorecard
10050195,0.023286,754,A,550000,scorecard
10050197,0.032036,632,C,500000,scorecard
10050198,0.004625,756,A,700000,scorecard
10050204,0.003322,756,A,1000000,scorecard
10050234,0.0219,689,A,1000000,scorecard
10050244,0.006932,716,A,1000000,scorecard
10050249,0.111226,619,C,400000,scorecard
10050250,0.011156,690,A,500000,scorecard
10050260,8e-06,1224,A,400000,scorecard
10050283,0.012261,690,A,450000,scorecard
10050291,0.062189,601,C,400000,scorecard
10050295,0.013342,676,B,400000,scorecard
10050309,0.048397,637,C,450000,scorecard
10050321,0.003565,754,A,650000,scorecard
10050331,0.010601,689,A,700000,scorecard
10050353,0.010395,690,A,550000,scorecard
10050365,0.034565,619,C,500000,scorecard
10050394,0.06554,601,C,600000,scorecard
10050395,0.009555,756,A,500000,scorecard
10050403,0.022222,646,B,800000,scorecard
10050446,0.003637,756,A,400000,scorecard
10050448,0.034565,619,C,450000,scorecard
10050459,0.007353,710,A,400000,scorecard
10050465,0.034565,619,C,400000,scorecard
10050466,4e-06,1224,A,450000,scorecard
10050476,0.034565,619,C,400000,scorecard
10050487,0.056467,601,C,600000,scorecard
10050500,0.003322,756,A,1000000,scorecard
10050563,0.03,676,B,700000,scorecard
10050675,0.130641,619,C,500000,scorecard
10050686,0.060789,644,B,500000,scorecard
10050702,0.005416,754,A,600000,scorecard
10050703,0.026949,640,B,800000,scorecard
10050711,0.037614,689,A,850000,scorecard
10050717,0.070542,646,B,500000,scorecard
10050733,0.003322,756,A,1000000,scorecard
10050749,0.098013,640,B,800000,scorecard
10050756,0.012079,690,A,450000,scorecard
10050758,0.103698,614,C,600000,scorecard
10050764,0.003436,754,A,500000,scorecard
10050790,0.003322,756,A,450000,scorecard
10050818,0.154711,601,C,400000,scorecard
10050870,0.1145,627,C,400000,scorecard
10050879,0.038527,680,A,450000,scorecard
10050882,0.021043,690,A,800000,scorecard
10050904,0.004184,754,A,500000,scorecard
10050959,0.006542,756,A,550000,scorecard
10050968,0.010395,690,A,1000000,scorecard
10051000,0.061134,644,B,800000,scorecard
10051044,0.010395,690,A,450000,scorecard
10051059,0.034565,619,C,600000,scorecard
10051083,0.218295,632,C,450000,scorecard
10051085,0.037657,614,C,600000,scorecard
10051095,0.034565,619,C,600000,scorecard
10051097,0.107069,601,C,400000,scorecard
10051116,0.022869,644,B,800000,scorecard
10051124,0.046752,601,C,450000,scorecard
10051128,0.019538,756,A,550000,scorecard
10051134,0.015451,689,A,500000,scorecard
10051138,0.050698,619,C,600000,scorecard
10051172,0.015357,689,A,700000,scorecard
10051194,0.046752,601,C,600000,scorecard
10051249,1e-06,1224,A,900000,scorecard
10051259,0.023064,690,A,500000,scorecard
10051301,0.028391,631,C,600000,scorecard
10051302,0.010395,690,A,1000000,scorecard
10051313,0.013753,690,A,400000,scorecard
10051328,0.036458,616,C,550000,scorecard
10051341,0.141763,601,C,600000,scorecard
10051346,0.019021,689,A,650000,scorecard
10051356,0.030882,689,A,400000,scorecard
10051369,0.131119,601,C,600000,scorecard
10051373,0.066564,619,C,550000,scorecard
10051386,0.04879,616,C,550000,scorecard
10051404,0.012346,680,A,650000,scorecard
10051413,0.066277,601,C,600000,scorecard
10051425,0.010601,689,A,1000000,scorecard
10051463,0.003388,755,A,650000,scorecard
10051483,0.013218,689,A,700000,scorecard
10051488,0.010395,690,A,400000,scorecard
10051498,0.019096,690,A,850000,scorecard
10051507,0.024191,676,B,800000,scorecard
10051510,0.0195,690,A,500000,scorecard
10051524,0.003322,756,A,500000,scorecard
10051531,0.022222,646,B,700000,scorecard
10051537,0.010601,689,A,1000000,scorecard
10051584,0.021044,689,A,500000,scorecard
10051599,0.025487,637,C,600000,scorecard
10051609,0.038741,619,C,550000,scorecard
10051618,0.018069,756,A,700000,scorecard
10051633,0.068609,619,C,600000,scorecard
10051636,0.030366,689,A,450000,scorecard
10051637,0.034565,619,C,400000,scorecard
10051652,0.030612,627,C,600000,scorecard
10051699,0.030612,627,C,450000,scorecard
10051710,0.010601,689,A,1000000,scorecard
10051713,0.029071,690,A,400000,scorecard
10051728,0.079658,619,C,600000,scorecard
10051738,0.016539,689,A,550000,scorecard
10051742,0.022869,644,B,400000,scorecard
10051762,0.032628,680,A,750000,scorecard
10051763,0.004662,756,A,1000000,scorecard
10051774,0.003436,754,A,650000,scorecard
10051776,0.021955,676,B,450000,scorecard
10051790,0.043957,689,A,400000,scorecard
10051796,0.013333,676,B,550000,scorecard
10051809,0.028391,631,C,600000,scorecard
10051813,0.018731,690,A,400000,scorecard
10051823,0.034565,619,C,600000,scorecard
10051825,0.020307,689,A,1000000,scorecard
10051844,0.012346,680,A,400000,scorecard
10051848,0.010395,690,A,400000,scorecard
10051878,0.028391,631,C,600000,scorecard
10051892,0.007147,754,A,800000,scorecard
10051914,0.044195,690,A,1000000,scorecard
10051916,0.026013,680,A,550000,scorecard
10051940,0.02001,690,A,800000,scorecard
10051956,0.022869,644,B,450000,scorecard
10051961,0.06056,676,B,500000,scorecard
10051963,0.069361,601,C,550000,scorecard
10051989,0.034565,619,C,550000,scorecard
10052002,0.031258,689,A,900000,scorecard
10052015,0.013241,690,A,650000,scorecard
10052032,0.013333,676,B,800000,scorecard
10052041,0.013333,676,B,800000,scorecard
10052050,0.034565,619,C,450000,scorecard
10052061,0.035875,619,C,600000,scorecard
10052063,0.013333,676,B,800000,scorecard
10052065,0.01155,689,A,600000,scorecard
10052083,0.089394,627,C,400000,scorecard
10052102,0.008976,754,A,800000,scorecard
10052119,0.078274,631,C,450000,scorecard
10052237,0.028608,631,C,600000,scorecard
10052238,0.003436,754,A,600000,scorecard
10052264,0.026865,676,B,550000,scorecard
10052265,1e-06,1224,A,550000,scorecard
10052279,0.09084,614,C,500000,scorecard
10052315,0.022869,644,B,800000,scorecard
10052326,0.043721,637,C,500000,scorecard
10052345,0.059809,644,B,700000,scorecard
10052348,0.034565,619,C,600000,scorecard
10052356,0.018982,671,B,800000,scorecard
10052376,0.02483,690,A,1000000,scorecard
10052392,0.02899,646,B,800000,scorecard
10052412,0.034565,619,C,500000,scorecard
10052413,0.022869,644,B,550000,scorecard
10052415,0.025476,646,B,750000,scorecard
10052418,0.078557,644,B,400000,scorecard
10052440,0.022869,644,B,450000,scorecard
10052441,0.037901,614,C,450000,scorecard
10052445,0.003322,756,A,1000000,scorecard
10052464,0.030612,627,C,600000,scorecard
10052476,0.011733,756,A,1000000,scorecard
10052484,0.004813,754,A,450000,scorecard
10052493,0.014493,671,B,800000,scorecard
10052499,0.099529,601,C,400000,scorecard
10052501,0.047386,601,C,600000,scorecard
10052514,5e-06,1224,A,450000,scorecard
10052556,1e-06,1224,A,900000,scorecard
10052571,0.022222,646,B,700000,scorecard
10052587,0.003322,756,A,450000,scorecard
10052598,0.022869,644,B,600000,scorecard
10052636,0.024821,690,A,700000,scorecard
10052665,0.005685,756,A,1000000,scorecard
10052672,0.013488,680,A,450000,scorecard
10052679,0.0518,644,B,500000,scorecard
10052684,0.037657,614,C,600000,scorecard
10052696,0.012346,680,A,400000,scorecard
10052705,0.034565,619,C,600000,scorecard
10052715,0.018052,754,A,450000,scorecard
10052726,0.034102,756,A,700000,scorecard
10052728,0.010395,690,A,450000,scorecard
10052730,0.025487,637,C,450000,scorecard
10052761,0.012346,680,A,650000,scorecard
10052762,0.010298,710,A,1000000,scorecard
10052767,0.022869,644,B,400000,scorecard
10052789,0.064531,644,B,400000,scorecard
10052795,0.005086,754,A,950000,scorecard
10052798,0.003436,754,A,450000,scorecard
10052800,0.00515,754,A,550000,scorecard
10052820,0.036719,676,B,450000,scorecard
10052833,0.034565,619,C,600000,scorecard
10052847,0.030612,627,C,400000,scorecard
10052856,0.022869,644,B,800000,scorecard
10052861,0.008765,754,A,1000000,scorecard
10052884,2e-06,1224,A,450000,scorecard
10052911,0.026625,690,A,1000000,scorecard
10052918,0.025398,640,B,500000,scorecard
10052957,0.045217,689,A,400000,scorecard
10052960,1e-06,1224,A,1000000,scorecard
10052972,0.012346,680,A,550000,scorecard
10052981,0.004947,754,A,450000,scorecard
10053008,0.022222,646,B,800000,scorecard
10053010,0.028391,631,C,600000,scorecard
10053018,1e-06,1224,A,450000,scorecard
10053031,0.022869,644,B,800000,scorecard
10053073,0.067005,680,A,550000,scorecard
10053080,0.063879,690,A,700000,scorecard
10053083,0.034565,619,C,600000,scorecard
10053084,0.004812,754,A,450000,scorecard
10053086,0.032361,689,A,450000,scorecard
10053089,0.010395,690,A,450000,scorecard
10053109,0.023979,753,A,450000,scorecard
10053156,0.015456,754,A,450000,scorecard
10053167,0.02173,676,B,400000,scorecard
10053169,0.070952,614,C,400000,scorecard
10053195,0.022869,644,B,400000,scorecard
10053228,0.015265,690,A,750000,scorecard
10053242,0.012392,689,A,550000,scorecard
10053265,0.003322,756,A,1000000,scorecard
10053286,0.013601,690,A,1000000,scorecard
10053287,0.042185,710,A,900000,scorecard
10053303,0.022222,646,B,800000,scorecard
10053315,0.034565,619,C,500000,scorecard
10053330,0.02967,680,A,550000,scorecard
10053331,0.004716,756,A,700000,scorecard
10053333,0.063705,637,C,500000,scorecard
10053348,0.022869,644,B,500000,scorecard
10053361,0.045685,676,B,600000,scorecard
10053368,0.046752,601,C,450000,scorecard
10053382,0.010601,689,A,1000000,scorecard
10053388,0.022869,644,B,700000,scorecard
10053401,0.15792,601,C,600000,scorecard
10053404,0.046752,601,C,400000,scorecard
10053407,0.010601,689,A,500000,scorecard
10053463,0.103401,619,C,500000,scorecard
10053470,0.019152,690,A,1000000,scorecard
10053479,0.040354,631,C,450000,scorecard
10053481,0.010323,754,A,800000,scorecard
10053494,0.020527,680,A,400000,scorecard
10053503,0.034565,619,C,600000,scorecard
10053532,0.022222,646,B,450000,scorecard
10053548,0.028391,631,C,500000,scorecard
10053549,0.034581,689,A,700000,scorecard
10053557,0.170287,601,C,500000,scorecard
10053583,0.009044,756,A,1000000,scorecard
10053610,0.013333,676,B,800000,scorecard
10053621,0.010601,689,A,650000,scorecard
10053637,1e-06,1224,A,1000000,scorecard
10053646,0.003322,756,A,800000,scorecard
10053653,0.034565,619,C,450000,scorecard
10053658,0.010601,689,A,750000,scorecard
10053663,0.278455,601,C,400000,scorecard
10053681,0.01005,756,A,650000,scorecard
10053687,0.028513,646,B,800000,scorecard
10053698,0.034565,619,C,450000,scorecard
10053709,0.005178,756,A,450000,scorecard
10053719,0.012346,680,A,400000,scorecard
10053781,0.01415,756,A,450000,scorecard
10053791,0.005696,754,A,400000,scorecard
10053809,0.005047,756,A,450000,scorecard
10053812,0.010297,754,A,500000,scorecard
10053826,0.031531,756,A,600000,scorecard
10053846,0.022222,646,B,800000,scorecard
10053853,0.066585,632,C,400000,scorecard
10053858,1e-06,1224,A,950000,scorecard
10053900,0.018903,690,A,750000,scorecard
10053916,0.010601,689,A,500000,scorecard
10053933,0.032185,640,B,600000,scorecard
10053941,0.022222,646,B,400000,scorecard
10053944,0.207304,601,C,600000,scorecard
10053948,0.034565,619,C,450000,scorecard
10053951,0.1339,676,B,700000,scorecard
10053957,0.036458,616,C,450000,scorecard
10053959,0.046752,601,C,600000,scorecard
10054009,0.039389,680,A,750000,scorecard
10054016,0.046752,601,C,400000,scorecard
10054024,0.003322,756,A,650000,scorecard
10054034,0.028391,631,C,450000,scorecard
10054043,0.004253,756,A,700000,scorecard
10054055,0.023057,676,B,600000,scorecard
10054057,0.046675,619,C,400000,scorecard
10054063,0.030612,627,C,600000,scorecard
10054066,0.010395,690,A,700000,scorecard
10054067,0.022222,646,B,800000,scorecard
10054068,0.030612,627,C,500000,scorecard
10054078,0.015182,680,A,500000,scorecard
10054106,0.034565,619,C,600000,scorecard
10054107,0.013104,690,A,600000,scorecard
10054163,0.012346,680,A,1000000,scorecard
10054168,0.106296,601,C,450000,scorecard
10054185,0.022222,646,B,600000,scorecard
10054214,0.016068,689,A,650000,scorecard
10054223,0.022966,646,B,450000,scorecard
10054244,0.03143,632,C,550000,scorecard
10054253,0.022222,646,B,600000,scorecard
10054264,0.003322,756,A,950000,scorecard
10054287,0.006738,756,A,550000,scorecard
10054296,0.043854,631,C,600000,scorecard
10054302,0.006345,754,A,1000000,scorecard
10054307,0.010601,689,A,550000,scorecard
10054371,0.003448,754,A,500000,scorecard
10054387,0.010395,690,A,1000000,scorecard
10054400,0.022869,644,B,500000,scorecard
10054407,0.054845,619,C,400000,scorecard
10054435,0.026268,690,A,400000,scorecard
10054440,0.022222,646,B,650000,scorecard
10054441,0.022869,644,B,650000,scorecard
10054458,0.022869,644,B,800000,scorecard
10054465,0.037974,619,C,600000,scorecard
10054478,0.108467,644,B,400000,scorecard
10054502,0.026505,646,B,800000,scorecard
10054503,0.030895,680,A,500000,scorecard
10054526,0.003322,756,A,500000,scorecard
10054552,0.022869,644,B,800000,scorecard
10054579,0.080502,646,B,450000,scorecard
10054600,0.034553,680,A,400000,scorecard
10054601,0.003436,754,A,750000,scorecard
10054608,0.046752,601,C,600000,scorecard
10054623,0.022813,690,A,500000,scorecard
10054626,0.077346,601,C,450000,scorecard
10054640,0.034565,619,C,600000,scorecard
10054670,0.005887,754,A,1000000,scorecard
10054673,0.046752,601,C,600000,scorecard
10054675,0.003322,756,A,1000000,scorecard
10054680,0.012346,680,A,1000000,scorecard
10054687,0.013333,676,B,450000,scorecard
10054691,0.012733,680,A,500000,scorecard
10054780,0.013333,676,B,800000,scorecard
10054785,0.010601,689,A,650000,scorecard
10054788,0.158685,601,C,550000,scorecard
10054789,0.015503,756,A,450000,scorecard
10054791,0.037894,631,C,400000,scorecard
10054828,0.00481,754,A,400000,scorecard
10054830,0.021201,710,A,1000000,scorecard
10054878,0.010395,690,A,400000,scorecard
10054912,0.021489,689,A,550000,scorecard
10054925,0.067153,637,C,600000,scorecard
10054928,0.003322,756,A,1000000,scorecard
10054939,0.061309,631,C,600000,scorecard
10054948,0.003436,754,A,450000,scorecard
10054982,0.003436,754,A,600000,scorecard
10055003,0.030612,627,C,500000,scorecard
10055018,0.089321,619,C,400000,scorecard
10055047,0.030612,627,C,600000,scorecard
10055053,0.065039,631,C,600000,scorecard
10055060,0.037901,614,C,400000,scorecard
10055080,0.153448,646,B,500000,scorecard
10055081,0.028391,631,C,550000,scorecard
10055087,0.046752,601,C,600000,scorecard
10055110,0.004872,756,A,700000,scorecard
10055111,0.100817,553,E,400000,control
10055136,0.0202,671,B,800000,scorecard
10055145,0.080763,599,D,450000,scorecard
10055151,0.014253,689,A,1000000,scorecard
10055162,0.066765,631,C,450000,scorecard
10055197,0.04649,644,B,500000,scorecard
10055212,0.08011,644,B,500000,scorecard
10055215,0.003958,754,A,600000,scorecard
10055237,0.036458,616,C,600000,scorecard
10055256,0.035465,627,C,450000,scorecard
10055258,0.006842,754,A,500000,scorecard
10055262,0.034565,619,C,550000,scorecard
10055297,0.006385,755,A,550000,scorecard
10055303,2e-06,1224,A,400000,scorecard
10055312,0.003322,756,A,1000000,scorecard
10055326,0.013916,754,A,850000,scorecard
10055339,0.070193,689,A,700000,scorecard
10055342,0.034565,619,C,600000,scorecard
10055354,0.030113,646,B,800000,scorecard
10055376,0.025487,637,C,600000,scorecard
10055383,0.004321,754,A,450000,scorecard
10055402,0.004629,754,A,600000,scorecard
10055433,0.003322,756,A,600000,scorecard
10055451,0.040785,631,C,600000,scorecard
10055457,0.037657,614,C,600000,scorecard
10055463,0.016402,690,A,550000,scorecard
10055500,0.034565,619,C,450000,scorecard
10055534,0.007522,754,A,450000,scorecard
10055543,0.022222,646,B,800000,scorecard
10055552,0.010601,689,A,700000,scorecard
10055558,0.013156,680,A,450000,scorecard
10055566,0.006316,756,A,600000,scorecard
10055568,0.032124,689,A,800000,scorecard
10055586,0.010474,690,A,550000,scorecard
10055633,0.01403,690,A,450000,scorecard
10055660,0.048804,627,C,600000,scorecard
10055676,0.073939,619,C,500000,scorecard
10055677,0.071953,601,C,450000,scorecard
10055685,0.022438,690,A,600000,scorecard
10055690,3e-06,1224,A,1000000,scorecard
10055702,0.010395,690,A,800000,scorecard
10055740,0.022869,644,B,700000,scorecard
10055745,0.03746,690,A,400000,scorecard
10055775,0.026296,756,A,550000,scorecard
10055780,0.010601,689,A,400000,scorecard
10055789,0.026815,680,A,1000000,scorecard
10055799,0.007784,754,A,450000,scorecard
10055806,0.025487,637,C,400000,scorecard
10055822,0.010395,690,A,500000,scorecard
10055825,0.003322,756,A,450000,scorecard
10055830,0.02439,640,B,750000,scorecard
10055839,0.034565,619,C,600000,scorecard
10055858,0.017242,754,A,500000,scorecard
10055867,0.206809,601,C,450000,scorecard
10055873,0.10936,644,B,600000,scorecard
10055876,0.028391,631,C,600000,scorecard
10055908,0.004647,754,A,1000000,scorecard
10055920,0.075343,689,A,750000,scorecard
10055923,0.023018,690,A,450000,scorecard
10055928,0.01962,689,A,900000,scorecard
10055937,0.02569,690,A,450000,scorecard
10055938,0.046752,601,C,600000,scorecard
10055949,0.010395,690,A,400000,scorecard
10055959,0.00847,756,A,450000,scorecard
10055972,0.003436,754,A,400000,scorecard
10055985,0.015518,680,A,500000,scorecard
10055998,0.202499,644,B,400000,scorecard
10056000,0.033024,676,B,750000,scorecard
10056013,0.015521,754,A,850000,scorecard
10056053,0.043153,619,C,600000,scorecard
10056075,0.038783,614,C,450000,scorecard
10056080,0.013606,756,A,550000,scorecard
10056100,0.010395,690,A,500000,scorecard
10056104,0.04844,646,B,800000,scorecard
10056111,0.010601,689,A,400000,scorecard
10056156,0.013333,676,B,400000,scorecard
10056182,0.027227,646,B,500000,scorecard
10056188,0.027199,690,A,700000,scorecard
10056192,0.016305,690,A,400000,scorecard
10056209,0.010395,690,A,900000,scorecard
10056216,0.015014,754,A,450000,scorecard
10056229,0.119069,614,C,450000,scorecard
10056241,0.037901,614,C,500000,scorecard
10056243,0.012346,680,A,450000,scorecard
10056263,0.010601,689,A,450000,scorecard
10056272,0.046752,601,C,600000,scorecard
10056288,0.036865,689,A,550000,scorecard
10056291,0.034565,619,C,600000,scorecard
10056292,0.034565,619,C,600000,scorecard
10056296,0.003436,754,A,550000,scorecard
10056301,0.004198,756,A,500000,scorecard
10056305,0.011345,754,A,400000,scorecard
10056307,0.012346,680,A,1000000,scorecard
10056336,0.022222,646,B,450000,scorecard
10056355,0.015148,689,A,700000,scorecard
10056374,0.003436,754,A,500000,scorecard
10056400,0.046752,601,C,400000,scorecard
10056431,1e-06,1224,A,400000,scorecard
10056443,0.006903,754,A,900000,scorecard
10056462,0.012346,680,A,550000,scorecard
10056467,0.021865,690,A,900000,scorecard
10056529,0.01319,754,A,450000,scorecard
10056535,1e-06,1224,A,500000,scorecard
10056538,0.025959,644,B,800000,scorecard
10056556,0.016588,756,A,1000000,scorecard
10056580,0.019124,690,A,1000000,scorecard
10056582,0.023298,756,A,400000,scorecard
10056584,0.046752,601,C,400000,scorecard
10056593,1e-06,1224,A,450000,scorecard
10056607,0.034565,619,C,600000,scorecard
10056638,0.02254,646,B,600000,scorecard
10056641,0.057331,644,B,450000,scorecard
10056656,0.022222,646,B,450000,scorecard
10056678,0.05804,644,B,450000,scorecard
10056680,0.046752,601,C,600000,scorecard
10056689,0.010395,690,A,850000,scorecard
10056696,0.022869,644,B,800000,scorecard
10056700,0.003322,756,A,800000,scorecard
10056712,0.003436,754,A,650000,scorecard
10056732,0.004885,756,A,400000,scorecard
10056734,0.010395,690,A,450000,scorecard
10056782,0.013436,689,A,450000,scorecard
10056806,0.003436,754,A,600000,scorecard
10056823,1e-06,1224,A,400000,scorecard
10056824,0.009947,754,A,450000,scorecard
10056827,0.015438,756,A,800000,scorecard
10056829,0.003322,756,A,600000,scorecard
10056842,0.046073,637,C,450000,scorecard
10056855,0.073363,631,C,600000,scorecard
10056858,0.007353,710,A,400000,scorecard
10056894,0.030776,644,B,800000,scorecard
10056906,0.010395,690,A,800000,scorecard
10056912,0.046752,601,C,600000,scorecard
10056919,0.055743,601,C,600000,scorecard
10056928,0.030612,627,C,500000,scorecard
10056937,0.036091,689,A,1000000,scorecard
10056949,0.009397,754,A,500000,scorecard
10056952,0.006716,754,A,400000,scorecard
10056961,0.013333,676,B,450000,scorecard
10056973,0.019231,689,A,450000,scorecard
10056975,0.007277,754,A,1000000,scorecard
10056986,0.139479,646,B,500000,scorecard
10057007,0.030365,627,C,400000,scorecard
10057012,0.004983,756,A,1000000,scorecard
10057030,0.041373,646,B,500000,scorecard
10057037,0.004884,756,A,800000,scorecard
10057042,0.010395,690,A,400000,scorecard
10057054,0.027778,632,C,400000,scorecard
10057080,0.097943,646,B,400000,scorecard
10057090,0.028391,631,C,600000,scorecard
10057096,0.0038,756,A,1000000,scorecard
10057097,0.046752,601,C,400000,scorecard
10057144,0.029505,689,A,450000,scorecard
10057200,0.013231,710,A,500000,scorecard
10057246,0.034565,619,C,450000,scorecard
10057252,0.009694,754,A,550000,scorecard
10057274,0.014457,754,A,700000,scorecard
10057277,0.003322,756,A,850000,scorecard
10057298,0.019881,690,A,700000,scorecard
10057317,0.024598,690,A,700000,scorecard
10057323,0.027778,632,C,400000,scorecard
10057333,0.004407,756,A,400000,scorecard
10057367,0.051697,637,C,600000,scorecard
10057378,0.046752,601,C,600000,scorecard
10057387,0.022892,646,B,400000,scorecard
10057402,0.028287,689,A,550000,scorecard
10057418,2e-06,1224,A,400000,scorecard
10057438,0.014093,690,A,400000,scorecard
10057441,0.017414,756,A,450000,scorecard
10057470,0.022869,644,B,800000,scorecard
10057473,0.037901,614,C,600000,scorecard
10057508,0.003784,754,A,1000000,scorecard
10057539,0.02439,640,B,400000,scorecard
10057559,0.027778,632,C,550000,scorecard
10057563,0.036994,690,A,800000,scorecard
10057569,0.019375,690,A,500000,scorecard
10057576,0.034652,646,B,500000,scorecard
10057581,0.034565,619,C,600000,scorecard
10057639,0.014871,754,A,1000000,scorecard
10057648,0.034947,644,B,800000,scorecard
10057652,0.034565,619,C,400000,scorecard
10057728,0.046752,601,C,600000,scorecard
10057739,0.056205,644,B,800000,scorecard
10057740,0.017263,671,B,450000,scorecard
10057795,0.003322,756,A,550000,scorecard
10057798,0.081824,619,C,400000,scorecard
10057806,0.033733,690,A,400000,scorecard
10057819,0.044803,632,C,450000,scorecard
10057843,0.006631,756,A,1000000,scorecard
10057845,0.009261,756,A,450000,scorecard
10057852,0.032757,690,A,550000,scorecard
10057894,0.028391,631,C,550000,scorecard
10057899,0.025337,644,B,800000,scorecard
10057905,0.044969,619,C,400000,scorecard
10057906,0.078947,601,C,400000,scorecard
10057916,0.009595,754,A,450000,scorecard
10057919,0.025487,637,C,550000,scorecard
10057927,0.018348,689,A,750000,scorecard
10057929,0.028391,631,C,500000,scorecard
10057932,0.012889,690,A,400000,scorecard
10057939,0.015483,689,A,900000,scorecard
10057941,0.026158,646,B,700000,scorecard
10057951,0.010601,689,A,650000,scorecard
10057967,0.028391,631,C,600000,scorecard
10057973,0.012234,689,A,700000,scorecard
10057988,0.034565,619,C,550000,scorecard
10057989,0.034565,619,C,600000,scorecard
10058005,0.068063,676,B,500000,scorecard
10058021,0.012694,710,A,500000,scorecard
10058063,0.035274,689,A,1000000,scorecard
10058074,0.013057,756,A,450000,scorecard
10058084,3e-06,1224,A,500000,scorecard
10058089,0.034793,627,C,600000,scorecard
10058104,0.009867,756,A,700000,scorecard
10058108,0.034565,619,C,600000,scorecard
10058113,0.010395,690,A,400000,scorecard
10058171,0.013333,676,B,800000,scorecard
10058187,0.011754,690,A,800000,scorecard
10058192,0.029886,676,B,600000,scorecard
10058198,0.025487,637,C,400000,scorecard
10058219,0.021671,690,A,1000000,scorecard
10058278,0.050277,646,B,800000,scorecard
10058365,0.006527,756,A,400000,scorecard
10058371,0.040215,754,A,550000,scorecard
10058394,0.053829,631,C,400000,scorecard
10058414,0.179564,601,C,600000,scorecard
10058426,0.014655,690,A,1000000,scorecard
10058431,0.034624,689,A,850000,scorecard
10058459,0.034565,619,C,500000,scorecard
10058465,0.02196,680,A,600000,scorecard
10058473,0.032061,644,B,400000,scorecard
10058491,0.010601,689,A,700000,scorecard
10058504,0.004799,754,A,1000000,scorecard
10058505,0.119771,601,C,600000,scorecard
10058508,0.008146,756,A,550000,scorecard
10058509,1e-06,1224,A,550000,scorecard
10058514,0.046967,637,C,400000,scorecard
10058524,0.056918,601,C,400000,scorecard
10058572,1e-06,1224,A,700000,scorecard
10058582,0.022869,644,B,450000,scorecard
10058602,0.043349,631,C,500000,scorecard
10058606,0.028391,631,C,600000,scorecard
10058633,0.010514,710,A,450000,scorecard
10058665,0.02372,680,A,650000,scorecard
10058686,0.034565,619,C,600000,scorecard
10058717,0.026199,690,A,450000,scorecard
10058769,0.003322,756,A,450000,scorecard
10058777,0.010601,689,A,650000,scorecard
10058781,0.034565,619,C,450000,scorecard
10058782,1e-06,1224,A,400000,scorecard
10058788,0.014179,680,A,800000,scorecard
10058790,0.034833,671,B,550000,scorecard
10058791,0.01218,690,A,1000000,scorecard
10058795,0.003322,756,A,1000000,scorecard
10058808,0.028391,631,C,400000,scorecard
10058814,0.003436,754,A,900000,scorecard
10058822,0.030612,627,C,500000,scorecard
10058824,0.022743,680,A,400000,scorecard
10058832,0.003096,803,A,750000,scorecard
10058852,0.028391,631,C,600000,scorecard
10058862,2e-06,1224,A,1000000,scorecard
10058863,0.01956,689,A,550000,scorecard
10058876,0.032897,680,A,550000,scorecard
10058879,0.012346,680,A,400000,scorecard
10058903,0.060579,616,C,550000,scorecard
10058907,1e-06,1224,A,500000,scorecard
10058912,0.003325,756,A,450000,scorecard
10058921,0.022222,646,B,400000,scorecard
10058937,0.012184,690,A,450000,scorecard
10058946,0.036382,646,B,400000,scorecard
10058952,3e-06,1224,A,450000,scorecard
10059000,0.037901,614,C,600000,scorecard
10059047,0.052615,631,C,550000,scorecard
10059060,0.046752,601,C,600000,scorecard
10059074,0.031384,690,A,450000,scorecard
10059093,0.186513,601,C,600000,scorecard
10059129,0.011658,690,A,400000,scorecard
10059171,2e-06,1224,A,600000,scorecard
10059172,0.012788,756,A,1000000,scorecard
10059178,0.02079,690,A,750000,scorecard
10059209,0.036458,616,C,600000,scorecard
10059229,0.012644,689,A,500000,scorecard
10059235,0.003322,756,A,600000,scorecard
10059247,0.046752,601,C,400000,scorecard
10059257,0.012584,689,A,500000,scorecard
10059259,0.065645,601,C,500000,scorecard
10059315,0.015441,690,A,400000,scorecard
10059326,0.010882,689,A,450000,scorecard
10059338,0.01592,680,A,450000,scorecard
10059352,0.048024,619,C,400000,scorecard
10059360,0.012107,754,A,400000,scorecard
10059390,0.062482,644,B,550000,scorecard
10059409,0.034985,631,C,400000,scorecard
10059411,0.028391,631,C,600000,scorecard
10059414,0.009275,756,A,400000,scorecard
10059430,0.112134,601,C,500000,scorecard
10059433,0.046752,601,C,450000,scorecard
10059462,0.003436,754,A,400000,scorecard
10059472,0.004714,754,A,700000,scorecard
10059489,0.064528,632,C,550000,scorecard
10059495,0.006554,756,A,450000,scorecard
10059524,0.083493,619,C,400000,scorecard
10059533,0.027307,690,A,450000,scorecard
10059546,0.035947,689,A,400000,scorecard
10059570,0.010601,689,A,450000,scorecard
10059576,0.003463,756,A,650000,scorecard
10059617,0.041646,640,B,400000,scorecard
10059621,0.027084,689,A,900000,scorecard
10059628,0.024015,644,B,800000,scorecard
10059637,0.033298,689,A,400000,scorecard
10059643,0.010601,689,A,1000000,scorecard
10059644,0.073275,631,C,500000,scorecard
10059648,0.007353,710,A,1000000,scorecard
10059653,0.022869,644,B,550000,scorecard
10059654,0.015597,690,A,600000,scorecard
10059669,0.037901,614,C,400000,scorecard
10059675,0.024064,644,B,400000,scorecard
10059685,0.034984,619,C,600000,scorecard
10059700,0.015499,690,A,400000,scorecard
10059710,0.025487,637,C,550000,scorecard
10059721,0.034188,671,B,400000,scorecard
10059744,0.010395,690,A,400000,scorecard
10059783,0.015264,756,A,600000,scorecard
10059788,0.003322,756,A,500000,scorecard
10059795,0.034119,637,C,400000,scorecard
10059796,0.003322,756,A,900000,scorecard
10059800,3e-06,1224,A,600000,scorecard
10059805,0.017848,671,B,450000,scorecard
10059835,0.080003,646,B,450000,scorecard
10059839,0.022869,644,B,500000,scorecard
10059852,0.072,689,A,700000,scorecard
10059853,0.020935,756,A,550000,scorecard
10059858,0.010395,690,A,1000000,scorecard
10059873,0.004913,756,A,650000,scorecard
10059891,0.020079,690,A,400000,scorecard
10059904,0.010601,689,A,400000,scorecard
10059916,0.046752,601,C,400000,scorecard
10059926,0.025714,640,B,450000,scorecard
10059933,0.013333,676,B,550000,scorecard
10059992,0.022466,646,B,650000,scorecard
10059995,4e-06,1224,A,500000,scorecard
10059999,0.006208,754,A,450000,scorecard
10060014,0.007353,710,A,1000000,scorecard
10060038,0.046752,601,C,550000,scorecard
10060056,0.015621,680,A,450000,scorecard
10060058,0.048343,646,B,800000,scorecard
10060078,0.015547,690,A,450000,scorecard
10060093,0.051158,690,A,500000,scorecard
10060100,0.022222,646,B,400000,scorecard
10060103,0.043059,644,B,800000,scorecard
10060107,0.010794,690,A,400000,scorecard
10060114,0.022869,644,B,500000,scorecard
10060137,0.025506,671,B,800000,scorecard
10060146,0.071256,601,C,600000,scorecard
10060152,0.021013,690,A,850000,scorecard
10060220,0.132285,632,C,500000,scorecard
10060245,0.027755,689,A,500000,scorecard
10060273,0.034565,619,C,600000,scorecard
10060294,0.022222,646,B,400000,scorecard
10060304,0.022222,646,B,400000,scorecard
10060346,0.028391,631,C,600000,scorecard
10060364,0.012819,690,A,1000000,scorecard
10060388,0.022222,646,B,450000,scorecard
10060397,0.013333,676,B,550000,scorecard
10060403,0.02439,640,B,550000,scorecard
10060422,0.060286,689,A,400000,scorecard
10060437,0.013918,676,B,800000,scorecard
10060438,0.027057,637,C,450000,scorecard
10060446,0.048971,689,A,650000,scorecard
10060463,0.022222,646,B,650000,scorecard
10060472,0.027049,689,A,400000,scorecard
10060475,0.018473,690,A,750000,scorecard
10060480,0.010395,690,A,400000,scorecard
10060504,0.010806,690,A,500000,scorecard
10060535,0.096997,631,C,600000,scorecard
10060559,0.012346,680,A,700000,scorecard
10060565,0.039029,644,B,400000,scorecard
10060580,0.041956,632,C,450000,scorecard
10060585,0.018167,689,A,850000,scorecard
10060619,0.009768,754,A,400000,scorecard
10060628,0.041985,690,A,700000,scorecard
10060638,0.011217,689,A,900000,scorecard
10060708,0.04166,689,A,850000,scorecard
10060735,0.084794,619,C,500000,scorecard
10060739,0.012577,754,A,1000000,scorecard
10060751,0.01938,676,B,650000,scorecard
10060758,0.003322,756,A,750000,scorecard
10060780,0.003322,756,A,1000000,scorecard
10060845,0.010395,690,A,500000,scorecard
10060872,0.008281,756,A,1000000,scorecard
10060883,0.120458,601,C,550000,scorecard
10060886,0.034565,619,C,500000,scorecard
10060898,0.00896,710,A,650000,scorecard
10060926,0.022222,646,B,800000,scorecard
10060935,0.015187,671,B,800000,scorecard
10060936,0.077142,619,C,400000,scorecard
10060966,0.003441,754,A,650000,scorecard
10060988,0.048256,619,C,400000,scorecard
10060996,0.010601,689,A,550000,scorecard
10061022,0.030679,637,C,550000,scorecard
10061049,0.025487,637,C,450000,scorecard
10061078,0.011836,754,A,450000,scorecard
10061082,0.006456,754,A,500000,scorecard
10061085,0.016134,689,A,400000,scorecard
10061110,0.027778,632,C,600000,scorecard
10061125,0.014493,671,B,400000,scorecard
10061134,0.050558,601,C,400000,scorecard
10061141,0.014985,689,A,700000,scorecard
10061148,0.013333,676,B,700000,scorecard
10061155,0.013333,676,B,400000,scorecard
10061166,0.006425,718,A,500000,scorecard
10061204,0.003322,756,A,950000,scorecard
10061205,0.105392,616,C,600000,scorecard
10061209,0.006094,756,A,400000,scorecard
10061211,0.025685,690,A,450000,scorecard
10061212,0.103179,627,C,600000,scorecard
10061217,0.049219,690,A,450000,scorecard
10061226,0.012534,754,A,400000,scorecard
10061245,0.05431,671,B,500000,scorecard
10061254,0.041288,646,B,650000,scorecard
10061260,0.034565,619,C,600000,scorecard
10061271,0.014493,671,B,600000,scorecard
10061274,0.038567,689,A,450000,scorecard
10061278,0.07057,631,C,400000,scorecard
10061286,0.07833,601,C,450000,scorecard
10061289,0.006564,754,A,650000,scorecard
10061296,0.034116,627,C,400000,scorecard
10061325,0.011504,756,A,700000,scorecard
10061329,0.043786,676,B,800000,scorecard
10061344,0.006916,756,A,450000,scorecard
10061358,0.03954,690,A,550000,scorecard
10061382,0.019459,676,B,450000,scorecard
10061390,0.030612,627,C,600000,scorecard
10061412,0.015742,680,A,750000,scorecard
10061416,0.098178,619,C,400000,scorecard
10061436,0.005489,754,A,1000000,scorecard
10061439,0.010601,689,A,1000000,scorecard
10061455,0.034565,619,C,550000,scorecard
10061469,0.00816,754,A,800000,scorecard
10061505,3e-06,1224,A,600000,scorecard
10061524,0.028391,631,C,600000,scorecard
10061555,0.012346,680,A,1000000,scorecard
10061558,0.02439,640,B,800000,scorecard
10061559,0.010395,690,A,500000,scorecard
10061572,0.015414,671,B,450000,scorecard
10061584,0.013333,676,B,450000,scorecard
10061623,0.072492,644,B,600000,scorecard
10061637,0.003969,756,A,650000,scorecard
10061638,0.01545,689,A,400000,scorecard
10061644,0.010395,690,A,400000,scorecard
10061696,0.035198,690,A,450000,scorecard
10061715,0.104384,601,C,400000,scorecard
10061722,0.039615,690,A,500000,scorecard
10061724,0.032139,689,A,400000,scorecard
10061726,0.010601,689,A,1000000,scorecard
10061742,0.018613,690,A,500000,scorecard
10061758,0.042597,689,A,400000,scorecard
10061766,0.034565,619,C,400000,scorecard
10061771,0.057199,614,C,400000,scorecard
10061798,0.004022,754,A,950000,scorecard
10061810,0.096846,616,C,600000,scorecard
10061815,0.034565,619,C,600000,scorecard
10061848,0.034565,619,C,400000,scorecard
10061849,0.005593,756,A,600000,scorecard
10061912,0.047398,690,A,500000,scorecard
10061941,0.014026,689,A,500000,scorecard
10061943,0.034206,754,A,400000,scorecard
10061951,0.029614,690,A,800000,scorecard
10061955,0.009079,756,A,1000000,scorecard
10061958,0.011935,689,A,1000000,scorecard
10061973,0.010601,689,A,1000000,scorecard
10061979,0.012346,680,A,450000,scorecard
10061996,0.044795,676,B,550000,scorecard
10062008,0.00447,754,A,600000,scorecard
10062014,0.045382,619,C,600000,scorecard
10062020,0.066723,579,D,400000,control
10062032,0.022869,644,B,450000,scorecard
10062078,0.02439,640,B,800000,scorecard
10062098,0.040424,619,C,450000,scorecard
10062114,0.012161,690,A,1000000,scorecard
10062117,0.028843,676,B,400000,scorecard
10062127,0.031648,689,A,1000000,scorecard
10062175,0.007559,710,A,450000,scorecard
10062180,0.010601,689,A,1000000,scorecard
10062191,0.037901,614,C,600000,scorecard
10062194,0.034565,619,C,500000,scorecard
10062222,0.010601,689,A,750000,scorecard
10062224,0.016973,690,A,450000,scorecard
10062229,0.010601,689,A,450000,scorecard
10062267,0.046752,601,C,600000,scorecard
10062273,0.062715,631,C,400000,scorecard
10062278,0.0615,627,C,500000,scorecard
10062291,0.069917,689,A,500000,scorecard
10062304,0.063938,631,C,600000,scorecard
10062306,0.010395,690,A,400000,scorecard
10062316,0.031896,756,A,800000,scorecard
10062320,0.010395,690,A,500000,scorecard
10062323,0.003322,756,A,1000000,scorecard
10062332,1e-06,1224,A,750000,scorecard
10062347,0.039431,646,B,550000,scorecard
10062350,0.004409,756,A,550000,scorecard
10062379,0.022869,644,B,800000,scorecard
10062422,0.003322,756,A,550000,scorecard
10062433,0.083849,614,C,600000,scorecard
10062483,1e-06,1224,A,650000,scorecard
10062484,0.003322,756,A,850000,scorecard
10062488,0.025487,637,C,600000,scorecard
10062489,0.034565,619,C,400000,scorecard
10062514,0.021698,690,A,550000,scorecard
10062541,3e-06,1224,A,700000,scorecard
10062542,0.011046,690,A,400000,scorecard
10062562,0.003436,754,A,600000,scorecard
10062576,0.023761,756,A,550000,scorecard
10062577,0.010601,689,A,550000,scorecard
10062609,0.034565,619,C,600000,scorecard
10062610,0.043526,690,A,700000,scorecard
10062617,0.028391,631,C,400000,scorecard
10062675,0.012346,680,A,550000,scorecard
10062738,0.030612,627,C,600000,scorecard
10062780,0.034565,619,C,600000,scorecard
10062781,0.003989,754,A,650000,scorecard
10062798,0.046752,601,C,600000,scorecard
10062799,2e-06,1224,A,700000,scorecard
10062831,0.091914,601,C,600000,scorecard
10062836,0.010395,690,A,550000,scorecard
10062847,0.022869,644,B,800000,scorecard
10062872,0.016706,690,A,400000,scorecard
10062879,0.098058,601,C,500000,scorecard
10062883,0.038,690,A,1000000,scorecard
10062902,0.046752,601,C,600000,scorecard
10062909,0.00423,754,A,900000,scorecard
10062918,0.010395,690,A,400000,scorecard
10062943,0.006921,754,A,850000,scorecard
10062944,0.012346,680,A,500000,scorecard
10062951,0.05756,616,C,450000,scorecard
10063001,3e-06,1224,A,650000,scorecard
10063022,0.011285,690,A,550000,scorecard
10063024,0.146037,601,C,450000,scorecard
10063037,0.007353,710,A,1000000,scorecard
10063042,0.007353,710,A,550000,scorecard
10063054,0.049127,637,C,500000,scorecard
10063094,0.047465,631,C,550000,scorecard
10063099,0.022869,644,B,550000,scorecard
10063113,0.017053,756,A,450000,scorecard
10063115,0.048301,680,A,550000,scorecard
10063127,0.010395,690,A,450000,scorecard
10063129,0.003436,754,A,1000000,scorecard
10063176,0.091653,619,C,500000,scorecard
10063179,0.028972,689,A,400000,scorecard
10063181,0.042514,690,A,600000,scorecard
10063200,0.003322,756,A,650000,scorecard
10063201,0.078462,619,C,600000,scorecard
10063224,0.011826,754,A,500000,scorecard
10063237,0.012346,680,A,400000,scorecard
10063243,0.030612,627,C,550000,scorecard
10063263,0.040739,646,B,450000,scorecard
10063268,3e-06,1224,A,1000000,scorecard
10063294,0.038622,627,C,550000,scorecard
10063304,0.020192,756,A,450000,scorecard
10063332,0.073815,601,C,400000,scorecard
10063339,0.043783,644,B,800000,scorecard
10063347,0.022222,646,B,400000,scorecard
10063362,0.026205,689,A,650000,scorecard
10063372,0.021705,690,A,500000,scorecard
10063375,0.003436,754,A,450000,scorecard
10063392,0.00973,756,A,550000,scorecard
10063395,0.014493,671,B,500000,scorecard
10063398,0.005894,754,A,600000,scorecard
10063399,0.005505,754,A,550000,scorecard
10063407,0.022222,646,B,400000,scorecard
10063408,0.013333,676,B,500000,scorecard
10063419,0.028391,631,C,600000,scorecard
10063421,0.009804,710,A,500000,scorecard
10063423,0.035035,619,C,600000,scorecard
10063462,0.034565,619,C,400000,scorecard
10063473,0.059953,614,C,400000,scorecard
10063492,0.005833,754,A,600000,scorecard
10063495,0.012005,754,A,1000000,scorecard
10063499,0.02439,640,B,400000,scorecard
10063522,0.054072,631,C,400000,scorecard
10063556,0.046752,601,C,600000,scorecard
10063562,0.077944,601,C,400000,scorecard
10063565,0.035941,689,A,700000,scorecard
10063572,0.026362,671,B,450000,scorecard
10063585,0.011948,754,A,450000,scorecard
10063596,0.05592,619,C,600000,scorecard
10063604,0.025181,690,A,1000000,scorecard
10063626,0.125621,637,C,400000,scorecard
10063659,0.007047,756,A,650000,scorecard
10063661,0.003436,754,A,950000,scorecard
10063662,0.027363,640,B,700000,scorecard
10063695,0.080364,601,C,550000,scorecard
10063718,0.023349,680,A,600000,scorecard
10063733,0.012346,680,A,1000000,scorecard
10063748,0.004539,756,A,400000,scorecard
10063753,0.076153,631,C,500000,scorecard
10063785,0.022869,644,B,450000,scorecard
10063805,0.003322,756,A,700000,scorecard
10063811,0.013406,689,A,450000,scorecard
10063818,0.034565,619,C,600000,scorecard
10063887,0.005038,756,A,400000,scorecard
10063895,0.04127,690,A,450000,scorecard
10063942,0.052645,616,C,550000,scorecard
10063943,3e-06,1224,A,600000,scorecard
10063954,1e-06,1224,A,1000000,scorecard
10063963,0.054615,680,A,750000,scorecard
10063967,0.003322,756,A,400000,scorecard
10063968,0.020906,690,A,1000000,scorecard
10064002,0.028167,689,A,900000,scorecard
10064003,0.034565,619,C,450000,scorecard
10064009,0.004383,754,A,400000,scorecard
10064023,2e-06,1224,A,600000,scorecard
10064035,0.036727,690,A,850000,scorecard
10064055,0.007955,756,A,700000,scorecard
10064059,0.004227,754,A,800000,scorecard
10064064,0.027862,640,B,800000,scorecard
10064120,0.034565,619,C,600000,scorecard
10064135,0.003436,754,A,700000,scorecard
10064142,0.034565,619,C,600000,scorecard
10064147,0.010601,689,A,550000,scorecard
10064170,0.015482,689,A,750000,scorecard
10064172,0.138556,644,B,650000,scorecard
10064211,0.034565,619,C,500000,scorecard
10064228,0.073928,646,B,800000,scorecard
10064229,0.022869,644,B,800000,scorecard
10064231,0.032132,689,A,400000,scorecard
10064262,0.02893,689,A,450000,scorecard
10064279,0.003436,754,A,450000,scorecard
10064308,0.003322,756,A,500000,scorecard
10064312,0.030264,690,A,450000,scorecard
10064350,0.020804,690,A,700000,scorecard
10064374,0.022861,676,B,450000,scorecard
10064376,0.030242,680,A,450000,scorecard
10064386,0.032305,690,A,400000,scorecard
10064391,0.003322,756,A,1000000,scorecard
10064404,0.016852,671,B,400000,scorecard
10064405,0.003322,756,A,450000,scorecard
10064425,0.034565,619,C,450000,scorecard
10064434,0.023478,689,A,500000,scorecard
10064452,0.002522,772,A,450000,scorecard
10064455,0.018715,689,A,400000,scorecard
10064458,0.006346,756,A,450000,scorecard
10064492,0.042221,680,A,650000,scorecard
10064498,0.073275,619,C,500000,scorecard
10064524,0.013556,676,B,550000,scorecard
10064526,0.053034,616,C,600000,scorecard
10064532,0.07296,680,A,850000,scorecard
10064545,0.028074,754,A,900000,scorecard
10064557,0.047931,646,B,750000,scorecard
10064560,0.044516,689,A,500000,scorecard
10064563,0.038162,689,A,1000000,scorecard
10064597,0.003436,754,A,450000,scorecard
10064600,0.045808,676,B,550000,scorecard
10064654,0.025055,644,B,400000,scorecard
10064661,0.005035,755,A,450000,scorecard
10064678,0.004364,754,A,450000,scorecard
10064683,0.01145,756,A,450000,scorecard
10064708,0.034565,619,C,600000,scorecard
10064743,0.030612,627,C,550000,scorecard
10064748,0.070506,646,B,500000,scorecard
10064752,0.009624,754,A,400000,scorecard
10064764,0.019466,689,A,650000,scorecard
10064787,0.034127,644,B,750000,scorecard
10064803,1e-06,1224,A,600000,scorecard
10064809,0.022634,646,B,800000,scorecard
10064810,0.022222,646,B,800000,scorecard
10064832,0.029959,690,A,400000,scorecard
10064842,0.164819,619,C,450000,scorecard
10064845,0.022222,646,B,550000,scorecard
10064849,0.003436,754,A,550000,scorecard
10064855,0.006361,754,A,450000,scorecard
10064873,0.010395,690,A,450000,scorecard
10064878,0.010601,689,A,550000,scorecard
10064897,0.066723,579,D,400000,control
10064932,0.088247,637,C,600000,scorecard
10064950,0.003761,756,A,1000000,scorecard
10064978,0.022222,646,B,400000,scorecard
10064998,0.022869,644,B,500000,scorecard
10065002,0.030612,627,C,500000,scorecard
10065030,0.034199,646,B,700000,scorecard
10065039,0.036458,616,C,600000,scorecard
10065045,0.036719,631,C,600000,scorecard
10065102,0.010395,690,A,800000,scorecard
10065107,0.046752,601,C,600000,scorecard
10065114,1e-06,1224,A,650000,scorecard
10065116,0.022869,644,B,800000,scorecard
10065127,0.010601,689,A,950000,scorecard
10065136,0.003436,754,A,850000,scorecard
10065137,0.014181,689,A,850000,scorecard
10065167,0.013143,690,A,400000,scorecard
10065168,0.004999,754,A,650000,scorecard
10065175,0.012346,680,A,950000,scorecard
10065177,0.028391,631,C,600000,scorecard
10065190,0.164646,631,C,500000,scorecard
10065200,0.015833,689,A,400000,scorecard
10065206,0.022869,644,B,800000,scorecard
10065246,0.015136,756,A,850000,scorecard
10065255,0.062024,644,B,700000,scorecard
10065260,0.055481,601,C,400000,scorecard
10065263,0.025039,690,A,400000,scorecard
10065286,0.117587,601,C,550000,scorecard
10065290,0.003322,756,A,400000,scorecard
10065292,0.010395,690,A,1000000,scorecard
10065304,0.029626,632,C,550000,scorecard
10065317,0.028236,644,B,800000,scorecard
10065323,2e-06,1224,A,1000000,scorecard
10065364,0.021654,690,A,400000,scorecard
10065375,0.046752,601,C,400000,scorecard
10065377,0.053268,619,C,500000,scorecard
10065390,0.010601,689,A,400000,scorecard
10065396,0.010601,689,A,600000,scorecard
10065398,0.010601,689,A,550000,scorecard
10065436,0.010395,690,A,500000,scorecard
10065445,0.054783,601,C,450000,scorecard
10065469,0.038188,690,A,500000,scorecard
10065501,4e-06,1224,A,650000,scorecard
10065508,0.014493,671,B,500000,scorecard
10065510,0.046752,601,C,600000,scorecard
10065521,0.012346,680,A,1000000,scorecard
10065533,0.065656,614,C,450000,scorecard
10065541,0.003436,754,A,400000,scorecard
10065588,0.063532,619,C,450000,scorecard
10065608,0.034565,619,C,500000,scorecard
10065624,0.046752,601,C,600000,scorecard
10065664,0.028391,631,C,600000,scorecard
10065686,0.006718,756,A,400000,scorecard
10065687,0.010601,689,A,1000000,scorecard
10065704,0.003598,754,A,800000,scorecard
10065720,0.010395,690,A,500000,scorecard
10065733,0.025487,637,C,450000,scorecard
10065734,0.016164,676,B,800000,scorecard
10065736,0.025352,644,B,800000,scorecard
10065743,0.012759,680,A,500000,scorecard
10065751,0.117257,631,C,550000,scorecard
10065752,0.014091,690,A,450000,scorecard
10065757,0.010601,689,A,400000,scorecard
10065767,0.081306,619,C,400000,scorecard
10065777,0.028666,632,C,600000,scorecard
10065778,0.042171,689,A,1000000,scorecard
10065781,0.03049,689,A,750000,scorecard
10065809,0.060239,619,C,600000,scorecard
10065835,0.028391,631,C,400000,scorecard
10065841,0.010395,690,A,450000,scorecard
10065854,0.034565,619,C,600000,scorecard
10065857,0.043185,676,B,750000,scorecard
10065884,0.01224,689,A,1000000,scorecard
10065890,0.007906,754,A,700000,scorecard
10065892,0.037953,646,B,600000,scorecard
10065896,0.010395,690,A,400000,scorecard
10065904,0.021148,690,A,1000000,scorecard
10065908,0.010263,691,A,500000,scorecard
10065935,0.095395,631,C,450000,scorecard
10065939,0.022869,644,B,400000,scorecard
10065990,0.024864,690,A,900000,scorecard
10065994,0.030222,631,C,400000,scorecard
10065999,0.037901,614,C,450000,scorecard
10066031,0.014046,680,A,400000,scorecard
10066037,1e-06,1224,A,1000000,scorecard
10066039,0.025487,637,C,600000,scorecard
10066043,0.010395,690,A,1000000,scorecard
10066046,0.076732,637,C,400000,scorecard
10066092,0.274748,601,C,400000,scorecard
10066093,0.010601,689,A,600000,scorecard
10066139,0.03418,690,A,850000,scorecard
10066154,0.028391,631,C,400000,scorecard
10066158,0.013902,690,A,650000,scorecard
10066176,0.128109,680,A,450000,scorecard
10066177,0.023025,690,A,550000,scorecard
10066217,0.032399,644,B,800000,scorecard
10066250,0.011121,690,A,450000,scorecard
10066255,0.003322,756,A,1000000,scorecard
10066272,0.063459,690,A,550000,scorecard
10066275,0.04288,631,C,600000,scorecard
10066283,0.003322,756,A,550000,scorecard
10066287,0.028174,680,A,850000,scorecard
10066311,0.025487,637,C,450000,scorecard
10066316,0.046271,690,A,550000,scorecard
10066330,0.005178,756,A,850000,scorecard
10066336,0.037764,676,B,400000,scorecard
10066340,0.022955,689,A,1000000,scorecard
10066376,0.035639,646,B,750000,scorecard
10066397,0.016881,756,A,450000,scorecard
10066425,0.003322,756,A,450000,scorecard
10066432,0.022509,680,A,550000,scorecard
10066435,0.057309,644,B,550000,scorecard
10066455,0.022869,644,B,550000,scorecard
10066471,0.025487,637,C,400000,scorecard
10066475,0.010601,689,A,400000,scorecard
10066493,0.030561,646,B,800000,scorecard
10066507,0.013333,676,B,800000,scorecard
10066520,0.014494,756,A,600000,scorecard
10066526,0.028391,631,C,600000,scorecard
10066567,0.071769,671,B,550000,scorecard
10066575,0.018657,689,A,400000,scorecard
10066619,0.003322,756,A,400000,scorecard
10066625,0.014237,755,A,650000,scorecard
10066628,0.010601,689,A,400000,scorecard
10066673,0.046752,601,C,600000,scorecard
10066676,0.013333,676,B,800000,scorecard
10066696,0.003436,754,A,900000,scorecard
10066697,0.012346,680,A,900000,scorecard
10066699,0.130482,619,C,600000,scorecard
10066700,0.055515,619,C,600000,scorecard
10066704,0.019421,690,A,450000,scorecard
10066710,0.034569,680,A,700000,scorecard
10066740,0.016035,671,B,400000,scorecard
10066749,0.003322,756,A,750000,scorecard
10066755,0.003322,756,A,750000,scorecard
10066772,0.022869,644,B,600000,scorecard
10066780,0.025029,640,B,500000,scorecard
10066788,0.016426,690,A,500000,scorecard
10066828,0.016498,690,A,550000,scorecard
10066838,0.049953,690,A,400000,scorecard
10066841,0.012875,689,A,650000,scorecard
10066872,0.010601,689,A,500000,scorecard
10066906,0.034565,619,C,400000,scorecard
10066923,0.036113,619,C,600000,scorecard
10066930,0.084759,619,C,450000,scorecard
10066936,0.019825,680,A,450000,scorecard
10066949,0.010601,689,A,1000000,scorecard
10066981,0.006202,756,A,450000,scorecard
10066993,0.034565,619,C,600000,scorecard
10067007,0.00132,810,A,750000,scorecard
10067014,0.003638,756,A,600000,scorecard
10067035,0.010601,689,A,400000,scorecard
10067052,0.010536,690,A,650000,scorecard
10067055,0.072177,631,C,400000,scorecard
10067074,0.054024,601,C,600000,scorecard
10067093,0.037901,614,C,600000,scorecard
10067101,0.037806,662,B,450000,scorecard
10067127,0.011645,754,A,400000,scorecard
10067129,0.003322,756,A,650000,scorecard
10067141,0.065947,601,C,450000,scorecard
10067156,0.013333,676,B,500000,scorecard
10067178,0.028465,676,B,800000,scorecard
10067187,0.046752,601,C,400000,scorecard
10067190,0.003436,754,A,800000,scorecard
10067206,0.018832,690,A,550000,scorecard
10067210,0.046752,601,C,600000,scorecard
10067223,0.007619,754,A,800000,scorecard
10067233,0.034565,619,C,400000,scorecard
10067250,0.054782,680,A,550000,scorecard
10067251,0.046752,601,C,500000,scorecard
10067254,0.010395,690,A,1000000,scorecard
10067261,0.022869,644,B,800000,scorecard
10067262,0.006176,754,A,400000,scorecard
10067263,0.003949,754,A,450000,scorecard
10067326,0.00384,754,A,1000000,scorecard
10067345,0.021973,680,A,650000,scorecard
10067394,0.010395,690,A,700000,scorecard
10067400,1e-06,1224,A,500000,scorecard
10067454,0.068624,640,B,700000,scorecard
10067465,0.010601,689,A,550000,scorecard
10067483,0.010601,689,A,500000,scorecard
10067487,0.066702,644,B,400000,scorecard
10067489,0.101964,627,C,600000,scorecard
10067519,0.046752,601,C,600000,scorecard
10067521,0.073962,690,A,500000,scorecard
10067547,0.022417,676,B,800000,scorecard
10067565,0.094577,689,A,500000,scorecard
10067579,0.005614,754,A,500000,scorecard
10067582,0.004259,756,A,450000,scorecard
10067585,0.010395,690,A,400000,scorecard
10067591,0.003436,754,A,1000000,scorecard
10067592,0.004557,755,A,400000,scorecard
10067613,0.024617,689,A,500000,scorecard
10067619,0.0409,671,B,500000,scorecard
10067640,0.047192,689,A,550000,scorecard
10067643,0.009052,710,A,700000,scorecard
10067645,0.013333,676,B,800000,scorecard
10067657,0.014493,671,B,750000,scorecard
10067658,0.031011,690,A,900000,scorecard
10067668,2e-06,1224,A,600000,scorecard
10067671,0.028391,631,C,600000,scorecard
10067680,0.010601,689,A,550000,scorecard
10067707,0.014729,689,A,1000000,scorecard
10067763,0.107468,644,B,800000,scorecard
10067768,0.013333,676,B,500000,scorecard
10067777,0.003322,756,A,400000,scorecard
10067789,0.027677,690,A,400000,scorecard
10067802,0.010395,690,A,1000000,scorecard
10067810,0.115495,601,C,400000,scorecard
10067812,0.024557,646,B,800000,scorecard
10067813,0.028614,671,B,400000,scorecard
10067829,0.010395,690,A,800000,scorecard
10067841,3e-06,1224,A,550000,scorecard
10067854,0.005131,754,A,600000,scorecard
10067858,0.014787,689,A,700000,scorecard
10067870,0.003322,756,A,550000,scorecard
10067871,0.028391,631,C,600000,scorecard
10067899,0.037008,631,C,450000,scorecard
10067907,0.028391,631,C,600000,scorecard
10067913,0.003436,754,A,700000,scorecard
10067960,0.027778,632,C,400000,scorecard
10068008,0.004492,754,A,450000,scorecard
10068044,0.063903,601,C,600000,scorecard
10068055,0.011129,690,A,500000,scorecard
10068093,0.048249,619,C,600000,scorecard
10068102,0.003436,754,A,700000,scorecard
10068105,0.02129,689,A,1000000,scorecard
10068110,0.013718,676,B,800000,scorecard
10068125,0.010395,690,A,700000,scorecard
10068129,0.034565,619,C,600000,scorecard
10068132,0.147089,601,C,600000,scorecard
10068134,0.048947,619,C,600000,scorecard
10068153,2e-06,1224,A,850000,scorecard
10068174,0.038512,646,B,400000,scorecard
10068185,0.013884,690,A,1000000,scorecard
10068198,0.046752,601,C,450000,scorecard
10068206,0.003322,756,A,1000000,scorecard
10068214,0.025025,689,A,750000,scorecard
10068222,0.015805,690,A,400000,scorecard
10068235,0.065508,627,C,600000,scorecard
10068238,0.027339,637,C,400000,scorecard
10068242,0.042336,619,C,600000,scorecard
10068263,0.046417,619,C,400000,scorecard
10068273,0.003322,756,A,400000,scorecard
10068275,0.027778,632,C,500000,scorecard
10068278,0.023424,690,A,400000,scorecard
10068318,0.011156,690,A,600000,scorecard
10068320,0.011729,710,A,550000,scorecard
10068344,0.079128,619,C,400000,scorecard
10068375,0.010395,690,A,1000000,scorecard
10068394,0.010601,689,A,1000000,scorecard
10068402,0.010601,689,A,750000,scorecard
10068437,0.049897,601,C,500000,scorecard
10068463,0.010601,689,A,550000,scorecard
10068465,0.034592,690,A,850000,scorecard
10068475,0.007284,754,A,550000,scorecard
10068485,0.004521,756,A,500000,scorecard
10068497,0.058716,676,B,400000,scorecard
10068524,0.010601,689,A,550000,scorecard
10068538,0.028391,631,C,500000,scorecard
10068545,0.040415,637,C,450000,scorecard
10068552,0.028391,631,C,400000,scorecard
10068594,0.019485,680,A,400000,scorecard
10068598,0.028391,631,C,400000,scorecard
10068599,0.013333,676,B,500000,scorecard
10068619,0.017236,680,A,600000,scorecard
10068723,0.010601,689,A,1000000,scorecard
10068727,0.022869,644,B,600000,scorecard
10068729,0.03889,619,C,550000,scorecard
10068737,0.027778,632,C,600000,scorecard
10068743,0.027959,676,B,450000,scorecard
10068758,0.046752,601,C,600000,scorecard
10068760,0.028391,631,C,600000,scorecard
10068771,0.034565,619,C,600000,scorecard
10068786,0.028391,631,C,600000,scorecard
10068802,0.028391,631,C,550000,scorecard
10068829,0.011456,710,A,1000000,scorecard
10068833,0.010601,689,A,450000,scorecard
10068840,0.10851,601,C,500000,scorecard
10068842,0.035044,690,A,700000,scorecard
10068852,0.074829,601,C,600000,scorecard
10068872,0.033853,690,A,500000,scorecard
10068885,0.169489,601,C,500000,scorecard
10068886,0.05129,644,B,450000,scorecard
10068904,5e-06,1224,A,400000,scorecard
10068907,0.010911,690,A,450000,scorecard
10068919,0.017395,690,A,500000,scorecard
10068971,0.010601,689,A,450000,scorecard
10068976,0.029431,671,B,450000,scorecard
10068981,1e-06,1224,A,1000000,scorecard
10068989,4e-06,1224,A,450000,scorecard
10068995,0.003436,754,A,750000,scorecard
10069003,0.022222,646,B,450000,scorecard
10069010,0.046752,601,C,400000,scorecard
10069012,0.049462,680,A,850000,scorecard
10069031,0.034565,619,C,600000,scorecard
10069032,0.01716,680,A,700000,scorecard
10069040,0.012537,690,A,400000,scorecard
10069043,0.010395,690,A,600000,scorecard
10069044,1e-06,1224,A,1000000,scorecard
10069055,0.003436,754,A,700000,scorecard
10069057,0.091658,601,C,500000,scorecard
10069086,0.008242,754,A,1000000,scorecard
10069099,0.013723,680,A,450000,scorecard
10069101,0.01528,671,B,800000,scorecard
10069102,0.007502,754,A,400000,scorecard
10069104,0.034565,619,C,600000,scorecard
10069128,0.022869,644,B,500000,scorecard
10069138,0.028391,631,C,600000,scorecard
10069139,0.034565,619,C,400000,scorecard
10069140,0.166575,601,C,400000,scorecard
10069147,0.028391,631,C,400000,scorecard
10069154,0.028391,631,C,400000,scorecard
10069159,0.031734,644,B,400000,scorecard
10069172,0.004368,754,A,400000,scorecard
10069180,0.039906,631,C,550000,scorecard
10069182,0.022222,646,B,800000,scorecard
10069194,0.054594,592,D,450000,scorecard
10069203,0.008132,754,A,550000,scorecard
10069205,0.022736,680,A,450000,scorecard
10069242,0.012346,680,A,750000,scorecard
10069245,0.06498,601,C,500000,scorecard
10069255,0.036458,616,C,400000,scorecard
10069272,0.028391,631,C,500000,scorecard
10069276,0.015191,690,A,650000,scorecard
10069297,0.012346,680,A,700000,scorecard
10069307,0.023393,710,A,450000,scorecard
10069328,0.028391,631,C,600000,scorecard
10069346,0.010395,690,A,450000,scorecard
10069361,0.010601,689,A,450000,scorecard
10069377,0.093817,680,A,400000,scorecard
10069380,0.010601,689,A,1000000,scorecard
10069387,0.049764,676,B,750000,scorecard
10069400,0.008044,756,A,450000,scorecard
10069402,0.003322,756,A,450000,scorecard
10069407,0.160477,614,C,500000,scorecard
10069414,0.008731,756,A,550000,scorecard
10069421,0.047013,601,C,450000,scorecard
10069429,0.028391,631,C,600000,scorecard
10069432,0.013751,689,A,600000,scorecard
10069434,0.027778,632,C,600000,scorecard
10069441,3e-06,1224,A,1000000,scorecard
10069445,0.003322,756,A,400000,scorecard
10069448,0.064266,619,C,450000,scorecard
10069454,0.003322,756,A,900000,scorecard
10069467,0.028391,631,C,600000,scorecard
10069497,0.010601,689,A,550000,scorecard
10069516,0.053036,690,A,600000,scorecard
10069528,0.004174,754,A,500000,scorecard
10069536,0.025487,637,C,400000,scorecard
10069540,0.046752,601,C,400000,scorecard
10069541,0.012346,680,A,400000,scorecard
10069558,0.071333,601,C,400000,scorecard
10069569,0.003322,756,A,1000000,scorecard
10069581,0.031066,690,A,400000,scorecard
10069586,0.020561,676,B,450000,scorecard
10069589,0.018089,689,A,550000,scorecard
10069595,0.010601,689,A,1000000,scorecard
10069604,0.031199,690,A,600000,scorecard
10069621,0.160134,619,C,500000,scorecard
10069623,0.010601,689,A,1000000,scorecard
10069634,0.003436,754,A,650000,scorecard
10069637,0.046752,601,C,500000,scorecard
10069662,0.014493,671,B,750000,scorecard
10069669,0.012346,680,A,650000,scorecard
10069670,0.06284,671,B,700000,scorecard
10069679,0.022869,644,B,500000,scorecard
10069689,0.016197,680,A,700000,scorecard
10069719,0.046752,601,C,600000,scorecard
10069724,0.028391,631,C,600000,scorecard
10069759,0.010395,690,A,550000,scorecard
10069782,0.030612,627,C,550000,scorecard
10069786,0.012156,690,A,400000,scorecard
10069790,0.215691,619,C,400000,scorecard
10069792,0.02344,646,B,500000,scorecard
10069797,0.038473,690,A,800000,scorecard
10069802,0.003322,756,A,400000,scorecard
10069806,0.009994,754,A,900000,scorecard
10069808,0.037694,637,C,550000,scorecard
10069813,0.0178,676,B,400000,scorecard
10069817,0.073714,690,A,900000,scorecard
10069819,0.032934,690,A,500000,scorecard
10069821,0.025487,637,C,600000,scorecard
10069830,1e-06,1224,A,850000,scorecard
10069833,0.012446,756,A,550000,scorecard
10069839,0.023693,644,B,550000,scorecard
10069842,0.060502,644,B,400000,scorecard
10069850,0.035205,619,C,600000,scorecard
10069860,0.030612,627,C,600000,scorecard
10069868,0.010395,690,A,1000000,scorecard
10069884,0.055955,689,A,1000000,scorecard
10069887,0.013333,676,B,400000,scorecard
10069889,0.04915,690,A,900000,scorecard
10069900,0.062605,680,A,800000,scorecard
10069917,0.010395,690,A,1000000,scorecard
10069929,0.013333,676,B,600000,scorecard
10069949,0.019055,680,A,700000,scorecard
10069960,0.028391,631,C,450000,scorecard
10069967,0.02983,637,C,600000,scorecard
10069984,0.089531,676,B,800000,scorecard
10069988,0.032942,690,A,650000,scorecard
10069989,0.033543,646,B,400000,scorecard
10070012,0.013333,676,B,650000,scorecard
10070015,0.023471,690,A,800000,scorecard
10070030,0.063399,680,A,800000,scorecard
10070033,0.028391,631,C,600000,scorecard
10070040,0.020465,680,A,450000,scorecard
10070046,0.022869,644,B,450000,scorecard
10070056,0.060812,631,C,450000,scorecard
10070073,0.010395,690,A,500000,scorecard
10070077,0.030422,676,B,450000,scorecard
10070101,0.012346,680,A,550000,scorecard
10070103,0.037983,689,A,500000,scorecard
10070121,0.059767,614,C,600000,scorecard
10070184,0.00576,754,A,450000,scorecard
10070212,0.022869,644,B,400000,scorecard
10070214,0.010773,689,A,500000,scorecard
10070219,0.010394,710,A,1000000,scorecard
10070248,0.073225,619,C,400000,scorecard
10070257,0.013333,676,B,800000,scorecard
10070258,0.012346,680,A,600000,scorecard
10070274,0.151685,619,C,400000,scorecard
10070282,0.020001,689,A,600000,scorecard
10070285,0.050832,644,B,450000,scorecard
10070303,0.011409,754,A,1000000,scorecard
10070308,0.034779,627,C,400000,scorecard
10070317,0.111239,631,C,500000,scorecard
10070330,0.062058,601,C,400000,scorecard
10070339,0.0182,710,A,850000,scorecard
10070387,0.034565,619,C,600000,scorecard
10070414,0.012218,754,A,500000,scorecard
10070423,0.025515,689,A,1000000,scorecard
10070437,0.035859,617,C,400000,scorecard
10070479,0.034565,619,C,600000,scorecard
10070496,0.022869,644,B,550000,scorecard
10070500,0.005581,754,A,1000000,scorecard
10070519,0.027778,632,C,600000,scorecard
10070623,0.036708,640,B,750000,scorecard
10070631,0.007374,756,A,450000,scorecard
10070662,0.013333,676,B,650000,scorecard
10070666,2e-06,1224,A,650000,scorecard
10070670,0.019044,690,A,450000,scorecard
10070730,0.051706,689,A,550000,scorecard
10070734,0.00353,754,A,700000,scorecard
10070750,0.030612,627,C,600000,scorecard
10070768,0.10836,601,C,450000,scorecard
10070783,0.021381,690,A,550000,scorecard
10070790,0.012621,690,A,400000,scorecard
10070795,0.016435,754,A,450000,scorecard
10070807,0.063532,619,C,400000,scorecard
10070812,0.010395,690,A,600000,scorecard
10070818,0.012346,680,A,500000,scorecard
10070821,0.010395,690,A,400000,scorecard
10070837,0.003868,754,A,1000000,scorecard
10070843,0.003322,756,A,700000,scorecard
10070855,0.030147,690,A,450000,scorecard
10070888,0.015113,680,A,800000,scorecard
10070909,0.0235,690,A,900000,scorecard
10070912,0.028455,756,A,450000,scorecard
10070921,0.046752,601,C,500000,scorecard
10070953,0.010601,689,A,450000,scorecard
10070956,0.03103,637,C,400000,scorecard
10070965,0.010288,754,A,1000000,scorecard
10070976,0.013333,676,B,800000,scorecard
10070977,0.028463,644,B,450000,scorecard
10070986,0.046752,601,C,600000,scorecard
10070995,0.028391,631,C,600000,scorecard
10071006,0.003508,754,A,400000,scorecard
10071014,0.022308,646,B,700000,scorecard
10071019,0.037315,627,C,400000,scorecard
10071031,0.052106,619,C,550000,scorecard
10071049,0.007353,710,A,550000,scorecard
10071095,0.018151,671,B,450000,scorecard
10071118,0.015614,690,A,450000,scorecard
10071139,0.13075,619,C,600000,scorecard
10071141,0.036458,616,C,600000,scorecard
10071159,0.034565,619,C,450000,scorecard
10071164,0.003434,756,A,700000,scorecard
10071195,0.034388,680,A,950000,scorecard
10071213,1e-06,1224,A,1000000,scorecard
10071243,0.006595,754,A,500000,scorecard
10071254,0.019696,689,A,600000,scorecard
10071258,0.034578,631,C,500000,scorecard
10071262,0.003322,756,A,500000,scorecard
10071265,0.010395,690,A,600000,scorecard
10071267,0.003952,756,A,500000,scorecard
10071275,0.022222,646,B,800000,scorecard
10071301,0.018529,676,B,400000,scorecard
10071320,0.012023,690,A,1000000,scorecard
10071327,0.010601,689,A,1000000,scorecard
10071366,0.010471,754,A,600000,scorecard
10071395,0.016287,667,B,400000,scorecard
10071409,0.015343,756,A,600000,scorecard
10071436,0.006324,754,A,1000000,scorecard
10071438,8e-06,1224,A,650000,scorecard
10071472,0.042527,646,B,450000,scorecard
10071478,0.021856,754,A,400000,scorecard
10071482,0.014493,671,B,600000,scorecard
10071486,0.031937,646,B,600000,scorecard
10071488,0.016417,689,A,700000,scorecard
10071518,0.005003,756,A,800000,scorecard
10071527,0.030612,627,C,600000,scorecard
10071535,0.01425,689,A,1000000,scorecard
10071548,1e-06,1224,A,800000,scorecard
10071575,0.012346,680,A,400000,scorecard
10071580,0.004888,756,A,1000000,scorecard
10071592,0.007894,756,A,1000000,scorecard
10071598,0.016333,690,A,450000,scorecard
10071641,0.070002,689,A,1000000,scorecard
10071649,0.013213,690,A,750000,scorecard
10071680,0.003436,754,A,1000000,scorecard
10071682,0.022869,644,B,650000,scorecard
10071707,0.030612,627,C,400000,scorecard
10071733,0.025381,689,A,1000000,scorecard
10071756,0.154228,619,C,600000,scorecard
10071760,0.012346,680,A,900000,scorecard
10071764,0.004501,754,A,400000,scorecard
10071766,0.037549,627,C,500000,scorecard
10071790,0.005014,754,A,550000,scorecard
10071805,0.010601,689,A,650000,scorecard
10071807,0.03883,690,A,1000000,scorecard
10071820,0.108236,644,B,400000,scorecard
10071827,0.027778,632,C,600000,scorecard
10071829,0.156395,631,C,400000,scorecard
10071867,0.034565,619,C,600000,scorecard
10071879,0.027778,632,C,600000,scorecard
10071918,0.028391,631,C,600000,scorecard
10071929,0.034565,619,C,600000,scorecard
10071931,0.064332,619,C,600000,scorecard
10071955,0.046752,601,C,600000,scorecard
10071977,0.025487,637,C,450000,scorecard
10072012,1e-06,1224,A,850000,scorecard
10072030,0.025377,640,B,800000,scorecard
10072045,0.011531,754,A,500000,scorecard
10072050,0.034565,619,C,600000,scorecard
10072073,0.037657,614,C,600000,scorecard
10072082,0.083058,616,C,450000,scorecard
10072084,0.007353,710,A,400000,scorecard
10072095,0.00386,756,A,850000,scorecard
10072108,0.003322,756,A,400000,scorecard
10072125,0.034565,619,C,600000,scorecard
10072126,1e-06,1224,A,750000,scorecard
10072147,0.041972,644,B,650000,scorecard
10072168,0.003629,756,A,1000000,scorecard
10072181,0.032881,689,A,750000,scorecard
10072194,0.026092,689,A,550000,scorecard
10072196,0.012346,680,A,1000000,scorecard
10072202,0.007353,710,A,700000,scorecard
10072205,0.010395,690,A,400000,scorecard
10072217,7e-06,1224,A,400000,scorecard
10072222,0.046752,601,C,550000,scorecard
10072225,0.045642,619,C,450000,scorecard
10072287,0.034495,689,A,700000,scorecard
10072294,0.027502,690,A,1000000,scorecard
10072299,0.038282,619,C,550000,scorecard
10072307,0.037901,614,C,600000,scorecard
10072309,0.082283,601,C,400000,scorecard
10072312,0.003322,756,A,750000,scorecard
10072313,0.012169,690,A,1000000,scorecard
10072332,0.013333,676,B,800000,scorecard
10072348,0.003436,754,A,1000000,scorecard
10072362,0.051598,627,C,450000,scorecard
10072367,0.010601,689,A,650000,scorecard
10072385,0.010395,690,A,500000,scorecard
10072400,0.034565,619,C,400000,scorecard
10072405,0.01589,754,A,500000,scorecard
10072418,0.034565,619,C,550000,scorecard
10072425,0.034565,619,C,400000,scorecard
10072435,0.034565,619,C,400000,scorecard
10072438,0.012346,680,A,1000000,scorecard
10072452,0.013333,676,B,600000,scorecard
10072487,0.013153,690,A,900000,scorecard
10072506,0.007353,710,A,750000,scorecard
10072532,0.010395,690,A,400000,scorecard
10072540,0.013333,676,B,600000,scorecard
10072543,0.036458,616,C,600000,scorecard
10072562,0.036869,637,C,600000,scorecard
10072587,0.003593,754,A,700000,scorecard
10072619,2e-06,1224,A,600000,scorecard
10072628,0.036665,619,C,600000,scorecard
10072650,0.013333,676,B,800000,scorecard
10072658,0.053916,601,C,450000,scorecard
10072662,0.011355,690,A,1000000,scorecard
10072669,0.02666,646,B,700000,scorecard
10072678,0.034565,619,C,400000,scorecard
10072691,6e-06,1224,A,900000,scorecard
10072725,0.030612,627,C,400000,scorecard
10072739,0.010395,690,A,650000,scorecard
10072759,0.008321,756,A,1000000,scorecard
10072768,0.086454,690,A,450000,scorecard
10072824,0.034368,631,C,400000,scorecard
10072856,0.016579,689,A,450000,scorecard
10072879,0.006796,754,A,550000,scorecard
10072888,0.010395,690,A,800000,scorecard
10072896,0.010395,690,A,600000,scorecard
10072909,0.046099,631,C,400000,scorecard
10072923,0.074207,619,C,600000,scorecard
10072930,0.022222,646,B,450000,scorecard
10072937,0.022222,646,B,600000,scorecard
10072947,0.022222,646,B,650000,scorecard
10072969,0.011678,689,A,1000000,scorecard
10072975,0.080924,601,C,450000,scorecard
10072986,0.043581,680,A,500000,scorecard
10072993,0.053091,689,A,850000,scorecard
10072996,0.061807,601,C,550000,scorecard
10072999,0.034565,619,C,600000,scorecard
10073004,0.003436,754,A,850000,scorecard
10073029,0.046752,601,C,600000,scorecard
10073043,0.011769,690,A,700000,scorecard
10073052,0.07517,640,B,550000,scorecard
10073076,0.010395,690,A,400000,scorecard
10073086,0.015309,689,A,500000,scorecard
10073090,0.061001,646,B,750000,scorecard
10073095,0.06819,640,B,750000,scorecard
10073124,0.004365,756,A,400000,scorecard
10073141,0.024254,690,A,950000,scorecard
10073153,1e-06,1224,A,850000,scorecard
10073158,0.034565,619,C,600000,scorecard
10073182,0.014462,689,A,1000000,scorecard
10073213,0.010395,690,A,650000,scorecard
10073217,0.034565,619,C,600000,scorecard
10073250,0.03948,671,B,400000,scorecard
10073268,1e-06,1224,A,1000000,scorecard
10073271,0.028391,631,C,450000,scorecard
10073276,0.040311,690,A,950000,scorecard
10073282,0.022869,644,B,600000,scorecard
10073289,0.010395,690,A,450000,scorecard
10073297,0.010395,690,A,400000,scorecard
10073304,0.030773,676,B,700000,scorecard
10073312,0.014422,689,A,800000,scorecard
10073329,0.026015,676,B,450000,scorecard
10073366,0.027778,632,C,600000,scorecard
10073367,0.003322,756,A,1000000,scorecard
10073373,0.022222,646,B,800000,scorecard
10073382,0.058125,646,B,650000,scorecard
10073407,0.017787,689,A,1000000,scorecard
10073408,0.003436,754,A,450000,scorecard
10073424,0.003436,754,A,550000,scorecard
10073470,0.022869,644,B,800000,scorecard
10073481,0.034565,619,C,600000,scorecard
10073490,0.047258,631,C,400000,scorecard
10073495,0.035843,689,A,550000,scorecard
10073505,0.071082,690,A,650000,scorecard
10073506,0.128572,646,B,400000,scorecard
10073514,0.014389,690,A,550000,scorecard
10073526,0.025487,637,C,450000,scorecard
10073529,0.02081,689,A,450000,scorecard
10073536,0.034565,619,C,600000,scorecard
10073545,0.027113,644,B,400000,scorecard
10073557,0.017522,680,A,400000,scorecard
10073566,0.006231,754,A,450000,scorecard
10073594,0.068221,680,A,800000,scorecard
10073600,0.027919,676,B,750000,scorecard
10073614,0.01251,756,A,550000,scorecard
10073617,0.003436,754,A,450000,scorecard
10073618,0.011536,754,A,400000,scorecard
10073622,9e-06,1224,A,550000,scorecard
10073625,0.032027,646,B,400000,scorecard
10073643,0.030612,627,C,500000,scorecard
10073644,0.010395,690,A,1000000,scorecard
10073654,0.035358,644,B,700000,scorecard
10073657,0.006569,756,A,550000,scorecard
10073675,0.046752,601,C,400000,scorecard
10073677,0.02507,689,A,850000,scorecard
10073683,0.035748,689,A,800000,scorecard
10073706,0.054834,646,B,700000,scorecard
10073718,0.013,689,A,650000,scorecard
10073722,0.066723,579,D,400000,control
10073735,0.016987,756,A,800000,scorecard
10073744,0.012414,690,A,400000,scorecard
10073745,0.019545,690,A,600000,scorecard
10073761,0.015004,690,A,1000000,scorecard
10073765,0.015344,690,A,400000,scorecard
10073766,0.152336,601,C,450000,scorecard
10073770,0.003436,754,A,1000000,scorecard
10073771,1e-06,1224,A,750000,scorecard
10073781,0.085768,676,B,800000,scorecard
10073808,0.06202,601,C,600000,scorecard
10073822,0.082967,619,C,400000,scorecard
10073848,0.003322,756,A,500000,scorecard
10073857,0.010395,690,A,500000,scorecard
10073870,0.034565,619,C,600000,scorecard
10073883,0.010395,690,A,1000000,scorecard
10073891,0.003772,754,A,450000,scorecard
10073911,0.018703,689,A,400000,scorecard
10073913,0.019683,710,A,550000,scorecard
10073925,0.013475,690,A,450000,scorecard
10073953,0.022869,644,B,750000,scorecard
10073956,0.061423,676,B,450000,scorecard
10074020,0.027941,680,A,400000,scorecard
10074041,0.011447,690,A,700000,scorecard
10074045,0.02439,640,B,400000,scorecard
10074065,0.038124,689,A,400000,scorecard
10074068,0.024002,690,A,550000,scorecard
10074072,0.034565,619,C,600000,scorecard
10074089,0.01012,756,A,650000,scorecard
10074100,0.022222,646,B,450000,scorecard
10074106,0.049777,689,A,450000,scorecard
10074109,0.006869,754,A,1000000,scorecard
10074121,0.046752,601,C,600000,scorecard
10074127,0.028806,632,C,400000,scorecard
10074141,0.003387,755,A,400000,scorecard
10074179,0.029584,646,B,400000,scorecard
10074185,0.003322,756,A,700000,scorecard
10074196,0.129501,631,C,400000,scorecard
10074199,0.026922,690,A,700000,scorecard
10074264,0.036458,616,C,600000,scorecard
10074273,0.010601,689,A,450000,scorecard
10074290,0.027028,640,B,800000,scorecard
10074318,0.010395,690,A,450000,scorecard
10074346,0.034565,619,C,450000,scorecard
10074387,0.003322,756,A,400000,scorecard
10074412,0.034565,619,C,600000,scorecard
10074414,0.013333,676,B,700000,scorecard
10074425,0.034565,619,C,500000,scorecard
10074427,0.025187,689,A,700000,scorecard
10074431,0.004275,754,A,850000,scorecard
10074460,0.022869,644,B,800000,scorecard
10074470,0.096726,601,C,400000,scorecard
10074481,0.045404,644,B,500000,scorecard
10074486,0.056293,672,B,700000,scorecard
10074489,0.018448,690,A,1000000,scorecard
10074492,0.03841,676,B,700000,scorecard
10074510,0.012166,689,A,450000,scorecard
10074512,2e-06,1224,A,750000,scorecard
10074541,0.014493,671,B,550000,scorecard
10074550,0.091011,646,B,400000,scorecard
10074560,0.07499,646,B,800000,scorecard
10074575,0.007353,710,A,400000,scorecard
10074605,0.014281,690,A,1000000,scorecard
10074617,0.003322,756,A,1000000,scorecard
10074622,0.021507,690,A,750000,scorecard
10074646,0.046752,601,C,500000,scorecard
10074649,0.073364,680,A,550000,scorecard
10074650,0.031083,689,A,1000000,scorecard
10074653,0.062405,616,C,500000,scorecard
10074667,0.174252,601,C,500000,scorecard
10074698,0.022869,644,B,800000,scorecard
10074700,0.047888,631,C,400000,scorecard
10074708,0.017245,690,A,550000,scorecard
10074712,0.053505,644,B,800000,scorecard
10074739,0.003322,756,A,400000,scorecard
10074740,0.01235,756,A,450000,scorecard
10074745,0.025487,637,C,600000,scorecard
10074749,0.010513,754,A,600000,scorecard
10074767,0.071296,646,B,600000,scorecard
10074770,0.003436,754,A,400000,scorecard
10074803,0.011489,756,A,650000,scorecard
10074820,0.028391,631,C,600000,scorecard
10074830,0.015304,690,A,400000,scorecard
10074836,0.02479,680,A,750000,scorecard
10074865,0.028391,631,C,450000,scorecard
10074870,0.010601,689,A,750000,scorecard
10074885,0.012137,690,A,1000000,scorecard
10074890,0.010395,690,A,650000,scorecard
10074896,0.007353,710,A,950000,scorecard
10074898,0.046752,601,C,600000,scorecard
10074902,0.028617,689,A,400000,scorecard
10074958,0.004193,756,A,450000,scorecard
10074986,0.034565,619,C,600000,scorecard
10074997,2e-06,1224,A,450000,scorecard
10075021,0.046752,601,C,500000,scorecard
10075044,0.071949,616,C,400000,scorecard
10075056,0.059003,646,B,450000,scorecard
10075061,0.026366,689,A,400000,scorecard
10075082,0.010913,689,A,1000000,scorecard
10075087,0.012346,680,A,400000,scorecard
10075099,0.028391,631,C,400000,scorecard
10075119,0.004545,754,A,600000,scorecard
10075122,0.032494,632,C,550000,scorecard
10075131,0.025487,637,C,500000,scorecard
10075139,2e-06,1224,A,400000,scorecard
10075150,0.092288,601,C,400000,scorecard
10075178,0.010395,690,A,700000,scorecard
10075226,0.064387,632,C,500000,scorecard
10075236,0.035491,690,A,400000,scorecard
10075250,0.028391,631,C,600000,scorecard
10075251,0.078117,619,C,500000,scorecard
10075257,0.003436,754,A,400000,scorecard
10075287,0.013867,754,A,450000,scorecard
10075301,0.016525,676,B,500000,scorecard
10075333,0.007658,754,A,800000,scorecard
10075338,0.034565,619,C,600000,scorecard
10075347,0.047088,690,A,900000,scorecard
10075375,0.012005,690,A,1000000,scorecard
10075384,0.020423,689,A,550000,scorecard
10075407,0.003788,756,A,500000,scorecard
10075413,0.048668,601,C,500000,scorecard
10075428,0.004372,754,A,950000,scorecard
10075433,0.003322,756,A,450000,scorecard
10075439,0.034565,619,C,500000,scorecard
10075447,0.012346,680,A,850000,scorecard
10075448,0.071157,619,C,450000,scorecard
10075464,0.012979,754,A,500000,scorecard
10075485,0.024134,671,B,800000,scorecard
10075491,0.07427,601,C,500000,scorecard
10075534,0.036439,644,B,800000,scorecard
10075545,0.028391,631,C,500000,scorecard
10075570,0.016042,690,A,600000,scorecard
10075598,0.070802,631,C,600000,scorecard
10075620,0.013333,676,B,600000,scorecard
10075674,0.041744,631,C,450000,scorecard
10075676,0.019373,754,A,600000,scorecard
10075677,0.018297,690,A,450000,scorecard
10075689,0.090057,601,C,400000,scorecard
10075722,0.039835,689,A,1000000,scorecard
10075752,0.003422,756,A,450000,scorecard
10075764,0.090596,648,B,550000,scorecard
10075767,0.023657,676,B,500000,scorecard
10075771,0.012044,689,A,1000000,scorecard
10075774,0.068596,637,C,600000,scorecard
10075787,0.003436,754,A,800000,scorecard
10075794,0.034565,619,C,600000,scorecard
10075802,0.09128,646,B,500000,scorecard
10075812,0.042001,631,C,400000,scorecard
10075813,0.076713,619,C,550000,scorecard
10075814,0.01454,756,A,400000,scorecard
10075830,0.010601,689,A,1000000,scorecard
10075841,0.027778,632,C,600000,scorecard
10075846,0.060477,619,C,500000,scorecard
10075875,0.003436,754,A,700000,scorecard
10075927,0.004472,756,A,500000,scorecard
10075956,0.049991,646,B,800000,scorecard
10075961,0.005543,754,A,1000000,scorecard
10075989,0.070766,646,B,400000,scorecard
10076011,0.004344,754,A,450000,scorecard
10076026,0.010395,690,A,800000,scorecard
10076040,2e-06,1224,A,450000,scorecard
10076053,0.068297,619,C,450000,scorecard
10076072,0.031748,680,A,650000,scorecard
10076075,0.040347,646,B,550000,scorecard
10076087,0.004897,754,A,650000,scorecard
10076096,0.030612,627,C,400000,scorecard
10076100,0.066545,619,C,400000,scorecard
10076121,0.007532,754,A,650000,scorecard
10076124,0.034565,619,C,500000,scorecard
10076134,0.118575,646,B,400000,scorecard
10076163,0.011247,690,A,450000,scorecard
10076166,0.003436,754,A,800000,scorecard
10076190,0.012346,680,A,400000,scorecard
10076193,0.022124,754,A,500000,scorecard
10076219,1e-06,1224,A,500000,scorecard
10076238,1.2e-05,1224,A,600000,scorecard
10076266,0.026825,644,B,800000,scorecard
10076270,0.037657,614,C,600000,scorecard
10076293,0.026363,644,B,400000,scorecard
10076295,0.046752,601,C,600000,scorecard
10076304,0.010395,690,A,700000,scorecard
10076323,0.057821,637,C,500000,scorecard
10076346,0.099319,644,B,500000,scorecard
10076355,0.010601,689,A,500000,scorecard
10076362,0.023989,680,A,550000,scorecard
10076380,0.010601,689,A,400000,scorecard
10076384,0.010395,690,A,1000000,scorecard
10076407,0.101407,632,C,550000,scorecard
10076433,0.012062,689,A,1000000,scorecard
10076442,0.012115,690,A,750000,scorecard
10076478,0.081779,601,C,550000,scorecard
10076508,0.089455,690,A,550000,scorecard
10076519,0.132124,536,E,400000,control
10076523,0.036282,644,B,400000,scorecard
10076525,0.046752,601,C,600000,scorecard
10076527,0.010601,689,A,500000,scorecard
10076535,0.046752,601,C,600000,scorecard
10076537,0.008568,754,A,1000000,scorecard
10076584,0.013333,676,B,800000,scorecard
10076597,0.01444,690,A,600000,scorecard
10076599,0.022222,646,B,450000,scorecard
10076614,0.037938,644,B,500000,scorecard
10076626,0.025487,637,C,600000,scorecard
10076639,0.034565,619,C,600000,scorecard
10076650,0.003436,754,A,1000000,scorecard
10076669,0.030612,627,C,400000,scorecard
10076682,0.017087,689,A,400000,scorecard
10076731,0.12414,601,C,550000,scorecard
10076734,0.010395,690,A,500000,scorecard
10076744,0.034565,619,C,450000,scorecard
10076749,0.045925,619,C,600000,scorecard
10076773,0.141712,640,B,800000,scorecard
10076793,0.03555,644,B,550000,scorecard
10076820,0.003731,754,A,400000,scorecard
10076828,1e-06,1224,A,400000,scorecard
10076836,2e-06,1224,A,700000,scorecard
10076839,0.073987,690,A,450000,scorecard
10076843,0.012346,680,A,500000,scorecard
10076862,0.008961,754,A,550000,scorecard
10076886,0.003322,756,A,400000,scorecard
10076913,0.015066,680,A,1000000,scorecard
10076916,0.025487,637,C,600000,scorecard
10076917,0.137823,631,C,450000,scorecard
10076928,0.039958,676,B,500000,scorecard
10076929,0.004351,754,A,500000,scorecard
10076931,0.028581,631,C,400000,scorecard
10076937,0.010964,710,A,700000,scorecard
10076964,0.040865,619,C,400000,scorecard
10076988,0.052542,632,C,400000,scorecard
10077007,0.012346,680,A,400000,scorecard
10077009,0.019353,676,B,400000,scorecard
10077014,0.027343,689,A,650000,scorecard
10077033,0.042738,754,A,500000,scorecard
10077038,0.027778,632,C,600000,scorecard
10077068,0.020622,754,A,400000,scorecard
10077074,0.014019,710,A,950000,scorecard
10077098,0.038297,689,A,450000,scorecard
10077106,0.022869,644,B,800000,scorecard
10077131,0.034565,619,C,600000,scorecard
10077148,0.003128,774,A,550000,scorecard
10077150,0.016359,689,A,1000000,scorecard
10077162,0.149732,614,C,500000,scorecard
10077197,0.058264,601,C,550000,scorecard
10077219,0.004168,756,A,850000,scorecard
10077222,0.022869,644,B,400000,scorecard
10077252,0.023675,646,B,500000,scorecard
10077292,0.021395,676,B,400000,scorecard
10077309,0.006611,754,A,550000,scorecard
10077325,0.111976,689,A,850000,scorecard
10077331,0.005405,754,A,1000000,scorecard
10077342,0.045925,619,C,400000,scorecard
10077376,0.009994,754,A,750000,scorecard
10077381,0.028231,671,B,800000,scorecard
10077384,0.025054,689,A,1000000,scorecard
10077406,0.003436,754,A,450000,scorecard
10077454,1e-06,1224,A,950000,scorecard
10077463,0.037657,614,C,600000,scorecard
10077479,0.034565,619,C,500000,scorecard
10077482,0.022222,646,B,800000,scorecard
10077494,0.003322,756,A,400000,scorecard
10077510,0.007353,710,A,950000,scorecard
10077518,0.009011,710,A,600000,scorecard
10077543,0.045691,680,A,400000,scorecard
10077548,0.025487,637,C,600000,scorecard
10077579,0.034565,619,C,600000,scorecard
10077600,0.010601,689,A,1000000,scorecard
10077645,0.0382,676,B,800000,scorecard
10077649,0.010601,689,A,1000000,scorecard
10077655,0.009411,754,A,400000,scorecard
10077657,0.007353,710,A,400000,scorecard
10077671,0.053814,619,C,600000,scorecard
10077685,0.036458,616,C,600000,scorecard
10077691,0.007353,710,A,1000000,scorecard
10077692,0.035798,619,C,400000,scorecard
10077711,0.046752,601,C,600000,scorecard
10077718,0.033201,627,C,550000,scorecard
10077721,0.06106,619,C,400000,scorecard
10077736,0.027021,689,A,1000000,scorecard
10077744,0.010395,690,A,500000,scorecard
10077769,0.031201,689,A,500000,scorecard
10077784,0.012149,681,A,850000,scorecard
10077795,0.028391,631,C,600000,scorecard
10077799,0.040066,690,A,550000,scorecard
10077810,0.070111,601,C,550000,scorecard
10077812,0.010395,690,A,700000,scorecard
10077816,0.034565,619,C,600000,scorecard
10077824,0.036458,616,C,450000,scorecard
10077828,0.027778,632,C,600000,scorecard
10077853,0.010463,690,A,650000,scorecard
10077864,3e-06,1224,A,650000,scorecard
10077887,0.012346,680,A,400000,scorecard
10077894,0.003436,754,A,550000,scorecard
10077902,0.019333,676,B,450000,scorecard
10077905,0.027887,646,B,450000,scorecard
10077912,0.022869,644,B,800000,scorecard
10077922,0.003436,754,A,550000,scorecard
10077925,0.010395,690,A,400000,scorecard
10077926,0.010601,689,A,900000,scorecard
10077930,0.018541,690,A,1000000,scorecard
10077952,0.04655,646,B,800000,scorecard
10077956,0.034565,619,C,400000,scorecard
10077980,0.011903,690,A,450000,scorecard
10078020,0.049522,689,A,700000,scorecard
10078037,0.077242,616,C,600000,scorecard
10078050,0.044034,619,C,550000,scorecard
10078051,0.003436,754,A,400000,scorecard
10078115,0.048067,690,A,500000,scorecard
10078125,0.061651,631,C,600000,scorecard
10078126,0.028391,631,C,400000,scorecard
10078134,0.123904,601,C,600000,scorecard
10078154,0.010601,689,A,650000,scorecard
10078157,0.010395,690,A,400000,scorecard
10078173,0.034565,619,C,600000,scorecard
10078188,0.049287,619,C,600000,scorecard
10078210,0.048374,637,C,500000,scorecard
10078221,0.016534,671,B,450000,scorecard
10078230,0.014835,690,A,700000,scorecard
10078233,0.156307,646,B,650000,scorecard
10078252,0.028391,631,C,600000,scorecard
10078264,0.005435,756,A,500000,scorecard
10078267,0.004218,756,A,450000,scorecard
10078276,1e-06,1224,A,750000,scorecard
10078284,0.011799,754,A,450000,scorecard
10078295,0.004834,756,A,500000,scorecard
10078299,0.06198,627,C,600000,scorecard
10078306,0.040053,619,C,400000,scorecard
10078328,0.012064,756,A,450000,scorecard
10078363,0.017702,690,A,400000,scorecard
10078383,0.007353,710,A,400000,scorecard
10078430,0.023051,680,A,800000,scorecard
10078446,0.010395,690,A,450000,scorecard
10078447,0.010864,690,A,950000,scorecard
10078517,0.004368,754,A,850000,scorecard
10078518,0.012478,756,A,400000,scorecard
10078523,0.024115,690,A,450000,scorecard
10078529,0.011148,756,A,750000,scorecard
10078536,0.010601,689,A,400000,scorecard
10078553,0.014493,671,B,550000,scorecard
10078581,0.006824,756,A,450000,scorecard
10078605,0.014493,671,B,550000,scorecard
10078610,0.022671,676,B,500000,scorecard
10078619,0.012676,690,A,400000,scorecard
10078654,0.034565,619,C,400000,scorecard
10078667,0.015204,680,A,1000000,scorecard
10078668,0.034565,619,C,400000,scorecard
10078675,0.007353,710,A,1000000,scorecard
10078694,0.146496,631,C,450000,scorecard
10078701,0.010395,690,A,1000000,scorecard
10078715,0.003322,756,A,450000,scorecard
10078763,0.019859,676,B,450000,scorecard
10078764,0.05994,646,B,800000,scorecard
10078778,0.010601,689,A,600000,scorecard
10078783,0.061535,601,C,400000,scorecard
10078786,0.026579,690,A,450000,scorecard
10078803,0.016978,754,A,600000,scorecard
10078822,0.015922,712,A,450000,scorecard
10078826,0.088087,601,C,400000,scorecard
10078870,0.03087,689,A,450000,scorecard
10078889,0.010395,690,A,500000,scorecard
10078900,0.190471,616,C,450000,scorecard
10078929,0.012346,680,A,700000,scorecard
10078935,0.028022,690,A,450000,scorecard
10078955,0.003436,754,A,600000,scorecard
10078966,0.048176,601,C,500000,scorecard
10078977,3e-06,1224,A,400000,scorecard
10078981,0.051712,614,C,600000,scorecard
10078991,0.022391,676,B,450000,scorecard
10079004,0.029195,671,B,400000,scorecard
10079007,0.025487,637,C,550000,scorecard
10079009,0.037901,614,C,600000,scorecard
10079064,0.015161,690,A,550000,scorecard
10079065,0.010395,690,A,850000,scorecard
10079067,0.057792,601,C,400000,scorecard
10079118,0.030612,627,C,450000,scorecard
10079135,0.042034,619,C,600000,scorecard
10079138,0.019033,676,B,400000,scorecard
10079139,0.100817,553,E,400000,control
10079152,0.010601,689,A,400000,scorecard
10079163,0.085267,631,C,500000,scorecard
10079240,2e-06,1224,A,550000,scorecard
10079265,0.055859,616,C,450000,scorecard
10079268,0.015763,676,B,700000,scorecard
10079288,0.017987,710,A,700000,scorecard
10079349,0.181922,616,C,450000,scorecard
10079358,0.010395,690,A,500000,scorecard
10079378,0.035917,644,B,400000,scorecard
10079381,0.010601,689,A,700000,scorecard
10079390,5e-06,1224,A,500000,scorecard
10079400,0.030612,627,C,400000,scorecard
10079402,0.022222,646,B,800000,scorecard
10079419,0.035487,680,A,550000,scorecard
10079431,0.036458,616,C,400000,scorecard
10079448,0.010039,756,A,450000,scorecard
10079464,0.003322,756,A,500000,scorecard
10079475,0.014493,671,B,800000,scorecard
10079504,0.046752,601,C,400000,scorecard
10079527,0.003553,756,A,500000,scorecard
10079556,0.030612,627,C,600000,scorecard
10079561,0.039801,631,C,450000,scorecard
10079562,4e-06,1224,A,400000,scorecard
10079573,0.010395,690,A,1000000,scorecard
10079579,0.035333,680,A,700000,scorecard
10079591,0.003436,754,A,500000,scorecard
10079599,0.038512,689,A,650000,scorecard
10079621,0.036458,616,C,600000,scorecard
10079645,0.034565,619,C,600000,scorecard
10079656,0.055519,637,C,600000,scorecard
10079664,0.003436,754,A,400000,scorecard
10079671,0.037125,646,B,550000,scorecard
10079672,1e-06,1224,A,450000,scorecard
10079682,0.053046,637,C,400000,scorecard
10079710,0.016703,680,A,400000,scorecard
10079716,0.003436,754,A,400000,scorecard
10079730,0.011611,690,A,450000,scorecard
10079740,0.02439,640,B,600000,scorecard
10079754,0.022986,689,A,1000000,scorecard
10079759,0.017558,676,B,650000,scorecard
10079784,0.022869,644,B,400000,scorecard
10079796,0.036458,616,C,450000,scorecard
10079799,0.034565,619,C,600000,scorecard
10079819,0.046752,601,C,600000,scorecard
10079827,0.020068,689,A,950000,scorecard
10079866,0.022869,644,B,500000,scorecard
10079904,0.045733,671,B,600000,scorecard
10079939,0.00647,756,A,500000,scorecard
10079950,0.013333,676,B,800000,scorecard
10079964,0.031117,690,A,900000,scorecard
10079982,0.026718,689,A,400000,scorecard
10080008,0.02439,640,B,700000,scorecard
10080027,0.067473,646,B,400000,scorecard
10080033,0.010395,690,A,800000,scorecard
10080052,0.022222,646,B,450000,scorecard
10080054,0.027213,644,B,550000,scorecard
10080066,0.065314,689,A,400000,scorecard
10080078,0.013958,690,A,400000,scorecard
10080083,0.010601,689,A,850000,scorecard
10080087,0.02059,690,A,500000,scorecard
10080112,0.010395,690,A,600000,scorecard
10080158,0.003322,756,A,750000,scorecard
10080184,0.00918,754,A,850000,scorecard
10080192,0.016139,756,A,500000,scorecard
10080242,0.029637,690,A,450000,scorecard
10080248,0.00474,754,A,400000,scorecard
10080250,0.025487,637,C,600000,scorecard
10080252,0.034565,619,C,400000,scorecard
10080274,0.010395,690,A,1000000,scorecard
10080292,0.163918,601,C,500000,scorecard
10080294,0.036245,671,B,500000,scorecard
10080295,0.024832,756,A,450000,scorecard
10080310,0.089161,619,C,600000,scorecard
10080314,0.034565,619,C,450000,scorecard
10080318,0.047856,619,C,500000,scorecard
10080324,0.015388,689,A,800000,scorecard
10080327,0.017431,689,A,450000,scorecard
10080330,0.034565,619,C,550000,scorecard
10080334,0.062423,601,C,600000,scorecard
10080351,0.074975,640,B,400000,scorecard
10080357,0.003436,754,A,400000,scorecard
10080391,0.022458,689,A,600000,scorecard
10080408,0.042742,689,A,650000,scorecard
10080417,0.005725,754,A,750000,scorecard
10080421,0.007353,710,A,1000000,scorecard
10080435,0.010601,689,A,950000,scorecard
10080446,0.015556,754,A,450000,scorecard
10080484,0.012346,680,A,750000,scorecard
10080492,1e-06,1224,A,500000,scorecard
10080502,0.049643,710,A,400000,scorecard
10080535,0.010395,690,A,1000000,scorecard
10080546,0.010601,689,A,1000000,scorecard
10080549,0.034565,619,C,400000,scorecard
10080573,0.063175,627,C,400000,scorecard
10080581,0.04535,680,A,1000000,scorecard
10080582,0.004284,756,A,400000,scorecard
10080600,0.025707,690,A,950000,scorecard
10080602,0.043573,680,A,550000,scorecard
10080604,0.005931,754,A,750000,scorecard
10080619,0.025718,689,A,500000,scorecard
10080650,0.037068,690,A,450000,scorecard
10080652,0.034565,619,C,450000,scorecard
10080653,0.004011,754,A,900000,scorecard
10080659,0.010395,690,A,550000,scorecard
10080661,0.075934,680,A,550000,scorecard
10080669,0.034565,619,C,400000,scorecard
10080674,0.003322,756,A,500000,scorecard
10080675,0.034565,619,C,600000,scorecard
10080686,0.004975,754,A,1000000,scorecard
10080700,0.029355,676,B,450000,scorecard
10080744,0.046752,601,C,450000,scorecard
10080801,0.014204,676,B,800000,scorecard
10080814,0.027778,632,C,450000,scorecard
10080842,0.014538,690,A,800000,scorecard
10080854,0.037657,614,C,600000,scorecard
10080859,0.044266,644,B,550000,scorecard
10080897,4e-06,1224,A,900000,scorecard
10080906,0.189577,627,C,450000,scorecard
10080917,0.022869,644,B,800000,scorecard
10080921,0.005709,756,A,900000,scorecard
10080934,0.004028,756,A,500000,scorecard
10080950,0.011241,756,A,450000,scorecard
10081021,0.034565,619,C,450000,scorecard
10081026,0.034565,619,C,600000,scorecard
10081027,1e-06,1224,A,1000000,scorecard
10081054,0.093987,619,C,500000,scorecard
10081059,0.010395,690,A,500000,scorecard
10081061,0.025487,637,C,600000,scorecard
10081072,0.013333,676,B,650000,scorecard
10081081,0.034565,619,C,600000,scorecard
10081089,0.084802,601,C,400000,scorecard
10081097,0.00487,754,A,450000,scorecard
10081100,0.004055,756,A,500000,scorecard
10081107,0.010601,689,A,1000000,scorecard
10081112,0.003941,754,A,500000,scorecard
10081119,0.095032,619,C,500000,scorecard
10081136,0.113465,619,C,550000,scorecard
10081139,0.031438,689,A,400000,scorecard
10081151,0.013333,676,B,400000,scorecard
10081158,0.004846,756,A,650000,scorecard
10081167,0.003436,754,A,700000,scorecard
10081178,0.013333,676,B,450000,scorecard
10081181,0.046752,601,C,500000,scorecard
10081200,0.007417,754,A,500000,scorecard
10081214,0.047919,619,C,500000,scorecard
10081230,0.022327,754,A,750000,scorecard
10081246,0.004352,756,A,650000,scorecard
10081277,0.026266,689,A,450000,scorecard
10081290,0.046752,601,C,600000,scorecard
10081323,0.022869,644,B,700000,scorecard
10081338,1e-06,1224,A,400000,scorecard
10081349,0.030612,627,C,450000,scorecard
10081360,0.014819,690,A,450000,scorecard
10081366,0.010395,690,A,450000,scorecard
10081376,0.026213,690,A,400000,scorecard
10081384,0.010427,756,A,550000,scorecard
10081388,0.011817,756,A,450000,scorecard
10081393,0.020634,690,A,500000,scorecard
10081405,0.022869,644,B,800000,scorecard
10081428,0.133492,616,C,400000,scorecard
10081435,0.004224,754,A,400000,scorecard
10081465,0.025487,637,C,600000,scorecard
10081471,0.003436,754,A,450000,scorecard
10081506,0.013252,689,A,400000,scorecard
10081516,0.039925,689,A,500000,scorecard
10081543,0.024745,644,B,450000,scorecard
10081548,0.034565,619,C,600000,scorecard
10081568,0.003549,756,A,1000000,scorecard
10081614,0.022222,646,B,500000,scorecard
10081659,0.028391,631,C,600000,scorecard
10081692,0.010395,690,A,400000,scorecard
10081694,0.014493,671,B,500000,scorecard
10081697,0.025487,637,C,600000,scorecard
10081712,0.022869,644,B,400000,scorecard
10081718,0.010601,689,A,600000,scorecard
10081725,0.032952,646,B,800000,scorecard
10081734,0.012346,680,A,450000,scorecard
10081736,0.08759,601,C,400000,scorecard
10081737,0.010601,689,A,500000,scorecard
10081765,0.046752,601,C,600000,scorecard
10081786,0.010395,690,A,500000,scorecard
10081802,0.025487,637,C,400000,scorecard
10081832,2e-06,1224,A,500000,scorecard
10081878,0.031935,676,B,400000,scorecard
10081882,0.013274,689,A,850000,scorecard
10081891,0.034565,619,C,600000,scorecard
10081910,0.009225,756,A,450000,scorecard
10081912,0.004539,754,A,1000000,scorecard
10081918,0.035896,632,C,600000,scorecard
10081923,0.116302,616,C,450000,scorecard
10081935,0.04011,646,B,800000,scorecard
10081943,0.013333,676,B,600000,scorecard
10081946,0.02647,671,B,400000,scorecard
10081981,0.020837,690,A,750000,scorecard
10082025,0.104183,644,B,450000,scorecard
10082029,0.051101,689,A,550000,scorecard
10082035,0.010472,754,A,800000,scorecard
10082039,0.028391,631,C,600000,scorecard
10082053,0.019361,756,A,600000,scorecard
10082102,0.037384,690,A,800000,scorecard
10082104,0.078935,627,C,450000,scorecard
10082135,0.02069,690,A,1000000,scorecard
10082151,0.013421,756,A,450000,scorecard
10082154,0.016027,676,B,550000,scorecard
10082160,0.018272,754,A,1000000,scorecard
10082182,0.010395,690,A,750000,scorecard
10082191,0.003436,754,A,1000000,scorecard
10082192,0.003436,754,A,900000,scorecard
10082196,0.084932,631,C,450000,scorecard
10082200,0.100709,601,C,400000,scorecard
10082236,0.028391,631,C,550000,scorecard
10082254,0.00896,756,A,450000,scorecard
10082283,0.012346,680,A,1000000,scorecard
10082295,0.00394,756,A,1000000,scorecard
10082319,0.015046,689,A,600000,scorecard
10082322,0.004872,756,A,600000,scorecard
10082338,0.018586,756,A,1000000,scorecard
10082414,0.004173,756,A,900000,scorecard
10082424,0.012346,680,A,400000,scorecard
10082427,0.134571,601,C,500000,scorecard
10082428,0.046752,601,C,500000,scorecard
10082440,0.046752,601,C,550000,scorecard
10082447,0.004972,756,A,600000,scorecard
10082467,0.010395,690,A,600000,scorecard
10082481,0.025504,690,A,650000,scorecard
10082489,0.030261,689,A,450000,scorecard
10082493,0.066723,579,D,400000,control
10082509,0.010395,690,A,800000,scorecard
10082533,0.004644,756,A,950000,scorecard
10082552,0.111839,631,C,450000,scorecard
10082561,1e-06,1224,A,1000000,scorecard
10082576,0.010009,756,A,500000,scorecard
10082591,0.00855,754,A,1000000,scorecard
10082599,0.057373,631,C,400000,scorecard
10082623,0.028391,631,C,400000,scorecard
10082636,0.022222,646,B,500000,scorecard
10082637,0.0164,710,A,1000000,scorecard
10082638,0.036458,616,C,400000,scorecard
10082676,0.046752,601,C,550000,scorecard
10082680,0.018133,689,A,450000,scorecard
10082682,0.028391,631,C,400000,scorecard
10082695,0.010395,690,A,850000,scorecard
10082727,4e-06,1224,A,400000,scorecard
10082729,0.015675,756,A,500000,scorecard
10082732,0.047529,689,A,950000,scorecard
10082740,0.003436,754,A,500000,scorecard
10082744,0.058677,614,C,500000,scorecard
10082750,0.054001,619,C,450000,scorecard
10082760,0.038823,690,A,400000,scorecard
10082777,0.010395,690,A,400000,scorecard
10082798,0.003322,756,A,400000,scorecard
10082812,0.042788,646,B,400000,scorecard
10082827,0.054986,646,B,450000,scorecard
10082849,0.100817,553,E,400000,control
10082867,0.03312,690,A,700000,scorecard
10082898,0.003436,754,A,1000000,scorecard
10082909,0.072019,640,B,600000,scorecard
10082915,0.022869,644,B,500000,scorecard
10082924,0.024444,680,A,450000,scorecard
10082950,0.072328,689,A,1000000,scorecard
10082986,0.017789,689,A,400000,scorecard
10083049,0.030612,627,C,550000,scorecard
10083057,0.014493,671,B,800000,scorecard
10083060,0.017755,690,A,700000,scorecard
10083068,0.034565,619,C,600000,scorecard
10083070,0.064369,619,C,600000,scorecard
10083075,0.018895,676,B,450000,scorecard
10083077,0.01766,690,A,600000,scorecard
10083084,0.036014,690,A,700000,scorecard
10083125,0.003436,754,A,700000,scorecard
10083157,0.02492,690,A,500000,scorecard
10083197,0.04932,637,C,400000,scorecard
10083214,0.010395,690,A,600000,scorecard
10083238,0.010395,690,A,750000,scorecard
10083242,0.010395,690,A,650000,scorecard
10083292,0.007181,754,A,450000,scorecard
10083306,0.022222,646,B,550000,scorecard
10083323,0.049987,616,C,600000,scorecard
10083336,0.003322,756,A,500000,scorecard
10083343,0.007353,710,A,650000,scorecard
10083353,0.003436,754,A,400000,scorecard
10083384,0.011193,754,A,800000,scorecard
10083395,0.034694,619,C,600000,scorecard
10083402,0.005062,756,A,400000,scorecard
10083435,0.008355,756,A,650000,scorecard
10083506,0.034565,619,C,500000,scorecard
10083526,0.006529,756,A,950000,scorecard
10083533,0.022222,646,B,800000,scorecard
10083547,0.003322,756,A,400000,scorecard
10083561,0.003322,756,A,450000,scorecard
10083600,0.027193,644,B,500000,scorecard
10083633,0.065938,616,C,550000,scorecard
10083636,0.010601,689,A,400000,scorecard
10083639,0.019303,680,A,400000,scorecard
10083642,0.010181,754,A,800000,scorecard
10083649,0.028391,631,C,400000,scorecard
10083662,0.0122,689,A,650000,scorecard
10083671,1e-06,1224,A,1000000,scorecard
10083677,0.010395,690,A,450000,scorecard
10083679,0.010601,689,A,550000,scorecard
10083695,0.063618,646,B,550000,scorecard
10083703,2e-06,1224,A,700000,scorecard
10083706,0.034565,619,C,550000,scorecard
10083708,0.016731,689,A,1000000,scorecard
10083709,0.052692,601,C,500000,scorecard
10083717,0.010601,689,A,1000000,scorecard
10083737,0.084803,676,B,550000,scorecard
10083746,0.034565,619,C,600000,scorecard
10083854,0.037722,644,B,600000,scorecard
10083856,0.027348,640,B,400000,scorecard
10083861,0.054564,619,C,400000,scorecard
10083866,0.019533,689,A,1000000,scorecard
10083919,0.175356,619,C,450000,scorecard
10083935,0.013088,710,A,1000000,scorecard
10083950,0.010395,690,A,1000000,scorecard
10083959,0.04541,637,C,400000,scorecard
10083983,0.008543,754,A,500000,scorecard
10083984,0.003436,754,A,800000,scorecard
10083995,0.014493,671,B,500000,scorecard
10084014,0.003436,754,A,550000,scorecard
10084018,0.023429,680,A,750000,scorecard
10084020,0.041808,637,C,450000,scorecard
10084021,0.013333,676,B,650000,scorecard
10084041,0.035627,756,A,750000,scorecard
10084064,0.019894,690,A,650000,scorecard
10084085,0.031303,637,C,400000,scorecard
10084092,0.010395,690,A,450000,scorecard
10084101,0.003436,754,A,500000,scorecard
10084102,0.04737,676,B,400000,scorecard
10084106,0.028391,631,C,450000,scorecard
10084118,0.010395,690,A,450000,scorecard
10084147,0.040448,616,C,600000,scorecard
10084179,0.012812,710,A,1000000,scorecard
10084182,0.028391,631,C,450000,scorecard
10084197,0.025096,710,A,750000,scorecard
10084211,0.03671,690,A,500000,scorecard
10084213,0.009776,710,A,450000,scorecard
10084219,0.173268,646,B,800000,scorecard
10084223,0.053338,689,A,1000000,scorecard
10084227,0.028391,631,C,600000,scorecard
10084228,0.003436,754,A,1000000,scorecard
10084235,0.027778,632,C,400000,scorecard
10084256,0.046499,676,B,400000,scorecard
10084260,0.066236,619,C,400000,scorecard
10084267,0.065232,619,C,600000,scorecard
10084272,0.028391,631,C,400000,scorecard
10084316,0.004689,754,A,500000,scorecard
10084330,0.02524,644,B,800000,scorecard
10084331,0.022869,644,B,400000,scorecard
10084342,0.033572,632,C,600000,scorecard
10084354,0.101227,631,C,600000,scorecard
10084360,0.00499,754,A,1000000,scorecard
10084379,0.007353,710,A,550000,scorecard
10084395,0.012346,680,A,400000,scorecard
10084434,0.003436,754,A,1000000,scorecard
10084447,0.034822,644,B,400000,scorecard
10084452,0.008811,756,A,400000,scorecard
10084460,0.034565,619,C,550000,scorecard
10084470,0.037901,614,C,450000,scorecard
10084471,0.012162,689,A,600000,scorecard
10084475,0.041345,619,C,400000,scorecard
10084508,0.005109,754,A,1000000,scorecard
10084525,0.022222,646,B,550000,scorecard
10084528,0.012346,680,A,850000,scorecard
10084559,0.071237,601,C,450000,scorecard
10084572,0.054097,690,A,500000,scorecard
10084576,0.030031,689,A,800000,scorecard
10084585,0.022869,644,B,800000,scorecard
10084592,0.003436,754,A,400000,scorecard
10084594,0.00764,756,A,650000,scorecard
10084606,0.034565,619,C,600000,scorecard
10084616,0.022222,646,B,500000,scorecard
10084641,0.034565,619,C,600000,scorecard
10084661,0.010395,690,A,550000,scorecard
10084671,0.016681,690,A,650000,scorecard
10084678,0.011071,754,A,650000,scorecard
10084697,0.012346,680,A,450000,scorecard
10084698,0.022869,644,B,800000,scorecard
10084713,0.003322,756,A,500000,scorecard
10084728,0.016974,756,A,400000,scorecard
10084738,0.034565,619,C,600000,scorecard
10084753,0.008965,754,A,500000,scorecard
10084764,0.010601,689,A,1000000,scorecard
10084776,0.010395,690,A,600000,scorecard
10084792,0.022343,689,A,500000,scorecard
10084809,0.013333,676,B,800000,scorecard
10084815,0.034565,619,C,500000,scorecard
10084857,0.022222,646,B,800000,scorecard
10084898,0.039483,619,C,600000,scorecard
10084906,0.015783,690,A,400000,scorecard
10084909,1.2e-05,1224,A,700000,scorecard
10084923,0.034565,619,C,400000,scorecard
10084962,0.055053,631,C,400000,scorecard
10084965,0.034565,619,C,450000,scorecard
10084967,0.112622,646,B,500000,scorecard
10084990,0.012698,710,A,500000,scorecard
10085000,0.04669,689,A,450000,scorecard
10085004,0.008795,754,A,550000,scorecard
10085006,0.044233,632,C,400000,scorecard
10085009,0.014613,689,A,550000,scorecard
10085032,0.003625,754,A,1000000,scorecard
10085052,0.022222,646,B,800000,scorecard
10085054,0.036458,616,C,400000,scorecard
10085058,0.030457,689,A,650000,scorecard
10085086,0.003847,754,A,400000,scorecard
10085087,0.030612,627,C,450000,scorecard
10085095,0.064772,690,A,450000,scorecard
10085101,0.037657,614,C,600000,scorecard
10085121,0.039759,644,B,400000,scorecard
10085145,0.023824,680,A,1000000,scorecard
10085174,0.010395,690,A,400000,scorecard
10085183,0.025487,637,C,400000,scorecard
10085197,0.022222,646,B,400000,scorecard
10085222,2e-06,1224,A,400000,scorecard
10085249,0.022222,646,B,450000,scorecard
10085280,0.045203,627,C,400000,scorecard
10085286,0.003902,756,A,400000,scorecard
10085321,0.034815,689,A,750000,scorecard
10085336,0.077978,690,A,850000,scorecard
10085339,0.010778,690,A,450000,scorecard
10085379,0.007946,756,A,700000,scorecard
10085380,0.011515,756,A,600000,scorecard
10085385,0.010601,689,A,500000,scorecard
10085396,0.037121,689,A,500000,scorecard
10085418,0.012046,690,A,700000,scorecard
10085420,0.010601,689,A,550000,scorecard
10085441,0.037901,614,C,600000,scorecard
10085457,0.058505,676,B,550000,scorecard
10085462,0.021476,689,A,650000,scorecard
10085470,0.109725,644,B,700000,scorecard
10085478,0.004353,756,A,650000,scorecard
10085479,0.068691,616,C,600000,scorecard
10085530,0.090579,619,C,450000,scorecard
10085533,0.013333,676,B,800000,scorecard
10085542,0.010395,690,A,850000,scorecard
10085546,0.027778,632,C,450000,scorecard
10085553,0.044845,690,A,800000,scorecard
10085598,3e-06,1224,A,700000,scorecard
10085603,0.067603,616,C,500000,scorecard
10085606,0.046752,601,C,600000,scorecard
10085620,5e-06,1224,A,500000,scorecard
10085623,0.073731,601,C,400000,scorecard
10085624,0.034565,619,C,550000,scorecard
10085626,0.036458,616,C,500000,scorecard
10085657,0.003322,756,A,600000,scorecard
10085663,0.0533,644,B,550000,scorecard
10085674,2e-06,1224,A,400000,scorecard
10085678,0.046752,601,C,450000,scorecard
10085687,0.036476,689,A,550000,scorecard
10085727,0.01415,680,A,850000,scorecard
10085751,0.025487,637,C,600000,scorecard
10085757,0.030612,627,C,600000,scorecard
10085779,0.036458,616,C,600000,scorecard
10085820,0.026551,690,A,600000,scorecard
10085822,0.045936,602,C,600000,scorecard
10085830,0.011704,756,A,400000,scorecard
10085833,0.013333,676,B,800000,scorecard
10085842,0.06908,601,C,400000,scorecard
10085846,0.022222,646,B,400000,scorecard
10085880,0.045584,690,A,400000,scorecard
10085885,0.036466,680,A,400000,scorecard
10085955,0.102353,601,C,400000,scorecard
10085988,0.032411,689,A,750000,scorecard
10086002,0.022869,644,B,800000,scorecard
10086019,0.013333,676,B,800000,scorecard
10086027,0.060222,619,C,400000,scorecard
10086032,0.003436,754,A,550000,scorecard
10086039,0.029648,710,A,950000,scorecard
10086057,0.032965,689,A,450000,scorecard
10086058,0.053713,646,B,400000,scorecard
10086063,0.022869,644,B,800000,scorecard
10086080,0.037657,614,C,500000,scorecard
10086165,0.034565,619,C,400000,scorecard
10086168,0.011408,690,A,550000,scorecard
10086193,0.010601,689,A,450000,scorecard
10086195,0.003322,756,A,450000,scorecard
10086206,0.036458,616,C,600000,scorecard
10086207,0.014417,689,A,400000,scorecard
10086213,0.056506,690,A,450000,scorecard
10086216,0.022397,689,A,800000,scorecard
10086224,0.022869,644,B,550000,scorecard
10086231,0.014316,689,A,600000,scorecard
10086236,0.003436,754,A,1000000,scorecard
10086240,0.071728,644,B,400000,scorecard
10086242,0.046752,601,C,500000,scorecard
10086246,0.016927,676,B,800000,scorecard
10086253,0.018917,690,A,500000,scorecard
10086254,0.046752,601,C,500000,scorecard
10086260,0.034565,619,C,400000,scorecard
10086261,0.018007,754,A,900000,scorecard
10086265,0.034565,619,C,600000,scorecard
10086275,0.016987,690,A,1000000,scorecard
10086279,0.059822,619,C,600000,scorecard
10086342,0.007341,754,A,600000,scorecard
10086343,0.034565,619,C,600000,scorecard
10086344,0.003729,756,A,450000,scorecard
10086351,0.013333,676,B,550000,scorecard
10086356,0.020783,689,A,450000,scorecard
10086359,0.069507,601,C,600000,scorecard
10086369,0.009825,756,A,500000,scorecard
10086378,0.061274,631,C,450000,scorecard
10086384,0.022869,644,B,400000,scorecard
10086437,0.010395,690,A,850000,scorecard
10086439,0.012444,689,A,550000,scorecard
10086480,0.028391,631,C,400000,scorecard
10086485,0.019801,680,A,550000,scorecard
10086490,0.004306,756,A,700000,scorecard
10086501,0.074942,619,C,400000,scorecard
10086514,0.010395,690,A,400000,scorecard
10086518,0.012034,690,A,600000,scorecard
10086521,0.011593,756,A,900000,scorecard
10086532,0.01595,690,A,400000,scorecard
10086533,0.029272,632,C,450000,scorecard
10086534,0.010395,690,A,1000000,scorecard
10086537,0.027135,680,A,500000,scorecard
10086563,0.010395,690,A,650000,scorecard
10086571,0.034565,619,C,400000,scorecard
10086572,0.114113,601,C,400000,scorecard
10086639,0.022869,644,B,650000,scorecard
10086648,0.040361,671,B,800000,scorecard
10086652,0.010601,689,A,550000,scorecard
10086666,0.022222,646,B,750000,scorecard
10086680,0.09924,680,A,550000,scorecard
10086687,0.034846,690,A,500000,scorecard
10086694,0.013333,676,B,600000,scorecard
10086696,5e-06,1224,A,1000000,scorecard
10086740,0.03098,627,C,400000,scorecard
10086793,0.003436,754,A,650000,scorecard
10086797,0.010395,690,A,600000,scorecard
10086814,0.010601,689,A,1000000,scorecard
10086832,0.003322,756,A,1000000,scorecard
10086862,0.012346,680,A,450000,scorecard
10086878,0.039553,646,B,800000,scorecard
10086883,0.135283,619,C,550000,scorecard
10086890,0.022222,646,B,400000,scorecard
10086895,1e-06,1224,A,400000,scorecard
10086898,0.028391,631,C,450000,scorecard
10086941,0.013333,676,B,500000,scorecard
10086956,0.004512,756,A,500000,scorecard
10086960,0.012346,680,A,1000000,scorecard
10086967,3e-06,1224,A,500000,scorecard
10086976,0.010395,690,A,450000,scorecard
10086985,0.066901,579,D,400000,control
10087007,0.051111,601,C,600000,scorecard
10087011,0.003322,756,A,450000,scorecard
10087017,0.022222,646,B,400000,scorecard
10087018,0.026057,646,B,800000,scorecard
10087020,0.034565,619,C,600000,scorecard
10087021,0.031388,637,C,550000,scorecard
10087044,0.073251,619,C,500000,scorecard
10087074,0.003436,754,A,1000000,scorecard
10087076,0.050186,619,C,600000,scorecard
10087078,0.013333,676,B,800000,scorecard
10087093,0.193729,601,C,450000,scorecard
10087096,0.092075,601,C,600000,scorecard
10087112,0.0455,690,A,400000,scorecard
10087122,0.025487,637,C,600000,scorecard
10087141,0.010395,690,A,650000,scorecard
10087147,0.010395,690,A,500000,scorecard
10087158,0.019132,690,A,500000,scorecard
10087190,0.07342,644,B,450000,scorecard
10087217,0.010601,689,A,400000,scorecard
10087234,0.022521,754,A,850000,scorecard
10087247,0.003322,756,A,850000,scorecard
10087252,0.013604,689,A,400000,scorecard
10087270,0.028391,631,C,600000,scorecard
10087279,0.012188,689,A,400000,scorecard
10087285,0.06084,680,A,450000,scorecard
10087292,0.026347,689,A,900000,scorecard
10087300,0.046752,601,C,600000,scorecard
10087312,0.007353,710,A,750000,scorecard
10087353,0.034565,619,C,450000,scorecard
10087379,0.122112,676,B,550000,scorecard
10087387,0.036697,690,A,400000,scorecard
10087396,0.099533,619,C,450000,scorecard
10087426,0.074383,646,B,500000,scorecard
10087433,0.034108,627,C,600000,scorecard
10087435,0.047859,646,B,500000,scorecard
10087438,0.034565,619,C,600000,scorecard
10087441,0.066644,601,C,600000,scorecard
10087468,1e-06,1224,A,450000,scorecard
10087479,0.086854,646,B,500000,scorecard
10087496,0.017851,689,A,550000,scorecard
10087513,0.022715,646,B,700000,scorecard
10087516,0.036458,616,C,600000,scorecard
10087519,0.003322,756,A,500000,scorecard
10087542,0.005836,754,A,450000,scorecard
10087575,0.027399,690,A,1000000,scorecard
10087576,0.056718,619,C,600000,scorecard
10087600,0.027884,690,A,450000,scorecard
10087613,0.003322,756,A,550000,scorecard
10087627,0.010601,689,A,1000000,scorecard
10087653,0.051713,644,B,750000,scorecard
10087658,0.020694,671,B,450000,scorecard
10087659,0.017738,689,A,550000,scorecard
10087677,0.015581,689,A,1000000,scorecard
10087703,0.006011,756,A,700000,scorecard
10087721,0.040513,619,C,450000,scorecard
10087727,0.046752,601,C,600000,scorecard
10087732,0.04912,637,C,500000,scorecard
10087735,0.022222,646,B,400000,scorecard
10087750,0.029191,710,A,750000,scorecard
10087789,0.010601,689,A,650000,scorecard
10087817,0.004123,754,A,1000000,scorecard
10087818,0.013333,676,B,750000,scorecard
10087822,0.01633,756,A,700000,scorecard
10087859,0.019111,690,A,500000,scorecard
10087877,0.015431,676,B,450000,scorecard
10087891,0.046752,601,C,400000,scorecard
10087896,5e-06,1224,A,1000000,scorecard
10087898,0.014445,689,A,500000,scorecard
10087907,0.022869,644,B,400000,scorecard
10087925,0.168603,579,D,400000,control
10087939,0.060945,676,B,800000,scorecard
10087990,0.003436,754,A,600000,scorecard
10088000,0.003322,756,A,400000,scorecard
10088005,0.028749,680,A,450000,scorecard
10088034,0.152579,637,C,400000,scorecard
10088039,0.030701,632,C,400000,scorecard
10088063,0.024159,644,B,700000,scorecard
10088065,1e-06,1224,A,450000,scorecard
10088102,0.076026,614,C,600000,scorecard
10088128,0.038469,632,C,450000,scorecard
10088138,0.013333,676,B,550000,scorecard
10088178,0.084114,632,C,500000,scorecard
10088196,0.0255,676,B,800000,scorecard
10088200,0.005563,756,A,400000,scorecard
10088201,0.010395,690,A,900000,scorecard
10088209,0.126557,680,A,500000,scorecard
10088227,0.03056,631,C,600000,scorecard
10088234,0.028959,690,A,800000,scorecard
10088247,0.034565,619,C,600000,scorecard
10088323,0.008604,754,A,500000,scorecard
10088325,0.003436,754,A,400000,scorecard
10088344,0.01594,680,A,400000,scorecard
10088373,0.028391,631,C,600000,scorecard
10088378,0.015501,756,A,700000,scorecard
10088381,0.01398,680,A,450000,scorecard
10088405,0.010555,690,A,450000,scorecard
10088419,0.028391,631,C,400000,scorecard
10088449,0.074504,619,C,400000,scorecard
10088462,0.012346,680,A,650000,scorecard
10088470,0.004373,754,A,750000,scorecard
10088471,0.004697,756,A,550000,scorecard
10088486,0.022869,644,B,400000,scorecard
10088523,0.044735,690,A,650000,scorecard
10088536,0.004321,754,A,450000,scorecard
10088542,0.043278,689,A,600000,scorecard
10088560,0.028391,631,C,550000,scorecard
10088572,0.016782,754,A,550000,scorecard
10088584,0.028079,646,B,800000,scorecard
10088589,0.046752,601,C,600000,scorecard
10088590,0.014493,671,B,800000,scorecard
10088618,0.014493,671,B,800000,scorecard
10088656,0.010443,690,A,500000,scorecard
10088668,0.045307,690,A,450000,scorecard
10088699,0.058958,646,B,500000,scorecard
10088700,0.010601,689,A,1000000,scorecard
10088713,0.003322,756,A,550000,scorecard
10088715,0.009862,754,A,850000,scorecard
10088722,0.003436,754,A,500000,scorecard
10088737,0.003895,756,A,400000,scorecard
10088749,0.103242,644,B,650000,scorecard
10088758,0.012901,754,A,600000,scorecard
10088802,0.019839,680,A,450000,scorecard
10088811,0.07256,637,C,600000,scorecard
10088820,0.113098,601,C,600000,scorecard
10088830,0.007708,756,A,400000,scorecard
10088852,0.058515,644,B,800000,scorecard
10088854,0.090279,614,C,600000,scorecard
10088878,0.016783,754,A,450000,scorecard
10088895,0.003322,756,A,400000,scorecard
10088897,0.111943,601,C,600000,scorecard
10088907,0.034565,619,C,600000,scorecard
10088915,0.018815,676,B,450000,scorecard
10088924,0.061553,671,B,400000,scorecard
10088925,0.013333,676,B,650000,scorecard
10088954,0.03509,680,A,500000,scorecard
10088958,0.046579,619,C,600000,scorecard
10088964,0.025487,637,C,600000,scorecard
10088966,1e-06,1224,A,1000000,scorecard
10088970,0.010601,689,A,1000000,scorecard
10088979,0.010601,689,A,400000,scorecard
10088988,0.012346,680,A,900000,scorecard
10088994,0.004021,756,A,450000,scorecard
10089005,0.010395,690,A,400000,scorecard
10089011,0.028938,676,B,450000,scorecard
10089013,0.022869,644,B,550000,scorecard
10089029,0.010601,689,A,600000,scorecard
10089038,0.031862,632,C,450000,scorecard
10089040,0.018988,756,A,500000,scorecard
10089052,0.031928,632,C,600000,scorecard
10089088,0.010621,756,A,1000000,scorecard
10089095,0.034565,619,C,600000,scorecard
10089097,0.01483,690,A,800000,scorecard
10089105,0.031763,690,A,600000,scorecard
10089110,0.005345,756,A,1000000,scorecard
10089150,0.061609,676,B,450000,scorecard
10089153,0.033988,680,A,500000,scorecard
10089176,0.03929,690,A,750000,scorecard
10089177,0.029232,680,A,400000,scorecard
10089207,0.03701,619,C,400000,scorecard
10089224,1e-06,1224,A,1000000,scorecard
10089226,0.034565,619,C,600000,scorecard
10089237,0.006817,754,A,550000,scorecard
10089244,0.048847,619,C,450000,scorecard
10089256,0.018122,690,A,450000,scorecard
10089301,0.04132,690,A,1000000,scorecard
10089324,0.067117,614,C,550000,scorecard
10089325,0.058221,627,C,550000,scorecard
10089326,0.010601,689,A,500000,scorecard
10089339,0.079163,601,C,600000,scorecard
10089353,0.008197,710,A,1000000,scorecard
10089376,0.020815,754,A,1000000,scorecard
10089382,0.036458,616,C,600000,scorecard
10089383,0.016947,689,A,550000,scorecard
10089400,0.037374,644,B,550000,scorecard
10089412,0.027299,645,B,400000,scorecard
10089427,0.005728,756,A,400000,scorecard
10089447,0.014643,690,A,950000,scorecard
10089448,0.077718,637,C,400000,scorecard
10089458,0.079455,646,B,400000,scorecard
10089469,0.027859,646,B,550000,scorecard
10089527,0.065557,601,C,400000,scorecard
10089528,0.067992,614,C,600000,scorecard
10089531,0.003322,756,A,550000,scorecard
10089568,0.00386,756,A,1000000,scorecard
10089577,0.05749,644,B,550000,scorecard
10089586,0.026122,636,C,500000,scorecard
10089593,0.034227,644,B,550000,scorecard
10089602,0.12609,632,C,600000,scorecard
10089605,0.010601,689,A,400000,scorecard
10089613,0.046791,689,A,700000,scorecard
10089636,0.105712,644,B,550000,scorecard
10089655,0.02987,637,C,450000,scorecard
10089660,0.010601,689,A,500000,scorecard
10089666,0.040151,646,B,500000,scorecard
10089667,0.028391,631,C,600000,scorecard
10089671,0.036458,616,C,600000,scorecard
10089678,0.079556,601,C,400000,scorecard
10089680,0.010601,689,A,900000,scorecard
10089682,0.013333,676,B,450000,scorecard
10089709,0.036082,676,B,400000,scorecard
10089755,0.008826,754,A,1000000,scorecard
10089784,0.019426,671,B,400000,scorecard
10089827,0.054302,680,A,500000,scorecard
10089835,0.010395,690,A,550000,scorecard
10089853,0.028391,631,C,450000,scorecard
10089872,0.010601,689,A,400000,scorecard
10089885,0.069239,690,A,450000,scorecard
10089887,0.003817,756,A,650000,scorecard
10089910,0.037357,646,B,400000,scorecard
10089913,0.010601,689,A,1000000,scorecard
10089921,0.040308,680,A,500000,scorecard
10089935,0.010551,690,A,400000,scorecard
10089940,2e-06,1224,A,450000,scorecard
10089941,0.04181,690,A,650000,scorecard
10089947,0.104022,644,B,450000,scorecard
10089962,0.081895,631,C,500000,scorecard
10089984,0.034565,619,C,600000,scorecard
10089996,0.011354,754,A,950000,scorecard
10089997,0.083388,671,B,550000,scorecard
10090010,0.010395,690,A,1000000,scorecard
10090024,0.006947,756,A,400000,scorecard
10090046,0.036458,616,C,450000,scorecard
10090079,0.009961,756,A,650000,scorecard
10090089,0.014219,676,B,750000,scorecard
10090110,0.054956,617,C,600000,scorecard
10090125,0.013308,680,A,400000,scorecard
10090130,0.010601,689,A,400000,scorecard
10090133,0.003322,756,A,800000,scorecard
10090153,0.13404,637,C,600000,scorecard
10090172,0.028391,631,C,400000,scorecard
10090173,0.046752,601,C,600000,scorecard
10090179,0.012346,680,A,1000000,scorecard
10090180,1e-06,1224,A,450000,scorecard
10090186,0.004309,754,A,1000000,scorecard
10090190,0.049508,619,C,400000,scorecard
10090201,0.030612,627,C,600000,scorecard
10090215,0.052597,646,B,800000,scorecard
10090219,0.078979,644,B,450000,scorecard
10090220,0.017218,689,A,500000,scorecard
10090236,0.020512,689,A,400000,scorecard
10090241,4e-06,1224,A,500000,scorecard
10090247,0.012346,680,A,800000,scorecard
10090266,0.036387,619,C,400000,scorecard
10090268,0.010601,689,A,500000,scorecard
10090269,0.003436,754,A,800000,scorecard
10090282,0.003436,754,A,550000,scorecard
10090283,0.039019,689,A,750000,scorecard
10090301,0.059544,644,B,450000,scorecard
10090306,0.005055,754,A,450000,scorecard
10090313,0.034565,619,C,450000,scorecard
10090334,0.010395,690,A,500000,scorecard
10090363,0.105907,619,C,400000,scorecard
10090366,0.033171,632,C,550000,scorecard
10090368,0.070441,601,C,450000,scorecard
10090380,0.010017,756,A,850000,scorecard
10090410,0.04815,646,B,550000,scorecard
10090422,0.034565,619,C,600000,scorecard
10090431,0.046753,601,C,400000,scorecard
10090443,0.01876,690,A,650000,scorecard
10090447,0.035101,680,A,500000,scorecard
10090451,0.010395,690,A,450000,scorecard
10090454,0.012862,710,A,500000,scorecard
10090464,0.062491,646,B,450000,scorecard
10090475,0.092091,619,C,400000,scorecard
10090481,0.022869,644,B,400000,scorecard
10090491,0.013333,676,B,450000,scorecard
10090522,0.028391,631,C,450000,scorecard
10090525,0.034565,619,C,500000,scorecard
10090541,0.010601,689,A,450000,scorecard
10090549,0.084141,619,C,450000,scorecard
10090557,0.012842,690,A,400000,scorecard
10090570,0.006614,754,A,450000,scorecard
10090590,0.007259,754,A,650000,scorecard
10090616,0.024301,689,A,550000,scorecard
10090629,0.010601,689,A,450000,scorecard
10090638,0.014493,671,B,800000,scorecard
10090644,0.028641,690,A,750000,scorecard
10090651,0.034565,619,C,600000,scorecard
10090653,0.003322,756,A,700000,scorecard
10090662,0.066719,614,C,550000,scorecard
10090685,1e-06,1224,A,850000,scorecard
10090687,0.027619,676,B,700000,scorecard
10090695,0.006471,754,A,400000,scorecard
10090699,0.022869,644,B,800000,scorecard
10090701,0.014987,690,A,450000,scorecard
10090705,0.064772,619,C,450000,scorecard
10090706,0.059724,689,A,600000,scorecard
10090713,0.039498,680,A,900000,scorecard
10090716,0.004423,754,A,650000,scorecard
10090729,0.053324,644,B,650000,scorecard
10090735,0.034565,619,C,550000,scorecard
10090745,0.066723,579,D,400000,control
10090781,0.028519,754,A,600000,scorecard
10090805,0.080663,601,C,400000,scorecard
10090808,0.017893,690,A,850000,scorecard
10090816,0.013826,690,A,1000000,scorecard
10090828,0.010639,756,A,450000,scorecard
10090829,0.012276,754,A,550000,scorecard
10090841,0.083099,614,C,550000,scorecard
10090850,1e-06,1224,A,850000,scorecard
10090857,0.036558,646,B,600000,scorecard
10090859,0.01681,689,A,500000,scorecard
10090864,0.003436,754,A,400000,scorecard
10090880,0.00743,756,A,650000,scorecard
10090882,0.02439,640,B,800000,scorecard
10090885,0.022924,676,B,450000,scorecard
10090914,0.028391,631,C,600000,scorecard
10090927,0.021,756,A,550000,scorecard
10090936,0.050308,619,C,450000,scorecard
10090943,2e-06,1224,A,700000,scorecard
10090949,0.071682,644,B,400000,scorecard
10090984,0.01813,676,B,400000,scorecard
10090993,0.022869,644,B,400000,scorecard
10091020,0.073582,627,C,400000,scorecard
10091025,0.028219,689,A,450000,scorecard
10091037,0.022869,644,B,750000,scorecard
10091050,0.105531,632,C,600000,scorecard
10091052,0.010395,690,A,450000,scorecard
10091055,0.003322,756,A,450000,scorecard
10091075,0.006724,756,A,400000,scorecard
10091106,0.011707,689,A,450000,scorecard
10091124,0.038853,631,C,600000,scorecard
10091141,0.005052,756,A,850000,scorecard
10091148,0.010395,690,A,650000,scorecard
10091151,0.010601,689,A,1000000,scorecard
10091157,0.012346,680,A,400000,scorecard
10091163,0.025487,637,C,400000,scorecard
10091168,0.025487,637,C,600000,scorecard
10091183,0.030977,671,B,450000,scorecard
10091195,0.007463,756,A,500000,scorecard
10091201,0.010601,689,A,500000,scorecard
10091208,0.017104,756,A,450000,scorecard
10091234,0.013253,690,A,1000000,scorecard
10091255,0.012346,680,A,650000,scorecard
10091256,0.031628,646,B,500000,scorecard
10091258,0.013817,680,A,750000,scorecard
10091261,0.025487,637,C,400000,scorecard
10091287,1e-06,1224,A,1000000,scorecard
10091294,0.017719,680,A,850000,scorecard
10091309,0.03003,676,B,550000,scorecard
10091310,0.046752,601,C,550000,scorecard
10091349,0.046752,601,C,600000,scorecard
10091377,0.118128,631,C,450000,scorecard
10091381,0.036458,616,C,550000,scorecard
10091382,0.070753,689,A,750000,scorecard
10091385,0.025487,637,C,600000,scorecard
10091390,0.006654,754,A,550000,scorecard
10091395,0.031229,690,A,450000,scorecard
10091402,0.073118,601,C,450000,scorecard
10091409,0.045249,680,A,450000,scorecard
10091411,0.01561,689,A,550000,scorecard
10091445,0.013107,756,A,900000,scorecard
10091449,0.030612,627,C,400000,scorecard
10091456,0.037901,614,C,450000,scorecard
10091464,0.010395,690,A,1000000,scorecard
10091512,0.050236,646,B,800000,scorecard
10091529,0.010601,689,A,600000,scorecard
10091533,0.046752,601,C,600000,scorecard
10091538,0.049842,637,C,550000,scorecard
10091545,0.046752,601,C,600000,scorecard
10091552,0.021078,689,A,550000,scorecard
10091572,0.040987,632,C,600000,scorecard
10091573,0.004823,754,A,500000,scorecard
10091606,0.058196,601,C,600000,scorecard
10091628,0.003322,756,A,450000,scorecard
10091655,0.026438,644,B,800000,scorecard
10091662,0.003436,754,A,450000,scorecard
10091692,0.022222,646,B,800000,scorecard
10091695,0.010812,756,A,550000,scorecard
10091704,0.022869,644,B,700000,scorecard
10091719,0.046752,601,C,500000,scorecard
10091744,0.068676,631,C,600000,scorecard
10091754,2e-06,1224,A,500000,scorecard
10091755,0.028391,631,C,600000,scorecard
10091760,0.033981,690,A,500000,scorecard
10091764,0.034565,619,C,600000,scorecard
10091785,0.005161,754,A,400000,scorecard
10091792,0.01915,689,A,450000,scorecard
10091805,0.041177,619,C,400000,scorecard
10091870,0.145251,627,C,600000,scorecard
10091900,0.013646,680,A,450000,scorecard
10091902,0.022869,644,B,500000,scorecard
10091910,0.043751,627,C,500000,scorecard
10091942,0.034565,619,C,450000,scorecard
10091969,0.013852,676,B,400000,scorecard
10091972,0.003322,756,A,400000,scorecard
10091988,0.135727,601,C,600000,scorecard
10091997,0.045808,646,B,450000,scorecard
10092006,0.013333,676,B,800000,scorecard
10092008,0.022401,690,A,400000,scorecard
10092009,0.006594,754,A,650000,scorecard
10092020,0.006154,756,A,500000,scorecard
10092037,0.027154,689,A,950000,scorecard
10092044,0.058056,619,C,600000,scorecard
10092049,0.010601,689,A,750000,scorecard
10092052,0.025078,689,A,400000,scorecard
10092069,0.048831,676,B,550000,scorecard
10092076,0.028391,631,C,600000,scorecard
10092085,4e-06,1224,A,850000,scorecard
10092100,0.003436,754,A,450000,scorecard
10092104,0.004062,754,A,400000,scorecard
10092116,0.034565,619,C,400000,scorecard
10092145,0.01131,690,A,450000,scorecard
10092150,1e-06,1224,A,1000000,scorecard
10092152,0.011405,689,A,500000,scorecard
10092172,0.091663,601,C,600000,scorecard
10092180,0.003322,756,A,450000,scorecard
10092186,0.040147,646,B,400000,scorecard
10092192,0.00378,754,A,450000,scorecard
10092210,0.023807,690,A,500000,scorecard
10092222,0.010601,689,A,450000,scorecard
10092253,0.030939,680,A,400000,scorecard
10092254,0.026418,680,A,1000000,scorecard
10092268,0.064706,689,A,450000,scorecard
10092272,0.010601,689,A,1000000,scorecard
10092293,0.022869,644,B,800000,scorecard
10092313,0.030612,627,C,550000,scorecard
10092330,1e-06,1224,A,650000,scorecard
10092365,0.003322,756,A,1000000,scorecard
10092366,0.022869,644,B,600000,scorecard
10092376,0.022222,646,B,400000,scorecard
10092412,0.010395,690,A,500000,scorecard
10092415,0.033462,689,A,600000,scorecard
10092425,0.046752,601,C,450000,scorecard
10092435,0.046752,601,C,600000,scorecard
10092437,0.013333,676,B,550000,scorecard
10092444,0.028391,631,C,600000,scorecard
10092465,0.029936,646,B,750000,scorecard
10092477,0.012346,680,A,400000,scorecard
10092498,0.08038,640,B,650000,scorecard
10092524,0.005061,756,A,750000,scorecard
10092525,0.116954,644,B,500000,scorecard
10092534,0.029429,644,B,550000,scorecard
10092538,0.30062,564,D,400000,control
10092550,0.073061,676,B,450000,scorecard
10092553,0.060145,619,C,600000,scorecard
10092563,0.034423,680,A,450000,scorecard
10092570,0.013333,676,B,750000,scorecard
10092573,0.046752,601,C,600000,scorecard
10092575,0.051203,616,C,500000,scorecard
10092579,0.054675,689,A,1000000,scorecard
10092583,0.030373,676,B,600000,scorecard
10092587,0.008933,756,A,400000,scorecard
10092590,0.028391,631,C,600000,scorecard
10092623,0.026975,646,B,400000,scorecard
10092624,0.010395,690,A,800000,scorecard
10092635,0.003436,754,A,600000,scorecard
10092639,0.079805,601,C,600000,scorecard
10092656,0.034118,640,B,750000,scorecard
10092670,2e-06,1224,A,1000000,scorecard
10092693,0.089932,631,C,600000,scorecard
10092697,0.003508,756,A,1000000,scorecard
10092706,0.025512,690,A,1000000,scorecard
10092714,0.019746,676,B,400000,scorecard
10092727,0.022869,644,B,400000,scorecard
10092748,0.046752,601,C,600000,scorecard
10092777,0.007353,710,A,400000,scorecard
10092788,0.005582,756,A,450000,scorecard
10092790,0.032424,676,B,800000,scorecard
10092798,0.057938,690,A,1000000,scorecard
10092807,0.013445,754,A,600000,scorecard
10092826,0.013842,689,A,450000,scorecard
10092834,0.004711,756,A,650000,scorecard
10092850,0.033539,689,A,850000,scorecard
10092853,0.003322,756,A,400000,scorecard
10092900,0.022222,646,B,450000,scorecard
10092903,0.037657,614,C,600000,scorecard
10092942,0.034565,619,C,550000,scorecard
10092956,0.045613,631,C,500000,scorecard
10092979,0.016774,690,A,500000,scorecard
10092996,0.034565,619,C,400000,scorecard
10093048,0.012346,680,A,400000,scorecard
10093050,0.020079,754,A,400000,scorecard
10093083,0.066901,579,D,400000,control
10093092,0.010601,689,A,1000000,scorecard
10093117,0.010601,689,A,500000,scorecard
10093133,0.010395,690,A,550000,scorecard
10093139,0.062615,601,C,600000,scorecard
10093153,0.014493,671,B,800000,scorecard
10093162,0.010818,756,A,1000000,scorecard
10093177,0.003436,754,A,650000,scorecard
10093184,0.034022,689,A,400000,scorecard
10093189,0.016377,710,A,450000,scorecard
10093196,0.046752,601,C,450000,scorecard
10093201,0.003322,756,A,1000000,scorecard
10093204,0.045552,680,A,450000,scorecard
10093218,0.046752,601,C,600000,scorecard
10093227,0.003436,754,A,400000,scorecard
10093244,0.013814,680,A,400000,scorecard
10093256,0.027546,754,A,450000,scorecard
10093261,0.037597,689,A,600000,scorecard
10093279,0.0047,756,A,450000,scorecard
10093281,0.016817,689,A,450000,scorecard
10093306,0.012346,680,A,950000,scorecard
10093329,0.010601,689,A,600000,scorecard
10093343,0.008456,756,A,550000,scorecard
10093344,0.022869,644,B,800000,scorecard
10093366,0.136139,646,B,450000,scorecard
10093373,0.037901,614,C,450000,scorecard
10093374,0.003322,756,A,600000,scorecard
10093379,0.014367,676,B,800000,scorecard
10093390,0.024517,676,B,400000,scorecard
10093398,0.046752,601,C,400000,scorecard
10093404,0.025387,690,A,1000000,scorecard
10093408,0.054577,631,C,400000,scorecard
10093417,0.027422,690,A,600000,scorecard
10093439,0.010899,690,A,650000,scorecard
10093447,0.069099,631,C,600000,scorecard
10093472,0.034565,619,C,600000,scorecard
10093477,0.012634,689,A,1000000,scorecard
10093483,0.005782,756,A,850000,scorecard
10093486,0.003322,756,A,450000,scorecard
10093524,0.044285,646,B,400000,scorecard
10093530,0.028422,680,A,600000,scorecard
10093535,0.030612,627,C,600000,scorecard
10093549,0.04333,619,C,600000,scorecard
10093557,0.034565,619,C,600000,scorecard
10093563,0.136359,601,C,600000,scorecard
10093565,0.017726,690,A,450000,scorecard
10093575,0.022222,646,B,500000,scorecard
10093586,0.010395,690,A,450000,scorecard
10093597,0.041881,680,A,400000,scorecard
10093604,0.051314,601,C,600000,scorecard
10093634,0.135525,619,C,400000,scorecard
10093659,0.003436,754,A,400000,scorecard
10093673,0.064994,619,C,550000,scorecard
10093682,0.046752,601,C,400000,scorecard
10093722,0.028391,631,C,400000,scorecard
10093734,0.031899,690,A,650000,scorecard
10093756,0.022222,646,B,750000,scorecard
10093760,0.043739,619,C,500000,scorecard
10093784,0.056847,646,B,450000,scorecard
10093787,0.019712,756,A,550000,scorecard
10093806,0.00881,754,A,600000,scorecard
10093808,0.034082,676,B,400000,scorecard
10093817,0.054904,690,A,400000,scorecard
10093823,0.007353,710,A,500000,scorecard
10093829,0.012566,689,A,750000,scorecard
10093849,0.022222,646,B,550000,scorecard
10093850,0.049245,619,C,450000,scorecard
10093857,0.015684,754,A,400000,scorecard
10093859,0.02744,690,A,450000,scorecard
10093867,0.031919,631,C,400000,scorecard
10093888,0.034565,619,C,600000,scorecard
10093890,0.048541,619,C,400000,scorecard
10093894,0.003436,754,A,1000000,scorecard
10093895,0.027778,632,C,450000,scorecard
10093901,0.055944,616,C,600000,scorecard
10093909,0.022869,644,B,800000,scorecard
10093916,0.024891,689,A,1000000,scorecard
10093927,0.034814,632,C,400000,scorecard
10093945,0.127326,619,C,400000,scorecard
10093960,2e-06,1224,A,500000,scorecard
10093991,0.046752,601,C,600000,scorecard
10094004,0.034565,619,C,600000,scorecard
10094028,1e-06,1224,A,950000,scorecard
10094039,0.003322,756,A,500000,scorecard
10094057,0.037657,614,C,600000,scorecard
10094140,0.019088,689,A,1000000,scorecard
10094164,0.037657,614,C,550000,scorecard
10094168,0.010395,690,A,1000000,scorecard
10094183,0.021401,690,A,450000,scorecard
10094204,0.013333,676,B,800000,scorecard
10094213,0.003433,756,A,400000,scorecard
10094229,0.041622,614,C,400000,scorecard
10094246,0.042271,631,C,450000,scorecard
10094257,0.010601,689,A,400000,scorecard
10094267,0.05966,632,C,500000,scorecard
10094284,0.003322,756,A,550000,scorecard
10094302,0.023727,689,A,400000,scorecard
10094336,0.060282,644,B,400000,scorecard
10094342,0.034565,619,C,500000,scorecard
10094344,0.027323,676,B,400000,scorecard
10094355,0.038987,690,A,650000,scorecard
10094358,0.005562,756,A,450000,scorecard
10094383,0.011207,689,A,650000,scorecard
10094416,0.022703,690,A,600000,scorecard
10094435,0.028391,631,C,600000,scorecard
10094442,0.067085,619,C,400000,scorecard
10094467,0.065185,671,B,450000,scorecard
10094476,0.085226,676,B,400000,scorecard
10094483,0.017757,689,A,500000,scorecard
10094486,0.014493,671,B,500000,scorecard
10094501,0.005264,756,A,400000,scorecard
10094525,0.079001,619,C,400000,scorecard
10094541,0.037901,614,C,600000,scorecard
10094557,2e-06,1224,A,400000,scorecard
10094559,0.045576,646,B,400000,scorecard
10094562,0.034565,619,C,600000,scorecard
10094564,0.021311,756,A,400000,scorecard
10094565,0.054673,619,C,600000,scorecard
10094573,0.046917,680,A,550000,scorecard
10094576,0.14394,637,C,450000,scorecard
10094590,0.011651,689,A,650000,scorecard
10094593,0.039563,690,A,1000000,scorecard
10094594,0.011346,754,A,700000,scorecard
10094607,0.034565,619,C,400000,scorecard
10094610,0.035687,619,C,450000,scorecard
10094631,0.011599,690,A,650000,scorecard
10094632,0.211829,601,C,500000,scorecard
10094633,0.114748,690,A,700000,scorecard
10094645,0.019253,680,A,1000000,scorecard
10094680,0.019226,689,A,500000,scorecard
10094684,0.028731,637,C,550000,scorecard
10094698,0.036134,632,C,550000,scorecard
10094783,0.052459,646,B,550000,scorecard
10094785,0.026422,637,C,600000,scorecard
10094796,0.003436,754,A,400000,scorecard
10094816,0.010601,689,A,1000000,scorecard
10094838,0.022222,646,B,450000,scorecard
10094867,0.003322,756,A,500000,scorecard
10094872,0.003436,754,A,400000,scorecard
10094887,0.07708,619,C,600000,scorecard
10094899,0.01485,690,A,500000,scorecard
10094930,0.051578,601,C,600000,scorecard
10094934,0.046752,601,C,450000,scorecard
10094937,0.034565,619,C,400000,scorecard
10094956,0.010601,689,A,450000,scorecard
10094991,0.015992,690,A,750000,scorecard
10094995,0.046752,601,C,600000,scorecard
10094999,0.005563,754,A,400000,scorecard
10095007,0.010395,690,A,450000,scorecard
10095008,0.003436,754,A,500000,scorecard
10095017,0.047396,690,A,600000,scorecard
10095032,0.078725,646,B,650000,scorecard
10095037,0.034565,619,C,600000,scorecard
10095041,0.010601,689,A,400000,scorecard
10095048,0.042632,644,B,550000,scorecard
10095056,0.027909,689,A,900000,scorecard
10095065,0.023958,756,A,600000,scorecard
10095083,0.036648,646,B,550000,scorecard
10095096,0.019047,689,A,400000,scorecard
10095101,0.014482,689,A,450000,scorecard
10095107,0.003436,754,A,950000,scorecard
10095135,0.010395,690,A,750000,scorecard
10095141,0.022869,644,B,800000,scorecard
10095162,0.034565,619,C,600000,scorecard
10095165,0.024358,690,A,450000,scorecard
10095166,0.010601,689,A,750000,scorecard
10095177,0.010395,690,A,750000,scorecard
10095192,0.003436,754,A,1000000,scorecard
10095215,0.003322,756,A,600000,scorecard
10095219,0.046752,601,C,600000,scorecard
10095246,0.036458,616,C,600000,scorecard
10095274,0.022869,644,B,800000,scorecard
10095275,0.010601,689,A,1000000,scorecard
10095281,0.037913,646,B,450000,scorecard
10095284,0.022222,646,B,800000,scorecard
10095286,0.012754,680,A,450000,scorecard
10095288,2e-06,1224,A,400000,scorecard
10095303,0.02314,643,B,400000,scorecard
10095308,0.018544,690,A,700000,scorecard
10095312,0.034565,619,C,400000,scorecard
10095343,0.034565,619,C,600000,scorecard
10095346,0.018853,676,B,400000,scorecard
10095356,0.028391,631,C,600000,scorecard
10095383,0.012386,756,A,450000,scorecard
10095390,0.005451,756,A,500000,scorecard
10095416,0.026214,690,A,450000,scorecard
10095435,0.015599,756,A,900000,scorecard
10095455,0.025487,637,C,400000,scorecard
10095457,0.015147,690,A,550000,scorecard
10095477,0.012878,689,A,800000,scorecard
10095483,0.062343,627,C,600000,scorecard
10095485,0.034565,619,C,400000,scorecard
10095498,0.006275,754,A,750000,scorecard
10095504,0.108483,619,C,600000,scorecard
10095505,0.010601,689,A,1000000,scorecard
10095512,0.028391,631,C,600000,scorecard
10095528,0.012346,680,A,1000000,scorecard
10095529,0.010601,689,A,500000,scorecard
10095535,0.010395,690,A,1000000,scorecard
10095568,0.025487,637,C,500000,scorecard
10095573,0.011515,689,A,450000,scorecard
10095584,0.012541,754,A,900000,scorecard
10095604,0.039345,689,A,400000,scorecard
10095607,0.008118,710,A,400000,scorecard
10095620,0.027778,632,C,600000,scorecard
10095626,0.067823,619,C,400000,scorecard
10095655,0.034565,619,C,600000,scorecard
10095741,0.014788,754,A,700000,scorecard
10095742,0.010601,689,A,950000,scorecard
10095746,0.012346,680,A,800000,scorecard
10095758,0.003322,756,A,550000,scorecard
10095761,0.034565,619,C,500000,scorecard
10095764,0.025487,637,C,400000,scorecard
10095790,0.072371,619,C,450000,scorecard
10095797,0.046752,601,C,450000,scorecard
10095798,0.016513,690,A,450000,scorecard
10095802,0.022869,644,B,450000,scorecard
10095809,0.010395,690,A,900000,scorecard
10095836,0.007353,710,A,600000,scorecard
10095841,0.007353,710,A,600000,scorecard
10095867,0.030792,680,A,400000,scorecard
10095872,0.041125,644,B,800000,scorecard
10095881,0.004151,754,A,400000,scorecard
10095888,0.046752,601,C,450000,scorecard
10095916,0.003436,754,A,500000,scorecard
10095917,0.014493,671,B,800000,scorecard
10095939,0.072692,644,B,450000,scorecard
10095943,0.03809,616,C,400000,scorecard
10095947,0.008829,754,A,950000,scorecard
10095962,0.010395,690,A,500000,scorecard
10095968,0.028391,631,C,600000,scorecard
10095971,0.028391,631,C,450000,scorecard
10095977,0.022873,646,B,500000,scorecard
10095990,0.04064,644,B,400000,scorecard
10095993,0.010593,690,A,700000,scorecard
10095999,0.098812,644,B,650000,scorecard
10096000,0.022869,644,B,400000,scorecard
10096012,2e-06,1224,A,700000,scorecard
10096041,0.020086,690,A,650000,scorecard
10096047,2e-06,1224,A,850000,scorecard
10096048,0.013333,676,B,400000,scorecard
10096056,0.030335,680,A,650000,scorecard
10096081,0.046752,601,C,450000,scorecard
10096087,0.038708,689,A,550000,scorecard
10096102,0.005276,754,A,500000,scorecard
10096138,0.014025,676,B,400000,scorecard
10096146,0.054769,637,C,600000,scorecard
10096194,0.01133,690,A,550000,scorecard
10096201,0.05381,601,C,600000,scorecard
10096253,0.010395,690,A,900000,scorecard
10096277,0.010395,690,A,900000,scorecard
10096360,0.0257,646,B,500000,scorecard
10096362,0.028391,631,C,600000,scorecard
10096367,0.004378,754,A,450000,scorecard
10096375,0.011355,690,A,400000,scorecard
10096377,0.128773,646,B,450000,scorecard
10096398,0.02439,640,B,800000,scorecard
10096405,0.009303,754,A,450000,scorecard
10096429,0.019841,690,A,1000000,scorecard
10096444,0.075547,680,A,400000,scorecard
10096465,0.039521,690,A,450000,scorecard
10096467,0.010601,689,A,900000,scorecard
10096469,0.013333,676,B,800000,scorecard
10096470,0.028391,631,C,600000,scorecard
10096491,0.041404,690,A,1000000,scorecard
10096497,0.059704,631,C,500000,scorecard
10096526,0.022869,644,B,550000,scorecard
10096530,0.030612,627,C,400000,scorecard
10096545,1e-06,1224,A,500000,scorecard
10096551,0.012346,680,A,550000,scorecard
10096586,0.035017,676,B,450000,scorecard
10096587,0.022222,646,B,450000,scorecard
10096616,0.028391,631,C,400000,scorecard
10096628,0.004607,754,A,850000,scorecard
10096645,0.053743,601,C,550000,scorecard
10096648,0.010911,754,A,400000,scorecard
10096665,0.010395,690,A,400000,scorecard
10096680,0.012664,756,A,750000,scorecard
10096687,0.010395,690,A,1000000,scorecard
10096688,0.089355,646,B,500000,scorecard
10096772,0.003322,756,A,950000,scorecard
10096819,0.034166,690,A,1000000,scorecard
10096824,0.033843,689,A,1000000,scorecard
10096828,0.150579,619,C,500000,scorecard
10096846,0.042416,644,B,650000,scorecard
10096859,0.060714,676,B,550000,scorecard
10096908,2e-06,1224,A,700000,scorecard
10096918,0.209529,619,C,550000,scorecard
10096924,0.086756,619,C,450000,scorecard
10096946,0.034565,619,C,450000,scorecard
10096959,0.142759,614,C,400000,scorecard
10096964,0.021121,689,A,500000,scorecard
10096966,0.010395,690,A,600000,scorecard
10096976,0.013333,676,B,450000,scorecard
10096980,0.013677,676,B,800000,scorecard
10096994,0.018714,690,A,650000,scorecard
10096997,0.080601,619,C,600000,scorecard
10097002,0.069651,689,A,1000000,scorecard
10097020,0.019794,710,A,550000,scorecard
10097031,0.006669,754,A,750000,scorecard
10097034,0.013785,676,B,800000,scorecard
10097039,0.017364,690,A,850000,scorecard
10097051,0.046752,601,C,400000,scorecard
10097061,0.028902,690,A,550000,scorecard
10097076,0.084951,676,B,400000,scorecard
10097082,5e-06,1224,A,550000,scorecard
10097083,0.025487,637,C,600000,scorecard
10097089,0.034565,619,C,600000,scorecard
10097097,0.003322,756,A,1000000,scorecard
10097100,0.028391,631,C,400000,scorecard
10097108,0.027801,689,A,850000,scorecard
10097122,0.017158,680,A,400000,scorecard
10097129,0.01966,689,A,600000,scorecard
10097130,0.011324,690,A,650000,scorecard
10097150,0.034565,619,C,600000,scorecard
10097169,0.034565,619,C,500000,scorecard
10097203,0.063967,601,C,500000,scorecard
10097210,0.034565,619,C,600000,scorecard
10097219,0.025487,637,C,400000,scorecard
10097225,0.013333,676,B,800000,scorecard
10097243,0.015216,690,A,850000,scorecard
10097252,0.011918,690,A,600000,scorecard
10097258,0.022031,676,B,650000,scorecard
10097263,0.007353,710,A,500000,scorecard
10097267,0.0049,754,A,650000,scorecard
10097289,0.016064,689,A,450000,scorecard
10097305,0.017115,690,A,500000,scorecard
10097342,0.003322,756,A,1000000,scorecard
10097366,0.004697,756,A,450000,scorecard
10097376,0.010601,689,A,550000,scorecard
10097390,0.030612,627,C,600000,scorecard
10097409,0.035452,631,C,550000,scorecard
10097411,0.028391,631,C,600000,scorecard
10097419,0.007593,754,A,500000,scorecard
10097435,0.010395,690,A,600000,scorecard
10097437,0.010601,689,A,400000,scorecard
10097462,0.022869,644,B,400000,scorecard
10097464,0.030612,627,C,600000,scorecard
10097479,0.010395,690,A,1000000,scorecard
10097487,0.029808,710,A,450000,scorecard
10097501,0.034565,619,C,550000,scorecard
10097518,0.051394,619,C,550000,scorecard
10097524,0.012721,680,A,400000,scorecard
10097530,0.028391,631,C,600000,scorecard
10097531,0.037901,614,C,600000,scorecard
10097539,0.003436,754,A,1000000,scorecard
10097548,0.022222,646,B,550000,scorecard
10097550,0.02439,640,B,750000,scorecard
10097574,0.0417,619,C,600000,scorecard
10097581,0.046752,601,C,600000,scorecard
10097600,0.007353,710,A,400000,scorecard
10097604,0.015049,689,A,400000,scorecard
10097605,0.01787,680,A,550000,scorecard
10097655,0.003322,756,A,800000,scorecard
10097664,0.040292,676,B,600000,scorecard
10097666,0.025581,640,B,450000,scorecard
10097671,0.005698,754,A,450000,scorecard
10097680,0.013289,689,A,550000,scorecard
10097683,0.018748,680,A,400000,scorecard
10097694,0.040652,680,A,500000,scorecard
10097697,0.022214,756,A,600000,scorecard
10097700,0.003322,756,A,400000,scorecard
10097724,0.006499,754,A,850000,scorecard
10097739,0.012346,680,A,1000000,scorecard
10097740,0.025569,680,A,650000,scorecard
10097744,0.005027,756,A,1000000,scorecard
10097752,0.032017,637,C,500000,scorecard
10097793,0.027778,632,C,400000,scorecard
10097804,0.072366,631,C,400000,scorecard
10097810,0.027778,632,C,600000,scorecard
10097826,0.042998,644,B,550000,scorecard
10097827,0.023481,644,B,650000,scorecard
10097830,0.081623,614,C,450000,scorecard
10097857,0.039365,619,C,600000,scorecard
10097866,0.008521,756,A,950000,scorecard
10097870,0.031328,676,B,500000,scorecard
10097874,0.003322,756,A,850000,scorecard
10097878,0.034565,619,C,450000,scorecard
10097882,0.012346,680,A,600000,scorecard
10097896,0.033291,671,B,400000,scorecard
10097921,1e-06,1224,A,500000,scorecard
10097931,0.022447,754,A,600000,scorecard
10097937,0.060722,601,C,600000,scorecard
10097943,0.046505,637,C,400000,scorecard
10097947,0.028663,690,A,450000,scorecard
10097953,0.093168,631,C,600000,scorecard
10097986,0.003322,756,A,1000000,scorecard
10098004,0.012619,680,A,950000,scorecard
10098030,0.014493,671,B,450000,scorecard
10098053,0.010395,690,A,1000000,scorecard
10098071,0.034565,619,C,400000,scorecard
10098072,0.059732,619,C,600000,scorecard
10098083,0.004353,754,A,400000,scorecard
10098103,0.010601,689,A,1000000,scorecard
10098105,0.034565,619,C,600000,scorecard
10098125,0.054953,689,A,600000,scorecard
10098129,0.04616,619,C,600000,scorecard
10098130,0.061897,601,C,450000,scorecard
10098144,0.004052,754,A,800000,scorecard
10098151,0.025487,637,C,500000,scorecard
10098163,0.046752,601,C,600000,scorecard
10098174,0.003436,754,A,900000,scorecard
10098213,0.064174,631,C,600000,scorecard
10098214,0.038478,631,C,600000,scorecard
10098222,0.010601,689,A,600000,scorecard
10098237,0.029297,690,A,1000000,scorecard
10098272,0.010395,690,A,400000,scorecard
10098282,0.109779,619,C,400000,scorecard
10098287,0.056316,601,C,600000,scorecard
10098297,0.034565,619,C,550000,scorecard
10098312,0.034565,619,C,600000,scorecard
10098319,0.019193,680,A,1000000,scorecard
10098321,0.021988,689,A,400000,scorecard
10098331,0.046385,690,A,400000,scorecard
10098344,0.003322,756,A,1000000,scorecard
10098347,0.034565,619,C,600000,scorecard
10098365,0.020242,689,A,450000,scorecard
10098383,0.004334,754,A,850000,scorecard
10098386,0.013333,676,B,800000,scorecard
10098415,0.012346,680,A,550000,scorecard
10098420,0.010395,690,A,1000000,scorecard
10098425,0.039635,616,C,400000,scorecard
10098436,0.036228,690,A,600000,scorecard
10098437,0.034565,619,C,600000,scorecard
10098439,0.12782,644,B,500000,scorecard
10098451,0.034565,619,C,450000,scorecard
10098456,0.027349,689,A,400000,scorecard
10098469,0.023345,689,A,550000,scorecard
10098483,0.010601,689,A,1000000,scorecard
10098498,0.010601,689,A,800000,scorecard
10098521,0.028391,631,C,600000,scorecard
10098546,0.036859,619,C,600000,scorecard
10098554,0.034549,627,C,600000,scorecard
10098563,0.010395,690,A,1000000,scorecard
10098589,2e-06,1224,A,450000,scorecard
10098590,0.003436,754,A,400000,scorecard
10098601,0.04918,689,A,1000000,scorecard
10098609,0.027778,632,C,600000,scorecard
10098612,0.00755,756,A,950000,scorecard
10098620,0.022222,646,B,800000,scorecard
10098635,0.018356,710,A,600000,scorecard
10098645,0.012502,690,A,1000000,scorecard
10098646,0.046752,601,C,500000,scorecard
10098649,0.012994,680,A,850000,scorecard
10098657,0.003436,754,A,400000,scorecard
10098660,0.037657,614,C,550000,scorecard
10098672,0.003322,756,A,800000,scorecard
10098673,0.004792,756,A,500000,scorecard
10098694,0.012312,689,A,400000,scorecard
10098704,0.091078,637,C,500000,scorecard
10098710,0.101222,601,C,500000,scorecard
10098732,0.040881,690,A,650000,scorecard
10098736,0.053172,632,C,600000,scorecard
10098743,0.002339,833,A,850000,scorecard
10098755,0.003436,754,A,1000000,scorecard
10098756,0.152315,579,D,400000,control
10098771,0.022869,644,B,400000,scorecard
10098793,0.034565,619,C,550000,scorecard
10098818,0.048784,680,A,1000000,scorecard
10098821,0.092627,637,C,400000,scorecard
10098825,0.003322,756,A,800000,scorecard
10098847,0.012346,680,A,900000,scorecard
10098875,0.013753,676,B,650000,scorecard
10098891,0.003467,756,A,1000000,scorecard
10098903,0.092319,644,B,400000,scorecard
10098912,0.010601,689,A,550000,scorecard
10098919,0.012346,680,A,750000,scorecard
10098939,0.036458,616,C,600000,scorecard
10098946,0.012346,680,A,450000,scorecard
10098954,0.018225,689,A,900000,scorecard
10098957,0.058631,632,C,550000,scorecard
10099000,0.028398,689,A,900000,scorecard
10099009,0.046215,690,A,850000,scorecard
10099010,0.003547,756,A,400000,scorecard
10099029,0.020167,689,A,1000000,scorecard
10099032,0.01239,690,A,450000,scorecard
10099042,0.011354,754,A,400000,scorecard
10099046,0.012346,680,A,400000,scorecard
10099047,0.015454,689,A,700000,scorecard
10099070,0.016398,689,A,1000000,scorecard
10099132,0.019893,689,A,750000,scorecard
10099141,0.00593,756,A,400000,scorecard
10099159,0.019432,756,A,700000,scorecard
10099212,0.022869,644,B,600000,scorecard
10099217,0.014316,680,A,600000,scorecard
10099218,0.025487,637,C,600000,scorecard
10099235,0.034565,619,C,550000,scorecard
10099252,1e-06,1224,A,600000,scorecard
10099271,0.003541,756,A,800000,scorecard
10099302,0.012346,680,A,400000,scorecard
10099303,0.008221,756,A,1000000,scorecard
10099305,0.028918,646,B,800000,scorecard
10099307,0.022222,646,B,800000,scorecard
10099321,0.052907,646,B,750000,scorecard
10099360,1e-06,1224,A,600000,scorecard
10099363,0.022222,646,B,800000,scorecard
10099410,0.010395,690,A,600000,scorecard
10099416,0.043147,646,B,500000,scorecard
10099418,0.046752,601,C,600000,scorecard
10099419,3e-06,1224,A,550000,scorecard
10099425,0.00358,756,A,700000,scorecard
10099429,0.035362,689,A,1000000,scorecard
10099443,0.012346,680,A,800000,scorecard
10099447,0.022869,644,B,500000,scorecard
10099451,0.022587,690,A,550000,scorecard
10099454,0.003436,754,A,400000,scorecard
10099479,0.019535,689,A,400000,scorecard
10099502,0.010395,690,A,550000,scorecard
10099509,0.028391,631,C,600000,scorecard
10099510,0.019544,690,A,400000,scorecard
10099512,0.107874,601,C,500000,scorecard
10099518,0.014336,690,A,500000,scorecard
10099522,2e-06,1224,A,450000,scorecard
10099532,0.007227,756,A,450000,scorecard
10099535,0.040113,690,A,450000,scorecard
10099537,0.013333,676,B,800000,scorecard
10099602,0.012346,680,A,550000,scorecard
10099609,0.026998,690,A,450000,scorecard
10099626,2e-06,1224,A,550000,scorecard
10099638,0.124733,601,C,400000,scorecard
10099641,0.003322,756,A,400000,scorecard
10099664,0.013662,690,A,400000,scorecard
10099688,0.034565,619,C,600000,scorecard
10099689,0.028391,631,C,600000,scorecard
10099703,0.012337,690,A,400000,scorecard
10099706,0.046752,601,C,600000,scorecard
10099737,0.030612,627,C,400000,scorecard
10099794,0.010601,689,A,550000,scorecard
10099804,0.1235,579,D,400000,control
10099808,0.046,631,C,500000,scorecard
10099824,0.028351,646,B,500000,scorecard
10099828,0.045087,689,A,600000,scorecard
10099855,0.07284,601,C,600000,scorecard
10099857,0.012346,680,A,400000,scorecard
10099881,0.017521,689,A,1000000,scorecard
10099894,0.003436,754,A,650000,scorecard
10099911,0.010395,690,A,450000,scorecard
10099969,0.034565,619,C,400000,scorecard
10099982,1e-06,1224,A,1000000,scorecard
10099983,0.022222,646,B,400000,scorecard
10100009,0.06518,631,C,600000,scorecard
10100034,0.042674,614,C,450000,scorecard
10100043,0.037901,614,C,400000,scorecard
10100051,0.010601,689,A,550000,scorecard
10100058,0.121789,646,B,800000,scorecard
10100077,0.02439,640,B,600000,scorecard
10100088,0.022869,644,B,800000,scorecard
10100100,0.028391,631,C,400000,scorecard
10100113,0.01428,710,A,450000,scorecard
10100118,0.133335,644,B,550000,scorecard
10100125,0.004305,756,A,400000,scorecard
10100171,0.010395,690,A,400000,scorecard
10100191,0.016011,690,A,450000,scorecard
10100192,0.030522,676,B,500000,scorecard
10100208,0.049257,601,C,600000,scorecard
10100221,0.006039,756,A,450000,scorecard
10100224,0.037595,676,B,550000,scorecard
10100233,0.015531,676,B,450000,scorecard
10100235,0.076738,646,B,400000,scorecard
10100236,0.022222,646,B,800000,scorecard
10100241,0.003436,754,A,1000000,scorecard
10100258,0.003436,754,A,450000,scorecard
10100269,0.06251,614,C,550000,scorecard
10100272,0.007325,754,A,650000,scorecard
10100281,0.028391,631,C,600000,scorecard
10100285,0.013333,676,B,800000,scorecard
10100299,0.069831,644,B,400000,scorecard
10100306,0.012346,680,A,750000,scorecard
10100321,1e-06,1224,A,1000000,scorecard
10100390,0.051746,690,A,950000,scorecard
10100401,0.012808,689,A,400000,scorecard
10100406,0.038363,689,A,1000000,scorecard
10100419,0.010601,689,A,400000,scorecard
10100420,0.051511,689,A,700000,scorecard
10100465,0.032548,631,C,400000,scorecard
10100475,0.221398,601,C,450000,scorecard
10100494,0.032507,631,C,450000,scorecard
10100498,0.035056,637,C,400000,scorecard
10100505,0.003436,754,A,500000,scorecard
10100540,1e-06,1224,A,1000000,scorecard
10100543,0.003322,756,A,550000,scorecard
10100554,0.013563,689,A,1000000,scorecard
10100578,0.00374,754,A,600000,scorecard
10100638,0.038448,637,C,400000,scorecard
10100648,0.003436,754,A,500000,scorecard
10100663,0.010395,690,A,400000,scorecard
10100681,0.010715,690,A,500000,scorecard
10100684,0.022222,646,B,800000,scorecard
10100698,0.036521,689,A,700000,scorecard
10100750,0.107821,637,C,600000,scorecard
10100752,0.040186,619,C,450000,scorecard
10100759,0.004198,756,A,1000000,scorecard
10100766,0.018162,689,A,550000,scorecard
10100806,0.041735,627,C,600000,scorecard
10100833,3e-06,1224,A,900000,scorecard
10100839,0.022222,646,B,500000,scorecard
10100844,0.013333,676,B,650000,scorecard
10100881,0.012346,680,A,850000,scorecard
10100885,0.003962,756,A,650000,scorecard
10100891,0.022222,646,B,550000,scorecard
10100898,0.04873,601,C,400000,scorecard
10100909,0.012346,680,A,800000,scorecard
10100910,0.034565,619,C,600000,scorecard
10100918,0.022819,690,A,650000,scorecard
10100921,0.022222,646,B,800000,scorecard
10100933,0.030612,627,C,600000,scorecard
10100944,0.010395,690,A,550000,scorecard
10100989,0.046216,690,A,1000000,scorecard
10100998,0.037657,614,C,550000,scorecard
10101003,1e-06,1224,A,400000,scorecard
10101006,0.045676,619,C,450000,scorecard
10101031,0.014493,671,B,450000,scorecard
10101038,0.036458,616,C,600000,scorecard
10101039,0.046752,601,C,450000,scorecard
10101041,0.059508,690,A,550000,scorecard
10101115,0.088656,632,C,600000,scorecard
10101122,0.010315,756,A,650000,scorecard
10101128,0.012097,690,A,400000,scorecard
10101167,0.016945,680,A,500000,scorecard
10101170,0.0562,619,C,400000,scorecard
10101186,0.012346,680,A,1000000,scorecard
10101192,0.003322,756,A,450000,scorecard
10101280,0.01539,756,A,1000000,scorecard
10101294,0.035219,676,B,750000,scorecard
10101298,0.026529,680,A,400000,scorecard
10101299,0.006396,756,A,850000,scorecard
10101316,0.015909,676,B,500000,scorecard
10101324,0.036458,616,C,600000,scorecard
10101343,0.034855,631,C,500000,scorecard
10101353,0.010601,689,A,450000,scorecard
10101363,0.003322,756,A,1000000,scorecard
10101365,0.050688,689,A,850000,scorecard
10101383,0.020386,680,A,750000,scorecard
10101394,0.034565,619,C,600000,scorecard
10101395,0.003436,754,A,700000,scorecard
10101424,0.027704,680,A,550000,scorecard
10101442,0.040926,631,C,400000,scorecard
10101477,0.046752,601,C,400000,scorecard
10101478,0.063755,631,C,600000,scorecard
10101483,0.013401,689,A,800000,scorecard
10101501,0.016452,689,A,750000,scorecard
10101505,0.012747,754,A,500000,scorecard
10101533,0.060953,690,A,850000,scorecard
10101565,0.024321,690,A,1000000,scorecard
10101567,1e-06,1224,A,800000,scorecard
10101574,0.012981,690,A,1000000,scorecard
10101579,0.046752,601,C,450000,scorecard
10101592,0.010395,690,A,450000,scorecard
10101601,0.012346,680,A,700000,scorecard
10101604,0.003436,754,A,800000,scorecard
10101611,0.099549,619,C,600000,scorecard
10101617,0.003436,754,A,1000000,scorecard
10101619,0.003739,756,A,1000000,scorecard
10101624,0.010395,690,A,450000,scorecard
10101631,0.046752,601,C,450000,scorecard
10101660,0.064662,690,A,650000,scorecard
10101665,0.026135,646,B,650000,scorecard
10101673,0.061879,644,B,550000,scorecard
10101676,0.036458,616,C,600000,scorecard
10101688,0.010601,689,A,600000,scorecard
10101697,0.025399,676,B,500000,scorecard
10101760,0.049004,689,A,1000000,scorecard
10101787,0.01376,690,A,400000,scorecard
10101790,0.014537,754,A,700000,scorecard
10101811,0.01165,756,A,1000000,scorecard
10101829,0.061825,644,B,800000,scorecard
10101831,0.010601,689,A,750000,scorecard
10101836,0.015396,690,A,650000,scorecard
10101844,0.022869,644,B,450000,scorecard
10101845,0.04556,619,C,500000,scorecard
10101848,0.010601,689,A,450000,scorecard
10101855,0.045141,689,A,500000,scorecard
10101862,0.08165,631,C,450000,scorecard
10101903,0.056817,627,C,550000,scorecard
10101906,0.027778,632,C,600000,scorecard
10101912,0.012346,680,A,550000,scorecard
10101919,0.014821,756,A,600000,scorecard
10101946,0.028391,631,C,450000,scorecard
10101951,0.023333,756,A,600000,scorecard
10101961,0.070546,619,C,600000,scorecard
10101977,0.022869,644,B,600000,scorecard
10101987,0.012346,680,A,750000,scorecard
10101988,0.034565,619,C,500000,scorecard
10101993,0.011785,756,A,450000,scorecard
10102016,0.010395,690,A,1000000,scorecard
10102027,0.046752,601,C,600000,scorecard
10102038,0.010395,690,A,500000,scorecard
10102052,0.010554,756,A,450000,scorecard
10102070,0.022869,644,B,800000,scorecard
10102091,0.010601,689,A,400000,scorecard
10102095,0.025766,690,A,850000,scorecard
10102108,0.003322,756,A,1000000,scorecard
10102122,0.003436,754,A,500000,scorecard
10102190,0.023355,690,A,400000,scorecard
10102194,0.01964,689,A,550000,scorecard
10102196,0.026179,676,B,450000,scorecard
10102204,0.045964,646,B,450000,scorecard
10102212,0.031092,710,A,700000,scorecard
10102220,0.020365,689,A,400000,scorecard
10102230,0.08244,601,C,550000,scorecard
10102241,0.020205,680,A,700000,scorecard
10102272,0.073045,689,A,550000,scorecard
10102281,0.03668,676,B,400000,scorecard
10102301,0.003793,756,A,450000,scorecard
10102306,0.019272,680,A,400000,scorecard
10102319,0.024114,646,B,650000,scorecard
10102322,0.018669,754,A,450000,scorecard
10102333,0.021435,690,A,550000,scorecard
10102343,0.012346,680,A,750000,scorecard
10102349,0.028391,631,C,500000,scorecard
10102354,0.012346,680,A,550000,scorecard
10102366,0.014493,671,B,550000,scorecard
10102367,0.068647,619,C,400000,scorecard
10102368,0.030612,627,C,450000,scorecard
10102372,0.034565,619,C,600000,scorecard
10102384,0.018147,690,A,400000,scorecard
10102415,0.004323,756,A,450000,scorecard
10102434,0.075516,646,B,500000,scorecard
10102436,0.106048,631,C,550000,scorecard
10102443,0.013184,680,A,750000,scorecard
10102462,0.022222,646,B,500000,scorecard
10102483,0.014493,671,B,600000,scorecard
10102518,0.022869,644,B,400000,scorecard
10102551,0.034565,619,C,550000,scorecard
10102553,0.038952,689,A,600000,scorecard
10102572,0.089779,614,C,600000,scorecard
10102575,0.025487,637,C,400000,scorecard
10102591,0.034565,619,C,500000,scorecard
10102610,0.034565,619,C,400000,scorecard
10102627,0.030612,627,C,550000,scorecard
10102637,0.007117,756,A,1000000,scorecard
10102642,0.022222,646,B,450000,scorecard
10102650,0.034565,619,C,600000,scorecard
10102658,0.046772,646,B,700000,scorecard
10102671,0.016865,689,A,650000,scorecard
10102674,0.020937,690,A,1000000,scorecard
10102686,0.011992,690,A,400000,scorecard
10102689,0.079435,601,C,450000,scorecard
10102699,0.023255,690,A,400000,scorecard
10102702,0.008607,754,A,850000,scorecard
10102706,0.066877,689,A,500000,scorecard
10102745,0.056669,601,C,500000,scorecard
10102754,0.019239,754,A,1000000,scorecard
10102755,1e-06,1224,A,1000000,scorecard
10102756,0.003436,754,A,1000000,scorecard
10102782,0.010395,690,A,600000,scorecard
10102783,0.04833,631,C,500000,scorecard
10102796,0.014915,690,A,800000,scorecard
10102806,0.045777,680,A,500000,scorecard
10102836,0.038979,680,A,400000,scorecard
10102859,0.022222,646,B,800000,scorecard
10102861,0.030612,627,C,400000,scorecard
10102878,0.003436,754,A,800000,scorecard
10102898,0.08224,619,C,400000,scorecard
10102904,0.007278,756,A,500000,scorecard
10102933,0.046752,601,C,550000,scorecard
10102939,0.013333,676,B,800000,scorecard
10102954,0.046531,616,C,400000,scorecard
10102957,0.017817,676,B,400000,scorecard
10102971,0.003436,754,A,600000,scorecard
10103000,0.022869,644,B,800000,scorecard
10103004,0.003322,756,A,1000000,scorecard
10103025,0.038397,619,C,500000,scorecard
10103027,0.025487,637,C,500000,scorecard
10103046,0.025487,637,C,450000,scorecard
10103050,0.023208,754,A,900000,scorecard
10103073,0.010395,690,A,400000,scorecard
10103089,0.034565,619,C,600000,scorecard
10103093,0.006688,746,A,450000,scorecard
10103100,0.032565,680,A,1000000,scorecard
10103102,0.039619,631,C,550000,scorecard
10103116,0.005391,754,A,650000,scorecard
10103118,0.030749,690,A,900000,scorecard
10103126,0.040567,644,B,500000,scorecard
10103170,0.012346,680,A,400000,scorecard
10103188,0.028391,631,C,450000,scorecard
10103196,0.059111,689,A,700000,scorecard
10103203,0.064795,676,B,550000,scorecard
10103216,0.022222,646,B,550000,scorecard
10103221,0.009012,756,A,700000,scorecard
10103239,0.011129,754,A,400000,scorecard
10103242,0.005694,754,A,600000,scorecard
10103244,7e-06,1224,A,700000,scorecard
10103245,0.015838,690,A,400000,scorecard
10103248,0.026608,689,A,550000,scorecard
10103289,0.012346,680,A,450000,scorecard
10103301,0.016358,690,A,400000,scorecard
10103319,0.091409,689,A,400000,scorecard
10103337,0.032842,671,B,700000,scorecard
10103343,0.010395,690,A,450000,scorecard
10103408,0.036458,616,C,600000,scorecard
10103413,0.034565,619,C,600000,scorecard
10103428,0.010395,690,A,650000,scorecard
10103463,0.034916,619,C,400000,scorecard
10103488,0.017863,690,A,450000,scorecard
10103492,0.041499,619,C,600000,scorecard
10103519,0.010395,690,A,400000,scorecard
10103522,0.035897,646,B,550000,scorecard
10103533,0.044895,689,A,450000,scorecard
10103542,0.028391,631,C,600000,scorecard
10103559,0.037657,614,C,500000,scorecard
10103574,0.010601,689,A,550000,scorecard
10103591,0.016866,690,A,450000,scorecard
10103598,0.043124,619,C,550000,scorecard
10103635,0.005178,756,A,1000000,scorecard
10103643,0.039974,690,A,450000,scorecard
10103647,0.042255,637,C,600000,scorecard
10103657,0.010601,689,A,400000,scorecard
10103663,0.004383,756,A,450000,scorecard
10103686,0.03245,637,C,400000,scorecard
10103688,0.091157,640,B,450000,scorecard
10103697,0.037191,632,C,400000,scorecard
10103698,0.010395,690,A,700000,scorecard
10103702,0.014584,690,A,800000,scorecard
10103722,0.028036,756,A,400000,scorecard
10103739,0.006649,756,A,1000000,scorecard
10103740,1e-06,1224,A,750000,scorecard
10103788,0.010395,690,A,500000,scorecard
10103799,0.037901,614,C,400000,scorecard
10103809,0.093068,631,C,600000,scorecard
10103810,0.010395,690,A,850000,scorecard
10103821,0.030705,690,A,450000,scorecard
10103823,0.010395,690,A,1000000,scorecard
10103835,0.113425,631,C,550000,scorecard
10103869,0.007353,710,A,500000,scorecard
10103884,0.037657,614,C,400000,scorecard
10103885,0.003458,754,A,700000,scorecard
10103900,0.049273,690,A,700000,scorecard
10103916,1e-06,1224,A,600000,scorecard
10103926,0.075771,646,B,400000,scorecard
10103956,0.070615,637,C,500000,scorecard
10103965,0.010395,690,A,900000,scorecard
10103991,0.046752,601,C,450000,scorecard
10103999,0.022222,646,B,400000,scorecard
10104043,0.027778,632,C,600000,scorecard
10104046,0.010395,690,A,600000,scorecard
10104052,0.010395,690,A,1000000,scorecard
10104059,0.005123,754,A,400000,scorecard
10104064,0.022869,644,B,450000,scorecard
10104081,0.05617,631,C,600000,scorecard
10104091,0.015885,671,B,550000,scorecard
10104096,0.019386,690,A,400000,scorecard
10104097,0.01774,689,A,500000,scorecard
10104098,0.018212,690,A,550000,scorecard
10104108,0.015203,689,A,1000000,scorecard
10104118,0.018797,689,A,1000000,scorecard
10104136,0.023522,689,A,500000,scorecard
10104241,0.018794,754,A,450000,scorecard
10104242,0.003436,754,A,550000,scorecard
10104252,0.039782,646,B,500000,scorecard
10104307,0.046752,601,C,600000,scorecard
10104310,1e-06,1224,A,1000000,scorecard
10104358,0.028391,631,C,600000,scorecard
10104373,0.034565,619,C,500000,scorecard
10104393,0.025879,676,B,400000,scorecard
10104415,0.085893,601,C,400000,scorecard
10104420,0.010601,689,A,400000,scorecard
10104426,0.010601,689,A,400000,scorecard
10104473,0.035293,690,A,500000,scorecard
10104582,0.04549,646,B,400000,scorecard
10104589,0.013647,690,A,1000000,scorecard
10104595,0.010601,689,A,450000,scorecard
10104601,0.010601,689,A,700000,scorecard
10104602,0.027778,632,C,400000,scorecard
10104649,0.010601,689,A,1000000,scorecard
10104653,0.008297,754,A,450000,scorecard
10104666,9e-06,1224,A,850000,scorecard
10104672,1e-06,1224,A,650000,scorecard
10104675,0.00613,756,A,500000,scorecard
10104676,0.014588,674,B,600000,scorecard
10104681,0.022776,689,A,500000,scorecard
10104682,0.04374,619,C,600000,scorecard
10104705,0.010395,690,A,450000,scorecard
10104757,0.034243,689,A,600000,scorecard
10104761,0.011563,690,A,500000,scorecard
10104767,0.017769,689,A,600000,scorecard
10104796,2e-06,1224,A,700000,scorecard
10104798,0.007404,756,A,450000,scorecard
10104809,0.003632,755,A,500000,scorecard
10104824,0.013836,689,A,450000,scorecard
10104831,0.021572,676,B,500000,scorecard
10104855,0.036068,619,C,600000,scorecard
10104918,0.011764,690,A,550000,scorecard
10104922,0.010234,756,A,400000,scorecard
10104942,0.030916,689,A,450000,scorecard
10104961,0.012346,680,A,1000000,scorecard
10104966,0.037167,631,C,600000,scorecard
10104994,0.046752,601,C,450000,scorecard
10104996,0.009503,754,A,400000,scorecard
10105006,0.034565,619,C,450000,scorecard
10105019,0.008004,756,A,900000,scorecard
10105022,0.04841,631,C,600000,scorecard
10105032,0.068488,689,A,500000,scorecard
10105057,0.022222,646,B,800000,scorecard
10105065,0.026834,689,A,850000,scorecard
10105092,0.003436,754,A,1000000,scorecard
10105122,0.003436,754,A,450000,scorecard
10105123,0.022222,646,B,400000,scorecard
10105128,0.028391,631,C,600000,scorecard
10105161,1e-06,1224,A,550000,scorecard
10105165,0.110633,644,B,800000,scorecard
10105168,0.003567,754,A,450000,scorecard
10105177,0.015344,690,A,450000,scorecard
10105180,0.01743,754,A,1000000,scorecard
10105214,0.046381,631,C,550000,scorecard
10105222,0.022222,646,B,500000,scorecard
10105234,0.045152,630,C,600000,scorecard
10105246,0.029167,646,B,800000,scorecard
10105254,0.046752,601,C,500000,scorecard
10105257,0.003322,756,A,600000,scorecard
10105267,0.072099,601,C,450000,scorecard
10105268,0.020925,680,A,750000,scorecard
10105269,0.046752,601,C,450000,scorecard
10105272,0.005528,756,A,450000,scorecard
10105304,0.015644,690,A,600000,scorecard
10105313,0.02381,689,A,500000,scorecard
10105332,3e-06,1224,A,500000,scorecard
10105334,1e-06,1224,A,400000,scorecard
10105375,0.022869,644,B,550000,scorecard
10105380,0.017073,676,B,400000,scorecard
10105387,0.030138,690,A,550000,scorecard
10105394,0.022869,644,B,400000,scorecard
10105410,0.034565,619,C,500000,scorecard
10105413,2e-06,1224,A,1000000,scorecard
10105425,0.034565,619,C,500000,scorecard
10105440,0.013021,690,A,450000,scorecard
10105449,0.046752,601,C,450000,scorecard
10105458,0.046208,646,B,400000,scorecard
10105463,0.025487,637,C,600000,scorecard
10105483,0.057177,690,A,550000,scorecard
10105493,0.027208,689,A,450000,scorecard
10105498,0.040975,646,B,400000,scorecard
10105505,0.003436,754,A,500000,scorecard
10105527,0.010601,689,A,450000,scorecard
10105529,0.166509,646,B,600000,scorecard
10105530,0.066434,619,C,600000,scorecard
10105543,0.017452,690,A,500000,scorecard
10105547,0.007579,754,A,400000,scorecard
10105549,0.017087,754,A,550000,scorecard
10105564,0.030612,627,C,400000,scorecard
10105569,0.012346,680,A,1000000,scorecard
10105572,0.027214,646,B,800000,scorecard
10105576,0.022819,644,B,400000,scorecard
10105582,0.03258,676,B,800000,scorecard
10105584,0.046752,601,C,600000,scorecard
10105587,0.028391,631,C,600000,scorecard
10105601,0.027445,644,B,600000,scorecard
10105625,0.016709,689,A,800000,scorecard
10105644,0.010601,689,A,750000,scorecard
10105647,0.004907,756,A,450000,scorecard
10105649,0.003322,756,A,650000,scorecard
10105662,0.010395,690,A,500000,scorecard
10105673,0.042682,710,A,450000,scorecard
10105674,0.013333,676,B,600000,scorecard
10105679,0.030075,644,B,400000,scorecard
10105682,0.022222,646,B,750000,scorecard
10105684,0.036937,690,A,700000,scorecard
10105718,0.034377,690,A,500000,scorecard
10105731,0.014487,676,B,700000,scorecard
10105742,0.046752,601,C,400000,scorecard
10105754,0.055809,631,C,400000,scorecard
10105770,0.079032,619,C,450000,scorecard
10105797,0.046752,601,C,400000,scorecard
10105803,0.030612,627,C,600000,scorecard
10105807,0.028391,631,C,600000,scorecard
10105822,0.035512,690,A,550000,scorecard
10105825,0.071695,631,C,400000,scorecard
10105827,0.064082,632,C,400000,scorecard
10105830,0.003436,754,A,1000000,scorecard
10105839,0.046584,689,A,400000,scorecard
10105841,0.003436,754,A,450000,scorecard
10105853,0.010395,690,A,500000,scorecard
10105880,0.010601,689,A,450000,scorecard
10105914,0.023116,689,A,400000,scorecard
10105918,0.034565,619,C,450000,scorecard
10105969,0.00206,784,A,1000000,scorecard
10106014,0.012736,689,A,500000,scorecard
10106033,0.012862,680,A,500000,scorecard
10106058,0.052765,614,C,550000,scorecard
10106061,0.034565,619,C,600000,scorecard
10106084,0.046685,680,A,450000,scorecard
10106102,0.026325,690,A,400000,scorecard
10106126,0.010601,689,A,950000,scorecard
10106168,0.010395,690,A,1000000,scorecard
10106185,0.014043,690,A,800000,scorecard
10106200,0.037657,614,C,500000,scorecard
10106202,0.010494,754,A,400000,scorecard
10106225,0.089816,601,C,400000,scorecard
10106229,0.025487,637,C,450000,scorecard
10106231,0.034589,646,B,600000,scorecard
10106237,0.067137,631,C,400000,scorecard
10106243,1e-06,1224,A,1000000,scorecard
10106247,0.022222,646,B,800000,scorecard
10106249,0.037657,614,C,550000,scorecard
10106255,0.010395,690,A,450000,scorecard
10106260,0.028391,631,C,600000,scorecard
10106266,0.15773,601,C,400000,scorecard
10106277,0.057422,631,C,400000,scorecard
10106303,0.013333,676,B,750000,scorecard
10106308,0.209213,601,C,600000,scorecard
10106314,0.004228,754,A,400000,scorecard
10106345,0.01482,690,A,400000,scorecard
10106358,0.013333,676,B,600000,scorecard
10106361,0.022222,646,B,400000,scorecard
10106396,0.01228,754,A,400000,scorecard
10106400,0.040862,619,C,600000,scorecard
10106401,0.038505,646,B,400000,scorecard
10106427,0.025487,637,C,600000,scorecard
10106433,0.022222,646,B,800000,scorecard
10106443,0.034565,619,C,600000,scorecard
10106444,0.040894,631,C,450000,scorecard
10106446,0.060323,632,C,500000,scorecard
10106447,0.004278,756,A,400000,scorecard
10106461,1e-06,1224,A,500000,scorecard
10106488,0.003436,754,A,450000,scorecard
10106490,0.049604,671,B,400000,scorecard
10106495,0.034565,619,C,550000,scorecard
10106538,0.010601,689,A,1000000,scorecard
10106552,0.010601,689,A,400000,scorecard
10106554,0.013573,756,A,450000,scorecard
10106565,0.015138,689,A,1000000,scorecard
10106566,0.034565,619,C,550000,scorecard
10106577,3e-06,1224,A,500000,scorecard
10106584,0.010751,756,A,450000,scorecard
10106602,1e-06,1224,A,1000000,scorecard
10106603,0.014493,671,B,450000,scorecard
10106614,0.015479,710,A,1000000,scorecard
10106616,0.033384,690,A,1000000,scorecard
10106630,0.100677,601,C,400000,scorecard
10106650,0.015802,756,A,500000,scorecard
10106708,0.013596,690,A,400000,scorecard
10106722,0.003322,756,A,400000,scorecard
10106723,0.00881,754,A,450000,scorecard
10106757,0.025573,644,B,500000,scorecard
10106770,0.015751,710,A,700000,scorecard
10106795,0.010601,689,A,1000000,scorecard
10106800,0.034565,619,C,400000,scorecard
10106801,0.003436,754,A,900000,scorecard
10106817,0.010395,690,A,700000,scorecard
10106818,0.043972,690,A,500000,scorecard
10106837,0.018851,689,A,450000,scorecard
10106839,0.034565,619,C,600000,scorecard
10106874,0.023417,676,B,450000,scorecard
10106880,0.003322,756,A,1000000,scorecard
10106898,0.078142,614,C,400000,scorecard
10106929,0.013827,690,A,600000,scorecard
10106968,0.010601,689,A,400000,scorecard
10106983,0.026961,637,C,600000,scorecard
10106990,8e-06,1224,A,450000,scorecard
10107004,0.046752,601,C,500000,scorecard
10107008,0.033079,631,C,600000,scorecard
10107011,0.075353,646,B,400000,scorecard
10107022,0.014519,676,B,650000,scorecard
10107036,0.003322,756,A,1000000,scorecard
10107047,0.005638,754,A,650000,scorecard
10107066,0.003436,754,A,400000,scorecard
10107067,0.048803,619,C,550000,scorecard
10107077,0.084246,619,C,400000,scorecard
10107089,0.007453,754,A,750000,scorecard
10107120,0.025487,637,C,600000,scorecard
10107125,0.010601,689,A,400000,scorecard
10107163,0.00398,754,A,550000,scorecard
10107172,0.046764,690,A,450000,scorecard
10107187,0.038995,644,B,400000,scorecard
10107200,0.032604,680,A,400000,scorecard
10107213,0.003322,756,A,450000,scorecard
10107232,0.043451,690,A,1000000,scorecard
10107256,0.010395,690,A,550000,scorecard
10107268,0.003322,756,A,600000,scorecard
10107272,0.016656,680,A,800000,scorecard
10107287,0.031661,689,A,400000,scorecard
10107296,0.061674,619,C,450000,scorecard
10107308,0.046752,601,C,600000,scorecard
10107314,0.101156,614,C,600000,scorecard
10107356,0.034565,619,C,500000,scorecard
10107383,0.030612,627,C,550000,scorecard
10107427,0.010395,690,A,550000,scorecard
10107446,0.019576,680,A,900000,scorecard
10107448,0.010395,690,A,850000,scorecard
10107452,0.133356,644,B,550000,scorecard
10107484,0.010601,689,A,400000,scorecard
10107500,3e-06,1224,A,750000,scorecard
10107526,0.03553,646,B,400000,scorecard
10107544,0.046752,601,C,600000,scorecard
10107547,0.003322,756,A,1000000,scorecard
10107561,0.00461,756,A,850000,scorecard
10107574,0.01165,710,A,450000,scorecard
10107620,0.022222,646,B,650000,scorecard
10107626,0.022869,644,B,800000,scorecard
10107630,0.012745,756,A,1000000,scorecard
10107653,0.020074,690,A,400000,scorecard
10107654,0.044499,619,C,400000,scorecard
10107660,4e-06,1224,A,1000000,scorecard
10107662,0.022869,644,B,450000,scorecard
10107686,0.034565,619,C,600000,scorecard
10107690,0.074358,627,C,550000,scorecard
10107706,0.025487,637,C,600000,scorecard
10107707,1e-06,1224,A,1000000,scorecard
10107711,1e-06,1224,A,550000,scorecard
10107732,0.039698,614,C,600000,scorecard
10107733,0.003322,756,A,1000000,scorecard
10107762,0.02979,640,B,800000,scorecard
10107791,0.02151,676,B,750000,scorecard
10107805,0.179234,644,B,400000,scorecard
10107812,0.041749,680,A,450000,scorecard
10107828,0.030145,644,B,750000,scorecard
10107833,2e-06,1224,A,650000,scorecard
10107841,0.013333,676,B,800000,scorecard
10107875,0.077609,676,B,500000,scorecard
10107894,0.025567,689,A,1000000,scorecard
10107913,1e-06,1224,A,700000,scorecard
10107917,0.053657,676,B,800000,scorecard
10107919,0.014228,689,A,450000,scorecard
10107933,0.010395,690,A,1000000,scorecard
10107947,0.010395,690,A,400000,scorecard
10107953,0.003859,756,A,800000,scorecard
10107956,0.064799,601,C,600000,scorecard
10107959,0.033953,690,A,450000,scorecard
10107964,0.004235,756,A,800000,scorecard
10107966,0.003982,754,A,400000,scorecard
10108005,0.00682,756,A,450000,scorecard
10108007,0.124124,644,B,700000,scorecard
10108021,0.022222,646,B,400000,scorecard
10108023,0.003436,754,A,700000,scorecard
10108027,0.013333,676,B,800000,scorecard
10108045,0.010395,690,A,500000,scorecard
10108054,0.030078,644,B,500000,scorecard
10108057,0.026268,644,B,500000,scorecard
10108065,0.025487,637,C,500000,scorecard
10108066,0.10969,601,C,400000,scorecard
10108112,0.010395,690,A,400000,scorecard
10108113,0.030783,646,B,600000,scorecard
10108123,2e-06,1224,A,450000,scorecard
10108127,0.006441,754,A,650000,scorecard
10108143,0.028391,631,C,600000,scorecard
10108145,0.044358,690,A,450000,scorecard
10108207,0.004175,754,A,1000000,scorecard
10108215,0.037871,637,C,550000,scorecard
10108217,0.028391,631,C,600000,scorecard
10108222,0.003322,756,A,1000000,scorecard
10108224,0.041313,756,A,450000,scorecard
10108241,0.040735,619,C,400000,scorecard
10108242,0.003322,756,A,400000,scorecard
10108245,0.049851,644,B,650000,scorecard
10108247,0.005497,754,A,450000,scorecard
10108263,0.036458,616,C,600000,scorecard
10108267,0.017013,690,A,1000000,scorecard
10108272,0.018144,690,A,550000,scorecard
10108334,0.028946,680,A,800000,scorecard
10108340,0.010395,690,A,750000,scorecard
10108345,0.005405,754,A,1000000,scorecard
10108361,0.028661,644,B,500000,scorecard
10108376,0.042973,619,C,400000,scorecard
10108382,0.012756,689,A,450000,scorecard
10108394,0.012279,689,A,550000,scorecard
10108400,0.046752,601,C,600000,scorecard
10108436,0.016889,754,A,450000,scorecard
10108439,0.022243,680,A,600000,scorecard
10108449,0.017274,690,A,500000,scorecard
10108476,0.034565,619,C,400000,scorecard
10108487,0.003322,756,A,1000000,scorecard
10108502,0.003436,754,A,600000,scorecard
10108508,0.053594,619,C,450000,scorecard
10108538,0.06237,644,B,400000,scorecard
10108543,1e-06,1224,A,400000,scorecard
10108549,0.097016,627,C,500000,scorecard
10108553,0.033761,646,B,800000,scorecard
10108562,1e-06,1224,A,1000000,scorecard
10108565,0.022222,646,B,800000,scorecard
10108576,1e-06,1224,A,600000,scorecard
10108578,0.012346,680,A,400000,scorecard
10108582,0.016079,689,A,1000000,scorecard
10108643,0.046752,601,C,550000,scorecard
10108650,7e-06,1224,A,400000,scorecard
10108652,1e-06,1224,A,450000,scorecard
10108657,0.017651,680,A,400000,scorecard
10108662,0.039619,631,C,500000,scorecard
10108685,0.036458,616,C,550000,scorecard
10108695,0.027327,690,A,400000,scorecard
10108707,0.034001,637,C,600000,scorecard
10108715,0.022222,646,B,800000,scorecard
10108730,0.21028,640,B,650000,scorecard
10108733,0.004355,756,A,700000,scorecard
10108750,2e-06,1224,A,400000,scorecard
10108761,0.071251,619,C,400000,scorecard
10108766,0.012232,690,A,1000000,scorecard
10108790,0.080679,616,C,450000,scorecard
10108799,0.003322,756,A,500000,scorecard
10108814,0.012737,689,A,450000,scorecard
10108850,0.052625,601,C,500000,scorecard
10108852,0.04452,646,B,550000,scorecard
10108855,0.024874,690,A,400000,scorecard
10108870,0.055656,646,B,800000,scorecard
10108876,0.017677,690,A,600000,scorecard
10108877,0.028731,646,B,600000,scorecard
10108886,0.003322,756,A,550000,scorecard
10108898,0.04368,637,C,400000,scorecard
10108906,0.047601,689,A,500000,scorecard
10108917,1e-06,1224,A,500000,scorecard
10108923,0.003436,754,A,450000,scorecard
10108926,0.034565,619,C,500000,scorecard
10108931,2e-06,1224,A,550000,scorecard
10108944,0.005392,728,A,500000,scorecard
10108947,0.014087,689,A,400000,scorecard
10108985,0.046752,601,C,600000,scorecard
10109021,0.014693,689,A,400000,scorecard
10109023,0.010601,689,A,1000000,scorecard
10109027,0.022721,689,A,700000,scorecard
10109059,0.066901,579,D,400000,control
10109081,0.071403,690,A,550000,scorecard
10109083,0.010601,689,A,550000,scorecard
10109086,0.004867,756,A,600000,scorecard
10109087,0.010601,689,A,950000,scorecard
10109096,0.064354,619,C,450000,scorecard
10109117,0.034565,619,C,600000,scorecard
10109124,0.015678,756,A,400000,scorecard
10109127,0.020678,676,B,800000,scorecard
10109139,2e-06,1224,A,450000,scorecard
10109143,0.032786,644,B,800000,scorecard
10109144,0.08969,676,B,800000,scorecard
10109148,0.046752,601,C,500000,scorecard
10109173,0.003322,756,A,1000000,scorecard
10109203,0.05402,690,A,400000,scorecard
10109208,0.02439,640,B,650000,scorecard
10109226,0.010379,710,A,500000,scorecard
10109236,0.022222,646,B,650000,scorecard
10109261,0.029822,689,A,500000,scorecard
10109262,0.081102,614,C,600000,scorecard
10109268,0.034565,619,C,450000,scorecard
10109280,0.003436,754,A,800000,scorecard
10109291,0.032533,710,A,600000,scorecard
10109294,0.004198,756,A,600000,scorecard
10109305,0.09614,627,C,600000,scorecard
10109306,0.012346,680,A,600000,scorecard
10109367,0.017086,689,A,850000,scorecard
10109371,1e-06,1224,A,450000,scorecard
10109383,0.010395,690,A,950000,scorecard
10109386,0.040059,616,C,400000,scorecard
10109405,0.034565,619,C,600000,scorecard
10109411,0.028842,680,A,450000,scorecard
10109412,0.06706,616,C,500000,scorecard
10109450,0.113048,689,A,400000,scorecard
10109455,0.003322,756,A,550000,scorecard
10109459,0.003844,756,A,900000,scorecard
10109473,0.022869,644,B,500000,scorecard
10109474,0.034565,619,C,450000,scorecard
10109505,0.05499,680,A,450000,scorecard
10109517,0.048725,614,C,550000,scorecard
10109524,0.174917,632,C,500000,scorecard
10109528,0.034565,619,C,550000,scorecard
10109532,0.073134,579,D,400000,control
10109534,0.010601,689,A,450000,scorecard
10109537,0.046294,644,B,500000,scorecard
10109539,0.003322,756,A,450000,scorecard
10109540,0.018297,680,A,450000,scorecard
10109546,0.053383,646,B,400000,scorecard
10109568,0.010601,689,A,450000,scorecard
10109574,0.058316,644,B,500000,scorecard
10109588,0.006236,756,A,400000,scorecard
10109623,0.011303,690,A,950000,scorecard
10109624,0.00385,754,A,1000000,scorecard
10109639,0.063539,601,C,600000,scorecard
10109640,0.005289,756,A,850000,scorecard
10109653,0.003436,754,A,1000000,scorecard
10109666,0.034565,619,C,500000,scorecard
10109675,0.035428,631,C,400000,scorecard
10109679,0.03459,619,C,600000,scorecard
10109696,0.014197,690,A,600000,scorecard
10109713,0.011872,756,A,550000,scorecard
10109715,0.080238,619,C,400000,scorecard
10109719,0.019517,690,A,450000,scorecard
10109740,0.003798,754,A,550000,scorecard
10109742,0.003403,756,A,700000,scorecard
10109772,0.030612,627,C,600000,scorecard
10109774,0.013333,676,B,400000,scorecard
10109784,0.016199,680,A,500000,scorecard
10109809,0.038518,676,B,650000,scorecard
10109864,0.010395,690,A,500000,scorecard
10109873,0.016821,690,A,450000,scorecard
10109902,0.009749,756,A,750000,scorecard
10109920,0.027049,690,A,1000000,scorecard
10109954,0.022869,644,B,500000,scorecard
10109955,0.008061,754,A,750000,scorecard
10109975,0.003322,756,A,450000,scorecard
10109978,0.037901,614,C,400000,scorecard
10109988,0.046752,601,C,450000,scorecard
10109989,0.100411,627,C,600000,scorecard
10109993,0.007952,710,A,400000,scorecard
10110023,0.046752,601,C,500000,scorecard
10110028,0.004283,754,A,550000,scorecard
10110096,0.046752,601,C,400000,scorecard
10110100,0.030612,627,C,500000,scorecard
10110111,0.033719,689,A,400000,scorecard
10110117,0.052399,619,C,600000,scorecard
10110164,0.036616,676,B,550000,scorecard
10110170,0.057202,619,C,600000,scorecard
10110185,0.014231,689,A,400000,scorecard
10110189,0.019783,690,A,1000000,scorecard
10110196,0.028391,631,C,500000,scorecard
10110204,0.003917,754,A,800000,scorecard
10110210,0.025487,637,C,550000,scorecard
10110231,3e-06,1224,A,450000,scorecard
10110235,0.003322,756,A,800000,scorecard
10110261,0.034565,619,C,600000,scorecard
10110269,0.022222,646,B,800000,scorecard
10110274,0.072911,644,B,450000,scorecard
10110282,0.003322,756,A,450000,scorecard
10110285,0.015299,756,A,400000,scorecard
10110298,1e-06,1224,A,700000,scorecard
10110301,0.02439,640,B,800000,scorecard
10110303,0.029151,632,C,500000,scorecard
10110315,0.034565,619,C,400000,scorecard
10110317,0.026346,689,A,800000,scorecard
10110318,0.034708,689,A,450000,scorecard
10110352,0.102164,646,B,800000,scorecard
10110368,0.03054,640,B,800000,scorecard
10110370,0.006988,756,A,550000,scorecard
10110387,0.012346,680,A,1000000,scorecard
10110391,0.034565,619,C,600000,scorecard
10110408,0.045828,637,C,450000,scorecard
10110418,0.003728,754,A,450000,scorecard
10110427,0.042214,637,C,400000,scorecard
10110441,0.023392,690,A,500000,scorecard
10110456,0.101287,619,C,600000,scorecard
10110461,0.054829,619,C,550000,scorecard
10110523,0.022222,646,B,800000,scorecard
10110541,0.006244,756,A,600000,scorecard
10110612,0.084517,638,C,550000,scorecard
10110631,0.014824,690,A,950000,scorecard
10110643,0.058029,631,C,450000,scorecard
10110665,0.021181,689,A,750000,scorecard
10110674,0.010395,690,A,900000,scorecard
10110678,0.030612,627,C,600000,scorecard
10110696,0.028391,631,C,600000,scorecard
10110697,0.022863,690,A,400000,scorecard
10110717,0.075916,619,C,450000,scorecard
10110723,0.013333,676,B,450000,scorecard
10110742,0.003322,756,A,550000,scorecard
10110752,0.038678,676,B,550000,scorecard
10110774,0.003609,754,A,450000,scorecard
10110780,0.028988,690,A,400000,scorecard
10110809,0.0169,690,A,650000,scorecard
10110836,0.008272,754,A,400000,scorecard
10110839,0.012855,754,A,400000,scorecard
10110840,0.003436,754,A,550000,scorecard
10110857,0.030612,627,C,550000,scorecard
10110872,0.046752,601,C,600000,scorecard
10110882,0.022222,646,B,400000,scorecard
10110883,0.036458,616,C,550000,scorecard
10110897,0.022869,644,B,450000,scorecard
10110911,0.015671,690,A,600000,scorecard
10110915,0.038864,680,A,600000,scorecard
10110921,0.042958,689,A,400000,scorecard
10110935,0.006993,756,A,600000,scorecard
10110952,0.15264,614,C,550000,scorecard
10110963,0.034565,619,C,600000,scorecard
10110967,0.00902,754,A,400000,scorecard
10110973,0.017549,680,A,1000000,scorecard
10110978,0.008301,754,A,750000,scorecard
10110993,0.082925,619,C,600000,scorecard
10111002,0.112642,632,C,450000,scorecard
10111006,0.060864,619,C,600000,scorecard
10111027,5e-06,1224,A,550000,scorecard
10111030,2e-06,1224,A,450000,scorecard
10111032,0.052577,690,A,850000,scorecard
10111035,0.012319,690,A,650000,scorecard
10111049,0.034565,619,C,600000,scorecard
10111068,0.022869,644,B,650000,scorecard
10111080,0.015642,690,A,950000,scorecard
10111100,0.038614,689,A,400000,scorecard
10111203,0.038996,754,A,450000,scorecard
10111210,0.018734,756,A,800000,scorecard
10111263,0.018761,690,A,450000,scorecard
10111264,0.046752,601,C,600000,scorecard
10111275,0.024231,671,B,450000,scorecard
10111292,0.028391,631,C,600000,scorecard
10111294,0.028391,631,C,550000,scorecard
10111340,0.022869,644,B,550000,scorecard
10111350,0.034565,619,C,400000,scorecard
10111355,0.015402,754,A,700000,scorecard
10111368,0.107204,601,C,600000,scorecard
10111385,0.011337,754,A,400000,scorecard
10111407,0.013333,676,B,550000,scorecard
10111408,0.01087,690,A,800000,scorecard
10111420,0.03057,646,B,450000,scorecard
10111424,0.046752,601,C,450000,scorecard
10111426,0.028391,631,C,450000,scorecard
10111427,0.158935,644,B,400000,scorecard
10111428,0.010601,689,A,700000,scorecard
10111439,0.004199,756,A,400000,scorecard
10111460,0.02439,640,B,500000,scorecard
10111463,0.022222,646,B,500000,scorecard
10111466,0.010601,689,A,400000,scorecard
10111472,0.010601,689,A,450000,scorecard
10111483,0.038005,631,C,450000,scorecard
10111497,0.046752,601,C,600000,scorecard
10111498,0.013784,690,A,1000000,scorecard
10111523,0.027778,690,A,400000,scorecard
10111531,0.051506,644,B,550000,scorecard
10111544,0.003436,754,A,750000,scorecard
10111587,0.003463,754,A,900000,scorecard
10111603,0.02091,689,A,450000,scorecard
10111614,0.046752,601,C,600000,scorecard
10111630,0.010732,690,A,400000,scorecard
10111637,0.020453,690,A,800000,scorecard
10111642,0.034565,619,C,600000,scorecard
10111670,0.003436,754,A,1000000,scorecard
10111684,0.028391,631,C,600000,scorecard
10111705,0.031117,689,A,550000,scorecard
10111736,0.074146,631,C,450000,scorecard
10111759,0.027778,632,C,600000,scorecard
10111775,0.039195,632,C,400000,scorecard
10111789,1e-06,1224,A,550000,scorecard
10111794,0.003322,756,A,550000,scorecard
10111795,0.025487,637,C,400000,scorecard
10111810,0.013333,676,B,400000,scorecard
10111819,0.010395,690,A,700000,scorecard
10111835,0.034565,619,C,600000,scorecard
10111848,0.010395,690,A,1000000,scorecard
10111857,0.025487,637,C,550000,scorecard
10111890,0.035122,619,C,400000,scorecard
10111921,0.01908,690,A,650000,scorecard
10111953,0.020333,689,A,400000,scorecard
10111970,0.098449,644,B,650000,scorecard
10111984,0.081982,616,C,400000,scorecard
10112002,0.012518,679,B,400000,scorecard
10112026,0.018504,680,A,400000,scorecard
10112031,0.055801,690,A,850000,scorecard
10112049,0.010601,689,A,500000,scorecard
10112052,0.168274,640,B,450000,scorecard
10112074,0.004641,756,A,400000,scorecard
10112081,0.013984,756,A,700000,scorecard
10112099,0.013202,710,A,450000,scorecard
10112118,0.003436,754,A,450000,scorecard
10112165,0.010035,717,A,500000,scorecard
10112167,0.003913,756,A,500000,scorecard
10112180,0.024558,671,B,500000,scorecard
10112187,0.010601,689,A,400000,scorecard
10112203,0.027849,710,A,850000,scorecard
10112235,0.014314,756,A,400000,scorecard
10112239,0.022222,646,B,800000,scorecard
10112243,0.022222,646,B,550000,scorecard
10112263,0.034565,619,C,600000,scorecard
10112268,0.028636,680,A,450000,scorecard
10112285,0.026917,646,B,450000,scorecard
10112291,0.006678,756,A,600000,scorecard
10112296,0.010395,690,A,1000000,scorecard
10112309,0.013333,676,B,550000,scorecard
10112361,0.047,671,B,400000,scorecard
10112403,0.011307,689,A,450000,scorecard
10112428,0.022222,646,B,450000,scorecard
10112446,0.034565,619,C,550000,scorecard
10112454,0.038578,619,C,450000,scorecard
10112461,0.022869,644,B,400000,scorecard
10112500,0.017623,689,A,650000,scorecard
10112506,0.006076,754,A,650000,scorecard
10112520,0.048981,689,A,400000,scorecard
10112521,0.013333,676,B,800000,scorecard
10112529,0.036458,616,C,400000,scorecard
10112549,0.00788,756,A,850000,scorecard
10112567,0.005675,756,A,450000,scorecard
10112570,0.040101,644,B,550000,scorecard
10112573,0.034565,619,C,600000,scorecard
10112577,0.029432,690,A,400000,scorecard
10112583,0.013165,690,A,400000,scorecard
10112613,0.037417,676,B,500000,scorecard
10112625,0.030612,627,C,400000,scorecard
10112637,0.013923,689,A,850000,scorecard
10112643,0.020627,671,B,800000,scorecard
10112666,0.052611,601,C,400000,scorecard
10112678,0.024262,671,B,450000,scorecard
10112685,0.024664,710,A,850000,scorecard
10112718,0.021071,676,B,800000,scorecard
10112720,0.010601,689,A,450000,scorecard
10112741,0.046752,601,C,600000,scorecard
10112745,0.021768,690,A,750000,scorecard
10112776,0.003727,754,A,800000,scorecard
10112778,0.01651,671,B,450000,scorecard
10112779,0.004399,754,A,1000000,scorecard
10112802,0.012925,690,A,400000,scorecard
10112806,0.010601,689,A,600000,scorecard
10112812,0.016428,689,A,750000,scorecard
10112827,0.010601,689,A,550000,scorecard
10112849,0.073558,689,A,500000,scorecard
10112857,0.010395,690,A,450000,scorecard
10112879,0.003436,754,A,1000000,scorecard
10112907,0.069419,619,C,450000,scorecard
10112913,0.022222,646,B,550000,scorecard
10112919,0.056559,619,C,550000,scorecard
10112965,0.013285,690,A,650000,scorecard
10112967,0.010395,690,A,450000,scorecard
10112971,0.036333,710,A,600000,scorecard
10112974,0.028391,631,C,600000,scorecard
10112978,0.034565,619,C,450000,scorecard
10112989,0.08136,601,C,400000,scorecard
10112996,0.045506,690,A,450000,scorecard
10113005,0.04762,646,B,450000,scorecard
10113006,0.039214,619,C,550000,scorecard
10113013,0.136361,646,B,800000,scorecard
10113034,0.039245,689,A,700000,scorecard
10113074,0.022869,644,B,600000,scorecard
10113076,0.076508,644,B,800000,scorecard
10113084,0.039878,680,A,450000,scorecard
10113116,0.013333,676,B,450000,scorecard
10113122,0.003695,756,A,650000,scorecard
10113136,0.033223,631,C,600000,scorecard
10113145,0.017418,710,A,550000,scorecard
10113150,0.003806,754,A,450000,scorecard
10113165,0.020785,680,A,450000,scorecard
10113202,0.022222,646,B,600000,scorecard
10113208,0.027778,632,C,600000,scorecard
10113236,0.014044,689,A,400000,scorecard
10113289,0.025487,637,C,600000,scorecard
10113291,0.046752,601,C,500000,scorecard
10113329,0.022222,646,B,500000,scorecard
10113338,0.046752,601,C,400000,scorecard
10113355,0.016168,680,A,400000,scorecard
10113362,0.039385,676,B,550000,scorecard
10113396,0.012346,680,A,700000,scorecard
10113414,0.070847,690,A,750000,scorecard
10113428,0.010395,690,A,850000,scorecard
10113447,0.022893,680,A,850000,scorecard
10113456,0.047054,619,C,600000,scorecard
10113478,0.073053,632,C,600000,scorecard
10113504,0.022869,644,B,800000,scorecard
10113512,0.036306,627,C,550000,scorecard
10113515,0.017378,689,A,1000000,scorecard
10113528,0.003436,754,A,450000,scorecard
10113552,0.046752,601,C,500000,scorecard
10113562,0.013554,754,A,450000,scorecard
10113592,0.091914,601,C,550000,scorecard
10113623,0.046752,601,C,550000,scorecard
10113653,0.043143,619,C,600000,scorecard
10113664,0.007406,756,A,450000,scorecard
10113691,0.025487,637,C,450000,scorecard
10113729,0.020984,676,B,500000,scorecard
10113733,0.12769,632,C,450000,scorecard
10113745,0.144217,631,C,400000,scorecard
10113796,0.04033,690,A,550000,scorecard
10113812,0.017076,689,A,450000,scorecard
10113834,0.028391,631,C,600000,scorecard
10113850,0.046752,601,C,500000,scorecard
10113852,0.022869,644,B,800000,scorecard
10113857,0.003484,756,A,550000,scorecard
10113866,0.00932,756,A,550000,scorecard
10113871,0.048667,689,A,500000,scorecard
10113914,2e-06,1224,A,450000,scorecard
10113919,0.01296,710,A,600000,scorecard
10113926,0.022222,646,B,650000,scorecard
10113930,0.01619,680,A,450000,scorecard
10113935,0.052921,637,C,400000,scorecard
10113938,0.076359,631,C,550000,scorecard
10113951,0.023102,680,A,700000,scorecard
10113958,0.022869,644,B,800000,scorecard
10114011,0.010395,690,A,550000,scorecard
10114013,0.051792,680,A,450000,scorecard
10114050,0.009085,756,A,1000000,scorecard
10114051,0.032921,644,B,450000,scorecard
10114056,0.027216,676,B,700000,scorecard
10114057,0.003322,756,A,1000000,scorecard
10114065,0.028391,631,C,600000,scorecard
10114097,0.027778,632,C,450000,scorecard
10114102,0.049167,644,B,400000,scorecard
10114105,0.008026,756,A,400000,scorecard
10114118,0.003322,756,A,500000,scorecard
10114124,0.010395,690,A,400000,scorecard
10114129,0.033183,680,A,400000,scorecard
10114144,0.066991,637,C,550000,scorecard
10114161,0.034877,646,B,450000,scorecard
10114166,0.003436,754,A,950000,scorecard
10114182,0.052392,689,A,950000,scorecard
10114183,0.010601,689,A,450000,scorecard
10114187,0.013333,676,B,800000,scorecard
10114188,0.003696,756,A,800000,scorecard
10114189,0.021292,671,B,450000,scorecard
10114197,0.010395,690,A,450000,scorecard
10114201,0.010017,754,A,650000,scorecard
10114223,0.025487,637,C,450000,scorecard
10114224,0.022222,646,B,800000,scorecard
10114235,0.020827,710,A,1000000,scorecard
10114257,0.025114,754,A,450000,scorecard
10114258,0.0206,690,A,500000,scorecard
10114264,0.028894,631,C,500000,scorecard
10114284,0.010601,689,A,650000,scorecard
10114300,0.052298,601,C,450000,scorecard
10114308,0.065518,601,C,600000,scorecard
10114311,0.037901,614,C,400000,scorecard
10114361,0.034565,619,C,550000,scorecard
10114364,0.042895,644,B,800000,scorecard
10114365,0.028391,631,C,550000,scorecard
10114382,0.003436,754,A,550000,scorecard
10114385,0.012346,680,A,400000,scorecard
10114407,0.00872,754,A,1000000,scorecard
10114431,0.051562,637,C,400000,scorecard
10114453,0.003322,756,A,1000000,scorecard
10114492,0.010395,690,A,650000,scorecard
10114510,0.003322,756,A,500000,scorecard
10114548,0.034565,619,C,400000,scorecard
10114573,0.004651,754,A,400000,scorecard
10114588,3e-06,1224,A,1000000,scorecard
10114591,0.040417,689,A,450000,scorecard
10114601,0.034565,619,C,450000,scorecard
10114638,0.014493,671,B,800000,scorecard
10114643,0.029168,631,C,450000,scorecard
10114650,0.0206,689,A,700000,scorecard
10114656,0.010601,689,A,450000,scorecard
10114679,0.003436,754,A,700000,scorecard
10114686,0.013333,676,B,500000,scorecard
10114698,0.037901,614,C,400000,scorecard
10114711,0.022222,646,B,500000,scorecard
10114741,0.012346,680,A,1000000,scorecard
10114774,0.003883,754,A,950000,scorecard
10114781,0.13153,627,C,450000,scorecard
10114793,0.045006,616,C,500000,scorecard
10114840,0.024158,644,B,550000,scorecard
10114859,1e-06,1224,A,1000000,scorecard
10114864,0.004199,754,A,400000,scorecard
10114874,0.040464,680,A,900000,scorecard
10114897,0.022222,646,B,750000,scorecard
10114903,0.046752,601,C,600000,scorecard
10114913,0.034565,619,C,550000,scorecard
10114960,0.025487,637,C,550000,scorecard
10114966,0.022222,646,B,800000,scorecard
10114981,0.025487,637,C,400000,scorecard
10114992,0.0716,601,C,600000,scorecard
10115008,0.012245,710,A,500000,scorecard
10115023,0.027778,632,C,600000,scorecard
10115027,0.011634,690,A,1000000,scorecard
10115053,0.010601,689,A,450000,scorecard
10115055,0.034565,619,C,400000,scorecard
10115060,0.019842,689,A,450000,scorecard
10115098,0.067873,601,C,600000,scorecard
10115125,0.026857,690,A,450000,scorecard
10115126,0.035346,689,A,400000,scorecard
10115143,0.030612,627,C,450000,scorecard
10115144,0.037657,614,C,500000,scorecard
10115150,0.090202,619,C,600000,scorecard
10115169,0.004604,756,A,850000,scorecard
10115170,0.059372,627,C,600000,scorecard
10115188,0.034565,619,C,600000,scorecard
10115189,0.003507,754,A,650000,scorecard
10115211,0.019405,754,A,700000,scorecard
10115233,0.019507,689,A,600000,scorecard
10115240,0.044679,619,C,550000,scorecard
10115267,0.028867,680,A,550000,scorecard
10115268,0.036458,616,C,600000,scorecard
10115280,0.036458,616,C,400000,scorecard
10115300,0.013081,756,A,450000,scorecard
10115302,1e-06,1224,A,500000,scorecard
10115319,0.034565,619,C,600000,scorecard
10115327,0.093542,631,C,550000,scorecard
10115330,0.210307,601,C,600000,scorecard
10115353,0.026181,690,A,550000,scorecard
10115370,0.021414,680,A,900000,scorecard
10115372,0.018447,689,A,900000,scorecard
10115409,0.003436,754,A,450000,scorecard
10115410,0.022869,644,B,400000,scorecard
10115413,2e-06,1224,A,800000,scorecard
10115425,0.070228,619,C,400000,scorecard
10115456,0.020624,689,A,1000000,scorecard
10115466,0.034565,619,C,500000,scorecard
10115471,0.054657,631,C,450000,scorecard
10115482,0.022222,646,B,800000,scorecard
10115505,0.063641,646,B,700000,scorecard
10115556,1e-06,1224,A,550000,scorecard
10115566,0.053008,614,C,600000,scorecard
10115596,0.016951,690,A,600000,scorecard
10115633,0.156677,601,C,500000,scorecard
10115637,0.010395,690,A,1000000,scorecard
10115661,0.018922,689,A,850000,scorecard
10115668,0.054181,637,C,500000,scorecard
10115670,0.023585,690,A,450000,scorecard
10115683,0.025481,676,B,400000,scorecard
10115728,0.071746,627,C,500000,scorecard
10115764,0.036458,616,C,600000,scorecard
10115773,0.060514,689,A,400000,scorecard
10115777,0.046752,601,C,450000,scorecard
10115778,0.060948,644,B,500000,scorecard
10115779,0.022869,644,B,800000,scorecard
10115802,0.020091,690,A,400000,scorecard
10115812,0.004305,754,A,550000,scorecard
10115834,0.006488,756,A,500000,scorecard
10115838,0.096538,619,C,600000,scorecard
10115851,0.028391,631,C,600000,scorecard
10115882,0.071769,631,C,400000,scorecard
10115883,0.141078,619,C,600000,scorecard
10115901,0.044626,632,C,550000,scorecard
10115906,0.038848,680,A,650000,scorecard
10115914,0.032235,644,B,650000,scorecard
10115926,0.018217,680,A,600000,scorecard
10115932,0.012754,689,A,1000000,scorecard
10115947,3e-06,1224,A,600000,scorecard
10115970,0.004114,756,A,850000,scorecard
10115982,0.028391,631,C,500000,scorecard
10116001,0.034565,619,C,600000,scorecard
10116038,0.003436,754,A,650000,scorecard
10116039,0.010395,690,A,550000,scorecard
10116051,0.027799,680,A,1000000,scorecard
10116054,0.009132,756,A,400000,scorecard
10116074,0.096452,627,C,500000,scorecard
10116077,0.007539,756,A,400000,scorecard
10116098,0.015295,671,B,600000,scorecard
10116103,0.003322,756,A,700000,scorecard
10116126,0.028391,631,C,550000,scorecard
10116178,0.042602,689,A,500000,scorecard
10116189,1e-06,1224,A,650000,scorecard
10116198,0.037354,689,A,600000,scorecard
10116205,0.003322,756,A,950000,scorecard
10116207,0.027967,690,A,750000,scorecard
10116227,0.025487,637,C,400000,scorecard
10116280,0.075137,632,C,600000,scorecard
10116283,0.028391,631,C,600000,scorecard
10116287,0.003436,754,A,1000000,scorecard
10116325,0.010395,690,A,400000,scorecard
10116339,0.010395,690,A,650000,scorecard
10116359,0.040709,632,C,600000,scorecard
10116384,0.037901,614,C,600000,scorecard
10116392,0.028391,631,C,450000,scorecard
10116408,0.004015,754,A,500000,scorecard
10116437,0.056913,601,C,400000,scorecard
10116443,0.067167,619,C,400000,scorecard
10116452,0.15413,637,C,400000,scorecard
10116475,0.017393,676,B,450000,scorecard
10116484,0.030612,627,C,400000,scorecard
10116486,0.012388,754,A,400000,scorecard
10116487,8e-06,1224,A,450000,scorecard
10116488,0.006365,754,A,450000,scorecard
10116503,0.050531,644,B,800000,scorecard
10116504,0.024243,690,A,400000,scorecard
10116538,0.027778,632,C,600000,scorecard
10116542,0.077275,632,C,450000,scorecard
10116545,0.022222,646,B,800000,scorecard
10116548,0.047433,710,A,550000,scorecard
10116557,0.026399,680,A,800000,scorecard
10116602,0.003878,754,A,550000,scorecard
10116618,0.030736,676,B,400000,scorecard
10116619,0.0195,676,B,400000,scorecard
10116620,0.022222,646,B,800000,scorecard
10116621,0.138406,601,C,400000,scorecard
10116632,0.037657,614,C,600000,scorecard
10116650,0.101778,689,A,700000,scorecard
10116657,0.053567,614,C,500000,scorecard
10116660,2e-06,1224,A,1000000,scorecard
10116695,1e-06,1224,A,1000000,scorecard
10116703,0.088788,637,C,600000,scorecard
10116717,0.010601,689,A,550000,scorecard
10116770,0.010395,690,A,750000,scorecard
10116779,0.004348,756,A,600000,scorecard
10116788,0.028391,631,C,450000,scorecard
10116798,0.017818,710,A,800000,scorecard
10116812,0.081162,619,C,450000,scorecard
10116817,0.046752,601,C,550000,scorecard
10116874,0.013333,676,B,550000,scorecard
10116904,0.025487,637,C,600000,scorecard
10116905,0.046752,601,C,600000,scorecard
10116906,0.055318,619,C,450000,scorecard
10116913,0.024299,689,A,900000,scorecard
10116947,0.02495,690,A,400000,scorecard
10116972,0.010395,690,A,750000,scorecard
10116977,0.003436,754,A,450000,scorecard
10116984,0.054707,619,C,450000,scorecard
10116995,0.022222,646,B,800000,scorecard
10117051,0.003436,754,A,400000,scorecard
10117076,0.014512,756,A,450000,scorecard
10117089,0.034565,619,C,450000,scorecard
10117101,0.003436,754,A,650000,scorecard
10117127,0.004077,754,A,700000,scorecard
10117145,0.037657,614,C,550000,scorecard
10117148,0.003436,754,A,500000,scorecard
10117163,0.022809,671,B,500000,scorecard
10117219,0.030612,627,C,600000,scorecard
10117235,0.025487,637,C,450000,scorecard
10117244,0.005185,754,A,400000,scorecard
10117245,0.010395,690,A,400000,scorecard
10117260,0.04985,627,C,400000,scorecard
10117287,0.011957,689,A,450000,scorecard
10117309,0.018498,676,B,400000,scorecard
10117338,0.024131,689,A,500000,scorecard
10117371,0.044319,631,C,450000,scorecard
10117374,0.02847,690,A,650000,scorecard
10117376,0.041991,689,A,600000,scorecard
10117383,0.013073,754,A,500000,scorecard
10117394,0.090054,689,A,750000,scorecard
10117396,0.024392,644,B,450000,scorecard
10117435,0.022869,644,B,500000,scorecard
10117447,0.023877,644,B,450000,scorecard
10117470,0.014188,690,A,500000,scorecard
10117491,0.022869,644,B,450000,scorecard
10117497,1e-06,1224,A,850000,scorecard
10117524,0.003436,754,A,850000,scorecard
10117537,0.046752,601,C,600000,scorecard
10117550,0.012583,690,A,500000,scorecard
10117556,0.030612,627,C,400000,scorecard
10117557,0.017457,690,A,550000,scorecard
10117567,0.011174,690,A,400000,scorecard
10117569,0.003322,756,A,1000000,scorecard
10117574,0.008317,710,A,700000,scorecard
10117579,0.05081,710,A,750000,scorecard
10117585,0.010395,690,A,500000,scorecard
10117607,0.032489,690,A,700000,scorecard
10117630,0.032082,690,A,1000000,scorecard
10117644,0.083366,689,A,450000,scorecard
10117646,0.01384,710,A,450000,scorecard
10117656,0.042468,680,A,400000,scorecard
10117688,0.022222,646,B,600000,scorecard
10117705,0.004345,756,A,600000,scorecard
10117706,0.040714,680,A,950000,scorecard
10117744,0.005624,754,A,450000,scorecard
10117788,0.025487,637,C,500000,scorecard
10117791,0.012346,680,A,600000,scorecard
10117805,0.022869,644,B,500000,scorecard
10117817,0.022222,646,B,650000,scorecard
10117866,0.022869,644,B,700000,scorecard
10117886,0.063653,690,A,850000,scorecard
10117890,0.013333,676,B,500000,scorecard
10117915,0.011079,689,A,500000,scorecard
10117928,0.003322,756,A,1000000,scorecard
10117938,0.027778,632,C,600000,scorecard
10117939,0.039368,637,C,500000,scorecard
10117969,0.030612,627,C,550000,scorecard
10117980,0.046752,601,C,400000,scorecard
10117982,0.071937,676,B,500000,scorecard
10117988,0.022869,644,B,400000,scorecard
10118002,0.036179,637,C,600000,scorecard
10118007,0.01435,690,A,750000,scorecard
10118013,0.022869,644,B,450000,scorecard
10118021,0.013058,690,A,750000,scorecard
10118070,0.028391,631,C,600000,scorecard
10118071,0.030073,690,A,500000,scorecard
10118083,0.028872,689,A,1000000,scorecard
10118085,0.017791,690,A,700000,scorecard
10118104,0.013333,676,B,500000,scorecard
10118128,0.033705,637,C,600000,scorecard
10118144,0.010395,690,A,400000,scorecard
10118147,0.013048,689,A,550000,scorecard
10118159,0.003651,756,A,450000,scorecard
10118162,0.003322,756,A,1000000,scorecard
10118200,0.014737,689,A,900000,scorecard
10118210,0.037627,690,A,400000,scorecard
10118237,0.034565,619,C,600000,scorecard
10118292,0.022869,644,B,550000,scorecard
10118303,0.073724,631,C,600000,scorecard
10118322,0.010395,690,A,600000,scorecard
10118327,0.172395,601,C,550000,scorecard
10118332,0.022222,646,B,700000,scorecard
10118341,1e-06,1224,A,1000000,scorecard
10118386,0.010395,690,A,1000000,scorecard
10118387,0.030612,627,C,400000,scorecard
10118396,0.032695,680,A,650000,scorecard
10118402,0.00618,756,A,500000,scorecard
10118419,0.080896,614,C,450000,scorecard
10118447,0.095219,601,C,500000,scorecard
10118474,0.217176,601,C,500000,scorecard
10118483,0.010395,690,A,650000,scorecard
10118486,0.028391,631,C,600000,scorecard
10118488,1e-06,1224,A,1000000,scorecard
10118489,4e-06,1224,A,500000,scorecard
10118503,0.027778,632,C,500000,scorecard
10118543,0.014365,754,A,650000,scorecard
10118547,0.006503,754,A,400000,scorecard
10118575,0.00511,754,A,700000,scorecard
10118593,0.046752,601,C,450000,scorecard
10118633,0.010601,689,A,400000,scorecard
10118660,0.003436,754,A,950000,scorecard
10118680,0.010601,689,A,500000,scorecard
10118694,0.011857,690,A,950000,scorecard
10118704,0.005776,754,A,750000,scorecard
10118717,0.034565,619,C,600000,scorecard
10118735,1e-06,1224,A,400000,scorecard
10118742,0.019637,680,A,500000,scorecard
10118746,1e-06,1224,A,400000,scorecard
10118747,0.010601,689,A,500000,scorecard
10118755,0.010601,689,A,1000000,scorecard
10118760,0.132124,536,E,400000,control
10118761,0.004476,754,A,1000000,scorecard
10118764,0.034565,619,C,600000,scorecard
10118779,0.010395,690,A,550000,scorecard
10118781,0.050564,690,A,550000,scorecard
10118785,0.022869,644,B,800000,scorecard
10118791,0.007503,756,A,500000,scorecard
10118844,0.013236,756,A,600000,scorecard
10118874,0.021184,756,A,550000,scorecard
10118885,0.081342,631,C,600000,scorecard
10118887,0.003436,754,A,450000,scorecard
10118917,0.022222,646,B,800000,scorecard
10118936,0.003451,754,A,1000000,scorecard
10118957,0.057846,601,C,600000,scorecard
10118966,0.022222,646,B,800000,scorecard
10118987,0.003436,754,A,600000,scorecard
10118997,0.007353,710,A,1000000,scorecard
10119009,0.049086,644,B,550000,scorecard
10119016,0.01065,690,A,400000,scorecard
10119026,0.005145,756,A,850000,scorecard
10119032,0.005276,754,A,1000000,scorecard
10119053,0.006961,754,A,550000,scorecard
10119061,0.010395,690,A,650000,scorecard
10119064,0.034565,619,C,600000,scorecard
10119066,0.014493,671,B,800000,scorecard
10119082,0.003436,754,A,450000,scorecard
10119086,0.008962,756,A,400000,scorecard
10119102,1e-06,1224,A,1000000,scorecard
10119105,0.003322,756,A,450000,scorecard
10119127,0.039279,616,C,400000,scorecard
10119145,0.030612,627,C,550000,scorecard
10119205,0.004416,754,A,450000,scorecard
10119235,0.021788,676,B,450000,scorecard
10119261,0.010601,689,A,1000000,scorecard
10119279,0.158694,601,C,500000,scorecard
10119292,0.046752,601,C,450000,scorecard
10119306,0.089586,614,C,600000,scorecard
10119327,0.003907,756,A,450000,scorecard
10119348,0.067579,601,C,450000,scorecard
10119367,0.020132,689,A,1000000,scorecard
10119376,0.022222,646,B,550000,scorecard
10119397,0.025487,637,C,550000,scorecard
10119402,0.037901,614,C,600000,scorecard
10119428,0.047214,614,C,450000,scorecard
10119442,0.009817,754,A,800000,scorecard
10119469,0.093341,646,B,450000,scorecard
10119473,0.033708,690,A,550000,scorecard
10119486,0.010395,690,A,450000,scorecard
10119489,0.022541,690,A,500000,scorecard
10119512,0.024424,690,A,450000,scorecard
10119522,9e-06,1224,A,400000,scorecard
10119530,0.010601,689,A,800000,scorecard
10119532,0.046153,619,C,600000,scorecard
10119547,0.07928,627,C,550000,scorecard
10119577,0.117387,601,C,500000,scorecard
10119590,0.034565,619,C,600000,scorecard
10119591,0.046752,601,C,600000,scorecard
10119602,0.050162,644,B,400000,scorecard
10119620,0.012346,680,A,600000,scorecard
10119637,0.025487,637,C,600000,scorecard
10119660,0.010601,689,A,1000000,scorecard
10119673,0.027936,756,A,400000,scorecard
10119689,0.016592,690,A,1000000,scorecard
10119716,0.028849,637,C,600000,scorecard
10119725,0.010395,690,A,600000,scorecard
10119729,0.010395,690,A,750000,scorecard
10119745,0.141185,619,C,600000,scorecard
10119753,0.022222,646,B,450000,scorecard
10119756,0.013333,676,B,800000,scorecard
10119772,0.010395,690,A,1000000,scorecard
10119796,0.046752,601,C,450000,scorecard
10119818,0.064399,627,C,600000,scorecard
10119827,0.046752,601,C,500000,scorecard
10119840,0.074627,582,D,400000,scorecard
10119855,0.012502,680,A,750000,scorecard
10119856,0.003436,754,A,400000,scorecard
10119883,0.010395,690,A,800000,scorecard
10119893,0.016861,754,A,900000,scorecard
10119895,0.049997,614,C,600000,scorecard
10119904,0.011149,754,A,400000,scorecard
10119955,0.003322,756,A,500000,scorecard
10119957,0.010395,690,A,800000,scorecard
10119961,0.003322,756,A,700000,scorecard
10119994,0.016471,756,A,400000,scorecard
10120019,0.022869,644,B,700000,scorecard
10120020,0.010601,689,A,400000,scorecard
10120021,0.007547,756,A,450000,scorecard
10120068,0.034565,619,C,600000,scorecard
10120091,0.010601,689,A,450000,scorecard
10120096,0.0689,644,B,650000,scorecard
10120106,0.022694,676,B,450000,scorecard
10120113,0.014493,671,B,600000,scorecard
10120118,0.003322,756,A,600000,scorecard
10120132,0.056039,632,C,600000,scorecard
10120140,0.010601,689,A,950000,scorecard
10120183,0.033705,690,A,1000000,scorecard
10120184,0.0326,671,B,550000,scorecard
10120189,0.010601,689,A,600000,scorecard
10120191,0.022222,646,B,400000,scorecard
10120208,0.021839,690,A,700000,scorecard
10120209,0.046752,601,C,400000,scorecard
10120236,0.058226,689,A,600000,scorecard
10120240,0.05622,619,C,600000,scorecard
10120246,0.065981,614,C,450000,scorecard
10120247,0.037289,637,C,450000,scorecard
10120268,0.014226,689,A,1000000,scorecard
10120288,0.054689,631,C,600000,scorecard
10120315,0.022222,646,B,400000,scorecard
10120335,0.166609,601,C,400000,scorecard
10120342,0.046752,601,C,600000,scorecard
10120372,0.032318,689,A,800000,scorecard
10120375,0.014443,690,A,1000000,scorecard
10120376,0.003436,754,A,1000000,scorecard
10120386,0.003322,756,A,1000000,scorecard
10120414,0.028391,631,C,450000,scorecard
10120423,0.050288,646,B,400000,scorecard
10120432,0.008365,703,A,450000,scorecard
10120445,0.034565,619,C,450000,scorecard
10120461,0.023836,689,A,400000,scorecard
10120466,0.028391,631,C,600000,scorecard
10120480,0.024907,690,A,800000,scorecard
10120530,0.048207,646,B,450000,scorecard
10120532,0.003436,754,A,450000,scorecard
10120537,0.030285,646,B,800000,scorecard
10120562,0.005995,754,A,500000,scorecard
10120592,0.031739,631,C,450000,scorecard
10120697,0.014493,671,B,550000,scorecard
10120707,0.028391,631,C,400000,scorecard
10120724,0.013329,756,A,650000,scorecard
10120728,0.028391,631,C,400000,scorecard
10120731,0.003436,754,A,700000,scorecard
10120732,0.012656,689,A,600000,scorecard
10120739,0.022222,646,B,750000,scorecard
10120752,0.05564,601,C,400000,scorecard
10120761,0.062996,631,C,500000,scorecard
10120775,0.007353,710,A,700000,scorecard
10120778,0.012346,680,A,400000,scorecard
10120839,0.013333,676,B,600000,scorecard
10120864,0.064399,619,C,400000,scorecard
10120865,0.034565,619,C,550000,scorecard
10120917,0.022869,644,B,400000,scorecard
10120921,0.035497,690,A,400000,scorecard
10120925,0.031739,710,A,1000000,scorecard
10120937,0.050178,619,C,550000,scorecard
10120948,0.007055,756,A,500000,scorecard
10120963,0.010395,690,A,500000,scorecard
10120971,0.014493,671,B,800000,scorecard
10120987,0.010395,690,A,400000,scorecard
10120989,0.022626,710,A,450000,scorecard
10120999,0.030136,680,A,400000,scorecard
10121028,0.014021,690,A,400000,scorecard
10121038,0.041724,646,B,600000,scorecard
10121078,0.010395,690,A,400000,scorecard
10121079,0.034565,619,C,600000,scorecard
10121082,0.003322,756,A,450000,scorecard
10121083,0.034565,619,C,550000,scorecard
10121084,0.019174,754,A,550000,scorecard
10121086,0.065907,646,B,750000,scorecard
10121087,0.012346,680,A,1000000,scorecard
10121101,0.034565,619,C,600000,scorecard
10121102,0.078763,616,C,500000,scorecard
10121107,0.022222,646,B,800000,scorecard
10121108,0.056876,601,C,500000,scorecard
10121111,0.003322,756,A,500000,scorecard
10121123,0.012346,680,A,750000,scorecard
10121127,0.110863,619,C,400000,scorecard
10121142,0.027778,632,C,450000,scorecard
10121143,0.011501,690,A,550000,scorecard
10121160,0.01385,690,A,750000,scorecard
10121162,0.122165,680,A,400000,scorecard
10121173,0.027778,632,C,550000,scorecard
10121190,1e-06,1224,A,700000,scorecard
10121195,0.137413,601,C,400000,scorecard
10121197,0.073545,676,B,550000,scorecard
10121203,0.031682,676,B,500000,scorecard
10121229,0.06352,676,B,450000,scorecard
10121244,0.025341,689,A,750000,scorecard
10121272,0.010395,690,A,450000,scorecard
10121299,0.019966,671,B,450000,scorecard
10121310,0.003322,756,A,1000000,scorecard
10121329,0.022869,644,B,800000,scorecard
10121333,0.061319,619,C,400000,scorecard
10121339,0.028852,689,A,400000,scorecard
10121349,0.045151,690,A,700000,scorecard
10121362,0.019282,676,B,500000,scorecard
10121388,0.003322,756,A,450000,scorecard
10121391,0.056977,690,A,450000,scorecard
10121393,0.012346,680,A,600000,scorecard
10121400,0.028391,631,C,550000,scorecard
10121409,0.017644,754,A,400000,scorecard
10121428,0.041238,690,A,400000,scorecard
10121431,0.034565,619,C,550000,scorecard
10121445,0.003322,756,A,600000,scorecard
10121447,0.013831,690,A,850000,scorecard
10121457,0.034565,619,C,550000,scorecard
10121459,0.135442,601,C,600000,scorecard
10121497,0.046752,601,C,550000,scorecard
10121516,0.012346,680,A,500000,scorecard
10121520,0.10985,631,C,400000,scorecard
10121527,0.016387,689,A,800000,scorecard
10121531,0.012346,680,A,450000,scorecard
10121535,2e-06,1224,A,450000,scorecard
10121550,0.005102,756,A,650000,scorecard
10121571,0.029181,680,A,500000,scorecard
10121573,0.010395,690,A,550000,scorecard
10121588,0.007992,756,A,1000000,scorecard
10121609,0.025962,676,B,750000,scorecard
10121621,0.198879,619,C,550000,scorecard
10121635,0.058138,644,B,450000,scorecard
10121691,4e-06,1224,A,1000000,scorecard
10121700,0.034565,619,C,550000,scorecard
10121714,0.037901,614,C,600000,scorecard
10121719,0.003436,754,A,1000000,scorecard
10121728,0.0071,755,A,600000,scorecard
10121730,1e-06,1224,A,450000,scorecard
10121736,0.034565,619,C,450000,scorecard
10121753,0.027536,689,A,600000,scorecard
10121756,0.012346,680,A,400000,scorecard
10121796,0.046752,601,C,600000,scorecard
10121806,0.046752,601,C,600000,scorecard
10121809,0.012346,680,A,400000,scorecard
10121819,0.013008,756,A,400000,scorecard
10121820,1e-06,1224,A,700000,scorecard
10121832,0.046752,601,C,600000,scorecard
10121852,0.012594,689,A,800000,scorecard
10121858,0.012346,680,A,550000,scorecard
10121860,0.08296,627,C,550000,scorecard
10121871,0.023678,676,B,500000,scorecard
10121881,0.010601,689,A,800000,scorecard
10121896,0.012268,690,A,1000000,scorecard
10121922,0.046752,601,C,600000,scorecard
10121924,0.022869,644,B,800000,scorecard
10121959,0.048169,619,C,600000,scorecard
10121987,0.034565,619,C,550000,scorecard
10121990,0.023621,690,A,600000,scorecard
10122003,0.040456,644,B,400000,scorecard
10122005,0.008319,754,A,450000,scorecard
10122027,0.011321,756,A,400000,scorecard
10122034,0.039172,690,A,550000,scorecard
10122051,0.003322,756,A,1000000,scorecard
10122068,0.003436,754,A,700000,scorecard
10122087,0.112295,644,B,500000,scorecard
10122098,0.010395,690,A,500000,scorecard
10122101,0.025487,637,C,550000,scorecard
10122156,0.005723,754,A,1000000,scorecard
10122163,0.010395,690,A,650000,scorecard
10122165,0.004122,754,A,450000,scorecard
10122180,0.046752,601,C,600000,scorecard
10122198,0.012846,755,A,400000,scorecard
10122215,0.010601,689,A,800000,scorecard
10122258,0.034565,619,C,500000,scorecard
10122264,0.018245,690,A,450000,scorecard
10122265,0.03742,619,C,500000,scorecard
10122270,0.14576,619,C,550000,scorecard
10122274,0.022222,646,B,800000,scorecard
10122283,0.022869,644,B,600000,scorecard
10122290,0.056225,644,B,400000,scorecard
10122311,0.037657,614,C,600000,scorecard
10122321,0.018881,690,A,450000,scorecard
10122333,0.010395,690,A,900000,scorecard
10122336,0.011231,689,A,550000,scorecard
10122344,0.003322,756,A,400000,scorecard
10122348,0.008253,756,A,450000,scorecard
10122349,0.014579,689,A,650000,scorecard
10122368,0.003322,756,A,600000,scorecard
10122384,0.036423,644,B,500000,scorecard
10122385,0.003436,754,A,700000,scorecard
10122388,0.014493,671,B,800000,scorecard
10122400,0.063285,619,C,450000,scorecard
10122416,0.027778,632,C,550000,scorecard
10122439,0.014501,671,B,700000,scorecard
10122465,0.010395,690,A,600000,scorecard
10122488,0.010395,690,A,500000,scorecard
10122497,0.022222,646,B,800000,scorecard
10122536,0.034565,619,C,400000,scorecard
10122559,0.008675,754,A,600000,scorecard
10122586,0.007353,710,A,450000,scorecard
10122590,0.025487,637,C,400000,scorecard
10122592,2e-06,1224,A,550000,scorecard
10122599,0.028051,689,A,400000,scorecard
10122601,0.012346,680,A,600000,scorecard
10122613,0.079534,689,A,900000,scorecard
10122624,0.019671,689,A,550000,scorecard
10122637,0.005162,754,A,1000000,scorecard
10122642,0.034565,619,C,400000,scorecard
10122644,0.034565,619,C,450000,scorecard
10122662,0.012346,680,A,1000000,scorecard
10122677,0.046752,601,C,600000,scorecard
10122684,0.063433,619,C,600000,scorecard
10122688,0.028391,631,C,550000,scorecard
10122693,0.02439,640,B,800000,scorecard
10122695,1e-06,1224,A,850000,scorecard
10122722,0.084472,646,B,400000,scorecard
10122753,0.037859,690,A,650000,scorecard
10122782,0.057905,689,A,400000,scorecard
10122811,0.018779,690,A,1000000,scorecard
10122840,0.019776,690,A,1000000,scorecard
10122877,0.010601,689,A,1000000,scorecard
10122879,0.003426,756,A,600000,scorecard
10122901,3e-06,1224,A,1000000,scorecard
10122908,0.022869,644,B,450000,scorecard
10122914,0.107171,619,C,600000,scorecard
10122939,0.003436,754,A,450000,scorecard
10122940,0.008785,756,A,700000,scorecard
10122942,0.012346,680,A,1000000,scorecard
10122944,0.022222,646,B,400000,scorecard
10122945,0.023562,690,A,900000,scorecard
10122952,0.014554,755,A,700000,scorecard
10122964,0.024596,646,B,800000,scorecard
10122968,0.012124,689,A,950000,scorecard
10122985,0.025039,690,A,500000,scorecard
10122992,0.003436,754,A,800000,scorecard
10122993,0.006697,756,A,450000,scorecard
10122997,0.040952,631,C,450000,scorecard
10123001,0.028391,631,C,600000,scorecard
10123025,0.013333,676,B,400000,scorecard
10123034,0.025567,690,A,600000,scorecard
10123043,0.106369,631,C,500000,scorecard
10123063,0.011416,754,A,650000,scorecard
10123084,0.004233,756,A,500000,scorecard
10123104,0.0141,680,A,450000,scorecard
10123115,0.006367,756,A,600000,scorecard
10123117,0.003436,754,A,1000000,scorecard
10123119,0.034361,644,B,400000,scorecard
10123132,2e-06,1224,A,750000,scorecard
10123134,0.0526,676,B,550000,scorecard
10123140,0.003322,756,A,600000,scorecard
10123141,0.058404,690,A,700000,scorecard
10123169,0.012249,710,A,700000,scorecard
10123177,0.003322,756,A,750000,scorecard
10123198,1e-06,1224,A,550000,scorecard
10123207,0.026893,689,A,450000,scorecard
10123218,0.067192,601,C,600000,scorecard
10123235,0.025487,637,C,600000,scorecard
10123237,0.017836,690,A,650000,scorecard
10123247,0.034565,619,C,600000,scorecard
10123255,0.006062,756,A,400000,scorecard
10123256,0.031115,690,A,500000,scorecard
10123260,0.021067,690,A,900000,scorecard
10123261,0.012346,680,A,400000,scorecard
10123264,3e-06,1224,A,800000,scorecard
10123277,0.009991,756,A,450000,scorecard
10123284,0.043099,619,C,400000,scorecard
10123285,0.034565,619,C,600000,scorecard
10123288,1e-06,1224,A,400000,scorecard
10123297,0.017099,680,A,700000,scorecard
10123329,0.034565,619,C,450000,scorecard
10123342,0.023302,690,A,750000,scorecard
10123358,0.014366,690,A,400000,scorecard
10123389,0.059083,601,C,550000,scorecard
10123396,0.034565,619,C,600000,scorecard
10123410,0.029413,773,A,600000,scorecard
10123444,0.00531,754,A,800000,scorecard
10123474,0.022222,646,B,450000,scorecard
10123542,0.028391,631,C,400000,scorecard
10123547,0.003436,754,A,650000,scorecard
10123554,0.010395,690,A,400000,scorecard
10123574,0.003436,754,A,1000000,scorecard
10123594,0.009517,710,A,550000,scorecard
10123608,0.003436,754,A,650000,scorecard
10123618,0.025807,646,B,600000,scorecard
10123660,0.046752,601,C,600000,scorecard
10123683,0.046752,601,C,600000,scorecard
10123693,0.061598,614,C,400000,scorecard
10123699,0.010395,690,A,650000,scorecard
10123726,0.0887,640,B,450000,scorecard
10123730,0.012346,680,A,550000,scorecard
10123792,0.010395,690,A,1000000,scorecard
10123795,0.010601,689,A,700000,scorecard
10123821,0.028776,637,C,550000,scorecard
10123839,1e-06,1224,A,600000,scorecard
10123851,0.023281,690,A,500000,scorecard
10123875,0.022222,646,B,800000,scorecard
10123882,0.014358,754,A,400000,scorecard
10123892,0.025425,756,A,400000,scorecard
10123902,0.046752,601,C,450000,scorecard
10123941,0.040025,690,A,1000000,scorecard
10123951,3e-06,1224,A,400000,scorecard
10123952,0.034565,619,C,600000,scorecard
10123982,0.010395,690,A,500000,scorecard
10124005,0.070119,619,C,600000,scorecard
10124008,0.022869,644,B,800000,scorecard
10124011,0.133805,619,C,600000,scorecard
10124012,0.060348,637,C,450000,scorecard
10124053,0.005327,756,A,850000,scorecard
10124057,0.022709,690,A,550000,scorecard
10124071,0.058477,614,C,600000,scorecard
10124073,0.003322,756,A,500000,scorecard
10124104,0.014008,710,A,600000,scorecard
10124115,0.046752,601,C,600000,scorecard
10124125,0.034565,619,C,450000,scorecard
10124126,0.035683,619,C,450000,scorecard
10124127,0.013333,676,B,450000,scorecard
10124148,0.029548,690,A,800000,scorecard
10124154,0.003322,756,A,500000,scorecard
10124155,0.054658,601,C,400000,scorecard
10124184,0.033209,627,C,500000,scorecard
10124189,0.006516,756,A,450000,scorecard
10124195,0.045109,627,C,600000,scorecard
10124203,0.046752,601,C,600000,scorecard
10124207,0.004848,756,A,750000,scorecard
10124214,0.068077,646,B,800000,scorecard
10124215,0.022222,646,B,800000,scorecard
10124229,0.029322,689,A,500000,scorecard
10124244,0.022869,644,B,450000,scorecard
10124246,0.010601,689,A,650000,scorecard
10124282,0.041955,637,C,500000,scorecard
10124319,0.010395,690,A,750000,scorecard
10124327,0.024687,644,B,400000,scorecard
10124335,0.003784,756,A,400000,scorecard
10124382,0.03455,754,A,400000,scorecard
10124388,0.010601,689,A,450000,scorecard
10124408,0.038545,627,C,450000,scorecard
10124415,0.094801,631,C,500000,scorecard
10124448,0.020773,689,A,450000,scorecard
10124516,0.024966,646,B,450000,scorecard
10124538,0.026748,640,B,550000,scorecard
10124540,0.02448,689,A,650000,scorecard
10124553,0.004132,756,A,900000,scorecard
10124564,1e-06,1224,A,800000,scorecard
10124570,0.030786,689,A,550000,scorecard
10124576,0.012588,689,A,400000,scorecard
10124608,0.022222,646,B,450000,scorecard
10124613,0.049694,631,C,400000,scorecard
10124625,5e-06,1224,A,650000,scorecard
10124626,0.003879,754,A,600000,scorecard
10124646,0.010601,689,A,700000,scorecard
10124682,0.046752,601,C,600000,scorecard
10124687,0.003436,754,A,400000,scorecard
10124726,0.010395,690,A,500000,scorecard
10124732,0.034565,619,C,600000,scorecard
10124741,0.046752,601,C,450000,scorecard
10124752,0.023112,680,A,1000000,scorecard
10124767,0.052908,619,C,450000,scorecard
10124772,0.020824,690,A,700000,scorecard
10124782,0.025487,637,C,600000,scorecard
10124824,0.010395,690,A,1000000,scorecard
10124862,0.025487,637,C,400000,scorecard
10124871,0.013333,676,B,700000,scorecard
10124879,0.025487,637,C,600000,scorecard
10124897,0.010601,689,A,550000,scorecard
10124924,0.096323,619,C,400000,scorecard
10124947,0.034514,689,A,650000,scorecard
10124960,0.071494,601,C,600000,scorecard
10124967,0.04914,601,C,400000,scorecard
10124969,0.022869,644,B,550000,scorecard
10125075,0.010395,690,A,500000,scorecard
10125091,0.097715,601,C,500000,scorecard
10125119,0.010601,689,A,600000,scorecard
10125133,0.032381,644,B,550000,scorecard
10125143,0.015417,690,A,500000,scorecard
10125146,1e-06,1224,A,500000,scorecard
10125151,0.039716,627,C,400000,scorecard
10125161,0.003436,754,A,450000,scorecard
10125163,0.012736,680,A,450000,scorecard
10125176,0.003371,755,A,450000,scorecard
10125187,0.046752,601,C,600000,scorecard
10125188,0.034565,619,C,450000,scorecard
10125190,0.020567,689,A,1000000,scorecard
10125205,0.028391,631,C,450000,scorecard
10125221,0.107827,616,C,400000,scorecard
10125226,0.013558,680,A,600000,scorecard
10125234,0.077916,632,C,550000,scorecard
10125242,0.047081,601,C,600000,scorecard
10125246,0.038884,640,B,400000,scorecard
10125252,0.022222,646,B,500000,scorecard
10125253,0.01392,676,B,450000,scorecard
10125259,0.049026,637,C,400000,scorecard
10125280,0.013615,690,A,500000,scorecard
10125293,0.027693,690,A,400000,scorecard
10125322,0.019087,756,A,650000,scorecard
10125347,0.02652,710,A,450000,scorecard
10125413,0.060616,646,B,500000,scorecard
10125431,0.041555,631,C,450000,scorecard
10125442,0.010395,690,A,650000,scorecard
10125455,0.02439,640,B,800000,scorecard
10125462,0.010395,690,A,800000,scorecard
10125478,0.019962,710,A,450000,scorecard
10125480,0.024794,689,A,400000,scorecard
10125481,0.042097,689,A,550000,scorecard
10125484,0.095278,619,C,400000,scorecard
10125495,0.021973,676,B,800000,scorecard
10125498,0.028017,644,B,550000,scorecard
10125500,0.122086,619,C,400000,scorecard
10125530,0.017497,710,A,500000,scorecard
10125540,0.022222,646,B,800000,scorecard
10125549,0.010395,690,A,800000,scorecard
10125568,0.074136,646,B,450000,scorecard
10125587,0.069437,690,A,650000,scorecard
10125595,0.038642,644,B,800000,scorecard
10125610,0.033341,640,B,500000,scorecard
10125623,0.034565,619,C,500000,scorecard
10125644,0.010395,690,A,450000,scorecard
10125682,0.010601,689,A,800000,scorecard
10125689,0.003436,754,A,500000,scorecard
10125699,0.021388,676,B,400000,scorecard
10125706,0.014576,680,A,450000,scorecard
10125720,0.009362,756,A,400000,scorecard
10125742,0.028113,680,A,450000,scorecard
10125755,0.035293,689,A,400000,scorecard
10125772,0.010168,710,A,750000,scorecard
10125774,0.046752,601,C,450000,scorecard
10125783,0.010601,689,A,400000,scorecard
10125805,0.034565,619,C,400000,scorecard
10125815,0.01593,690,A,550000,scorecard
10125821,3e-06,1224,A,1000000,scorecard
10125823,0.022869,644,B,800000,scorecard
10125840,0.003982,756,A,450000,scorecard
10125863,0.010601,689,A,400000,scorecard
10125881,2e-06,1224,A,550000,scorecard
10125946,0.034565,619,C,400000,scorecard
10125975,0.030176,689,A,800000,scorecard
10125989,0.011052,754,A,400000,scorecard
10126016,0.03762,676,B,500000,scorecard
10126057,0.030612,627,C,600000,scorecard
10126080,0.035941,644,B,650000,scorecard
10126098,0.046752,601,C,600000,scorecard
10126115,0.010601,689,A,650000,scorecard
10126119,0.046752,601,C,600000,scorecard
10126122,0.012346,680,A,500000,scorecard
10126141,0.00044,881,A,900000,scorecard
10126185,0.013333,676,B,700000,scorecard
10126193,0.027778,632,C,550000,scorecard
10126202,0.201617,552,E,400000,control
10126203,0.044366,644,B,550000,scorecard
10126216,0.048501,644,B,400000,scorecard
10126222,0.003436,754,A,450000,scorecard
10126224,0.014493,671,B,800000,scorecard
10126253,0.029088,689,A,450000,scorecard
10126265,0.038449,689,A,500000,scorecard
10126276,0.022869,644,B,400000,scorecard
10126282,0.032647,644,B,800000,scorecard
10126297,0.027778,632,C,600000,scorecard
10126311,0.018539,680,A,900000,scorecard
10126314,0.017538,690,A,650000,scorecard
10126317,0.034565,619,C,400000,scorecard
10126333,0.036389,676,B,450000,scorecard
10126341,0.010601,689,A,600000,scorecard
10126344,0.046752,601,C,600000,scorecard
10126390,0.145357,619,C,500000,scorecard
10126396,0.101207,619,C,600000,scorecard
10126406,0.05804,690,A,400000,scorecard
10126412,0.020023,689,A,550000,scorecard
10126414,0.035838,627,C,400000,scorecard
10126424,0.046752,601,C,450000,scorecard
10126425,0.034565,619,C,400000,scorecard
10126462,0.010776,756,A,900000,scorecard
10126519,0.010601,689,A,650000,scorecard
10126525,0.046752,601,C,450000,scorecard
10126526,0.036555,619,C,450000,scorecard
10126533,0.007353,710,A,950000,scorecard
10126534,0.022303,676,B,750000,scorecard
10126539,0.164816,616,C,600000,scorecard
10126565,0.118163,627,C,400000,scorecard
10126572,0.046752,601,C,500000,scorecard
10126595,0.003766,754,A,1000000,scorecard
10126598,0.010601,689,A,400000,scorecard
10126605,0.010395,690,A,550000,scorecard
10126615,0.003436,754,A,1000000,scorecard
10126625,0.015492,710,A,500000,scorecard
10126628,0.012346,680,A,1000000,scorecard
10126641,1e-06,1224,A,400000,scorecard
10126642,0.006017,756,A,450000,scorecard
10126649,3e-06,1224,A,1000000,scorecard
10126654,0.053173,680,A,1000000,scorecard
10126657,0.056171,690,A,450000,scorecard
10126662,0.004921,754,A,500000,scorecard
10126676,1e-06,1224,A,600000,scorecard
10126686,0.027603,646,B,450000,scorecard
10126693,0.010395,690,A,500000,scorecard
10126697,0.027778,632,C,400000,scorecard
10126710,0.096662,601,C,450000,scorecard
10126751,0.025499,689,A,950000,scorecard
10126757,0.034565,619,C,600000,scorecard
10126785,0.010555,754,A,450000,scorecard
10126792,0.08154,631,C,500000,scorecard
10126823,0.025333,644,B,650000,scorecard
10126838,0.010601,689,A,400000,scorecard
10126839,0.025487,637,C,600000,scorecard
10126849,0.017718,689,A,800000,scorecard
10126858,0.00933,756,A,400000,scorecard
10126887,0.003322,756,A,400000,scorecard
10126892,0.003436,754,A,500000,scorecard
10126898,1e-06,1224,A,750000,scorecard
10126904,0.003322,756,A,1000000,scorecard
10126909,0.028391,631,C,550000,scorecard
10126912,0.006721,754,A,500000,scorecard
10126927,0.003436,754,A,700000,scorecard
10126951,0.004889,756,A,400000,scorecard
10126957,0.003322,756,A,1000000,scorecard
10126966,0.016802,690,A,500000,scorecard
10126992,0.003322,756,A,450000,scorecard
10126997,0.034565,619,C,400000,scorecard
10126998,0.003436,754,A,1000000,scorecard
10127005,0.003436,754,A,400000,scorecard
10127014,0.036458,616,C,400000,scorecard
10127027,0.010395,690,A,1000000,scorecard
10127034,0.010601,689,A,1000000,scorecard
10127043,0.076474,619,C,600000,scorecard
10127045,0.021704,690,A,550000,scorecard
10127049,0.074832,644,B,400000,scorecard
10127072,0.049129,689,A,450000,scorecard
10127083,0.053635,632,C,500000,scorecard
10127086,1e-06,1224,A,450000,scorecard
10127087,0.010395,690,A,450000,scorecard
10127142,0.046628,619,C,600000,scorecard
10127157,0.012346,680,A,500000,scorecard
10127159,0.022421,680,A,400000,scorecard
10127193,0.030993,690,A,400000,scorecard
10127195,0.012897,689,A,650000,scorecard
10127210,0.013675,754,A,450000,scorecard
10127213,0.052481,690,A,400000,scorecard
10127216,0.022869,644,B,450000,scorecard
10127218,0.010395,690,A,550000,scorecard
10127222,0.0317,627,C,600000,scorecard
10127233,0.025487,637,C,600000,scorecard
10127234,0.030612,627,C,600000,scorecard
10127235,0.113666,671,B,450000,scorecard
10127258,0.003322,756,A,750000,scorecard
10127263,0.014004,689,A,400000,scorecard
10127268,0.010601,689,A,400000,scorecard
10127277,0.118536,646,B,400000,scorecard
10127285,0.044319,680,A,700000,scorecard
10127299,0.055564,644,B,450000,scorecard
10127322,0.010395,690,A,550000,scorecard
10127332,8e-06,1224,A,450000,scorecard
10127349,0.003436,754,A,700000,scorecard
10127361,0.006316,756,A,550000,scorecard
10127363,0.060771,601,C,600000,scorecard
10127375,0.054374,619,C,600000,scorecard
10127379,0.081585,619,C,500000,scorecard
10127444,2e-06,1224,A,1000000,scorecard
10127456,0.007353,710,A,650000,scorecard
10127468,0.01692,689,A,800000,scorecard
10127491,0.010614,756,A,900000,scorecard
10127497,0.037657,614,C,500000,scorecard
10127510,0.022869,644,B,800000,scorecard
10127516,0.029814,690,A,400000,scorecard
10127525,0.005016,756,A,1000000,scorecard
10127531,0.046752,601,C,600000,scorecard
10127551,0.013333,676,B,400000,scorecard
10127563,0.010601,689,A,750000,scorecard
10127571,0.080232,627,C,450000,scorecard
10127625,0.06058,601,C,500000,scorecard
10127634,0.013333,676,B,550000,scorecard
10127642,0.053737,644,B,550000,scorecard
10127647,0.022222,646,B,400000,scorecard
10127661,0.010601,689,A,600000,scorecard
10127731,0.028391,631,C,600000,scorecard
10127751,0.011367,689,A,400000,scorecard
10127752,0.034565,619,C,450000,scorecard
10127786,0.010395,690,A,400000,scorecard
10127788,0.003322,756,A,1000000,scorecard
10127789,0.028564,754,A,450000,scorecard
10127794,0.022222,646,B,800000,scorecard
10127814,0.049909,644,B,400000,scorecard
10127816,0.011601,690,A,450000,scorecard
10127819,0.034565,619,C,400000,scorecard
10127820,0.025108,671,B,800000,scorecard
10127828,0.034565,619,C,400000,scorecard
10127829,0.013333,676,B,500000,scorecard
10127859,0.010395,690,A,700000,scorecard
10127870,0.034565,619,C,600000,scorecard
10127883,0.025487,637,C,450000,scorecard
10127884,0.279378,619,C,400000,scorecard
10127891,0.019692,671,B,600000,scorecard
10127919,0.20475,601,C,550000,scorecard
10127928,0.003899,754,A,550000,scorecard
10127937,1e-06,1224,A,1000000,scorecard
10127947,0.022869,644,B,800000,scorecard
10127957,0.028481,690,A,400000,scorecard
10127969,0.069034,631,C,600000,scorecard
10127983,0.067874,631,C,550000,scorecard
10127987,0.029761,646,B,650000,scorecard
10127996,0.01118,754,A,800000,scorecard
10128039,0.046752,601,C,600000,scorecard
10128059,0.006074,756,A,700000,scorecard
10128069,0.008849,754,A,500000,scorecard
10128073,0.028391,631,C,550000,scorecard
10128074,1e-06,1224,A,600000,scorecard
10128091,0.015149,689,A,1000000,scorecard
10128093,0.025773,637,C,400000,scorecard
10128099,0.040108,631,C,600000,scorecard
10128103,0.010395,690,A,450000,scorecard
10128112,0.006676,754,A,400000,scorecard
10128121,0.011377,690,A,600000,scorecard
10128147,2e-06,1224,A,500000,scorecard
10128153,0.011831,690,A,650000,scorecard
10128185,0.053896,619,C,500000,scorecard
10128203,0.003436,754,A,400000,scorecard
10128216,0.003322,756,A,550000,scorecard
10128232,0.031208,689,A,400000,scorecard
10128239,0.003709,756,A,600000,scorecard
10128253,0.034686,646,B,450000,scorecard
10128275,0.013514,754,A,400000,scorecard
10128286,0.046752,601,C,400000,scorecard
10128305,0.003322,756,A,450000,scorecard
10128315,0.02439,640,B,400000,scorecard
10128322,2e-06,1224,A,700000,scorecard
10128326,0.003322,756,A,850000,scorecard
10128332,0.037136,619,C,600000,scorecard
10128334,0.039824,619,C,400000,scorecard
10128337,0.063058,619,C,400000,scorecard
10128340,0.101561,619,C,550000,scorecard
10128341,0.090294,644,B,600000,scorecard
10128343,1e-06,1224,A,650000,scorecard
10128357,0.016329,690,A,750000,scorecard
10128362,0.016821,689,A,650000,scorecard
10128386,0.003436,754,A,700000,scorecard
10128389,0.003436,754,A,500000,scorecard
10128390,0.012346,680,A,600000,scorecard
10128399,0.003436,754,A,400000,scorecard
10128404,0.014493,671,B,450000,scorecard
10128421,0.138844,601,C,500000,scorecard
10128432,0.003322,756,A,1000000,scorecard
10128434,0.014808,690,A,400000,scorecard
10128442,0.013508,676,B,650000,scorecard
10128447,0.013114,689,A,650000,scorecard
10128458,0.014491,690,A,450000,scorecard
10128472,0.074356,646,B,400000,scorecard
10128499,0.022222,646,B,450000,scorecard
10128501,0.034565,619,C,400000,scorecard
10128518,0.010395,690,A,550000,scorecard
10128519,0.046752,601,C,400000,scorecard
10128536,0.010601,689,A,500000,scorecard
10128543,0.034565,619,C,600000,scorecard
10128559,0.046752,601,C,600000,scorecard
10128566,0.003322,756,A,450000,scorecard
10128567,0.0339,754,A,800000,scorecard
10128598,2e-06,1224,A,550000,scorecard
10128603,0.007353,710,A,700000,scorecard
10128608,0.237396,601,C,450000,scorecard
10128612,0.022222,646,B,800000,scorecard
10128614,0.039542,690,A,400000,scorecard
10128625,0.069567,601,C,550000,scorecard
10128645,0.004774,754,A,500000,scorecard
10128682,0.044534,627,C,600000,scorecard
10128704,0.034352,689,A,450000,scorecard
10128777,0.046752,601,C,600000,scorecard
10128779,0.025081,690,A,1000000,scorecard
10128781,0.030612,627,C,450000,scorecard
10128806,0.005648,754,A,400000,scorecard
10128807,0.014394,690,A,550000,scorecard
10128823,0.046752,601,C,400000,scorecard
10128839,0.046752,601,C,600000,scorecard
10128843,0.050495,690,A,600000,scorecard
10128863,0.028304,671,B,400000,scorecard
10128879,0.025487,637,C,600000,scorecard
10128884,0.037378,646,B,400000,scorecard
10128887,0.036865,631,C,600000,scorecard
10128898,0.031846,637,C,500000,scorecard
10128923,0.011821,756,A,550000,scorecard
10128930,0.026603,689,A,600000,scorecard
10128945,0.022869,644,B,800000,scorecard
10128960,0.044931,689,A,500000,scorecard
10129013,0.010395,690,A,650000,scorecard
10129017,0.012031,754,A,900000,scorecard
10129031,0.044635,635,C,450000,scorecard
10129066,0.030237,689,A,550000,scorecard
10129098,0.003436,754,A,500000,scorecard
10129101,0.053507,619,C,400000,scorecard
10129110,0.012031,690,A,400000,scorecard
10129128,0.019132,690,A,1000000,scorecard
10129156,0.081723,644,B,400000,scorecard
10129164,0.006472,754,A,1000000,scorecard
10129181,0.035681,689,A,800000,scorecard
10129192,0.046752,601,C,400000,scorecard
10129239,0.010601,689,A,450000,scorecard
10129250,0.030612,627,C,400000,scorecard
10129261,0.011922,754,A,500000,scorecard
10129280,0.008544,756,A,750000,scorecard
10129286,0.009652,756,A,450000,scorecard
10129317,0.034565,619,C,500000,scorecard
10129341,0.034565,619,C,600000,scorecard
10129366,0.128212,619,C,400000,scorecard
10129372,0.028391,631,C,550000,scorecard
10129394,0.034565,619,C,600000,scorecard
10129395,0.030315,646,B,550000,scorecard
10129421,0.014493,671,B,650000,scorecard
10129434,0.054634,616,C,400000,scorecard
10129448,0.034705,637,C,600000,scorecard
10129463,0.003516,756,A,700000,scorecard
10129464,0.034565,619,C,550000,scorecard
10129466,0.003436,754,A,500000,scorecard
10129505,0.010395,690,A,700000,scorecard
10129509,0.029247,676,B,800000,scorecard
10129550,0.027857,646,B,550000,scorecard
10129553,0.005005,754,A,800000,scorecard
10129560,0.003436,754,A,850000,scorecard
10129580,0.081332,631,C,450000,scorecard
10129585,0.063526,631,C,600000,scorecard
10129591,0.0192,690,A,750000,scorecard
10129592,0.006745,756,A,450000,scorecard
10129620,0.034345,689,A,800000,scorecard
10129624,0.01597,680,A,450000,scorecard
10129676,0.040011,631,C,450000,scorecard
10129708,0.022222,646,B,500000,scorecard
10129720,0.014493,671,B,450000,scorecard
10129728,0.010395,690,A,550000,scorecard
10129739,0.034565,619,C,500000,scorecard
10129744,0.115471,601,C,450000,scorecard
10129747,1e-06,1224,A,800000,scorecard
10129750,0.005713,754,A,650000,scorecard
10129759,0.075573,644,B,500000,scorecard
10129762,0.005037,754,A,1000000,scorecard
10129776,0.02439,640,B,650000,scorecard
10129786,2e-06,1224,A,450000,scorecard
10129792,0.007554,756,A,450000,scorecard
10129866,0.003436,754,A,400000,scorecard
10129879,0.049456,619,C,450000,scorecard
10129890,0.005557,756,A,400000,scorecard
10129913,0.034317,627,C,400000,scorecard
10129915,0.035132,631,C,450000,scorecard
10129921,0.01186,689,A,850000,scorecard
10129958,0.006409,754,A,550000,scorecard
10129971,0.117953,601,C,550000,scorecard
10129991,0.022869,644,B,400000,scorecard
10130030,0.011457,690,A,500000,scorecard
10130053,0.022869,644,B,750000,scorecard
10130096,0.036605,676,B,700000,scorecard
10130112,0.011024,754,A,450000,scorecard
10130152,0.013333,676,B,800000,scorecard
10130159,0.028391,631,C,600000,scorecard
10130181,0.01169,690,A,650000,scorecard
10130214,0.054344,632,C,450000,scorecard
10130224,0.043197,619,C,600000,scorecard
10130242,0.011465,690,A,450000,scorecard
10130264,1e-06,1224,A,550000,scorecard
10130283,0.039278,619,C,600000,scorecard
10130285,0.040344,680,A,800000,scorecard
10130289,0.030612,627,C,600000,scorecard
10130292,0.010395,690,A,750000,scorecard
10130301,0.02439,640,B,450000,scorecard
10130305,0.022869,644,B,450000,scorecard
10130329,0.051655,646,B,650000,scorecard
10130330,0.003697,756,A,500000,scorecard
10130337,0.046752,601,C,600000,scorecard
10130344,0.011609,689,A,400000,scorecard
10130349,0.034565,619,C,600000,scorecard
10130354,0.017266,690,A,450000,scorecard
10130358,0.017605,690,A,1000000,scorecard
10130375,0.034913,640,B,750000,scorecard
10130392,0.027778,632,C,600000,scorecard
10130400,0.027778,632,C,600000,scorecard
10130431,0.098871,690,A,500000,scorecard
10130437,0.005637,756,A,450000,scorecard
10130476,0.026524,689,A,450000,scorecard
10130495,0.060577,646,B,800000,scorecard
10130496,0.013599,690,A,400000,scorecard
10130507,0.092755,601,C,450000,scorecard
10130546,0.014493,671,B,800000,scorecard
10130557,0.041589,676,B,800000,scorecard
10130565,0.046752,601,C,450000,scorecard
10130576,0.062337,631,C,550000,scorecard
10130615,0.007353,710,A,1000000,scorecard
10130651,0.028391,631,C,600000,scorecard
10130662,0.010395,690,A,550000,scorecard
10130690,0.034565,619,C,600000,scorecard
10130711,0.037901,614,C,600000,scorecard
10130716,0.099281,631,C,450000,scorecard
10130726,0.022222,646,B,400000,scorecard
10130735,0.010601,689,A,850000,scorecard
10130752,0.087872,601,C,600000,scorecard
10130753,0.010601,689,A,400000,scorecard
10130763,0.010601,689,A,600000,scorecard
10130785,1e-06,1224,A,450000,scorecard
10130791,0.014369,689,A,1000000,scorecard
10130796,0.02207,689,A,450000,scorecard
10130838,0.043041,676,B,500000,scorecard
10130855,0.003322,756,A,500000,scorecard
10130881,0.033773,689,A,650000,scorecard
10130897,0.030612,627,C,400000,scorecard
10130909,0.034565,619,C,450000,scorecard
10130923,0.012001,690,A,450000,scorecard
10130929,0.003802,756,A,850000,scorecard
10130949,0.010395,690,A,400000,scorecard
10130950,0.055969,619,C,550000,scorecard
10130951,0.03368,631,C,400000,scorecard
10130953,0.037901,614,C,400000,scorecard
10130957,0.012346,680,A,450000,scorecard
10130958,0.064045,601,C,600000,scorecard
10130961,7e-06,1224,A,450000,scorecard
10130973,0.066174,671,B,400000,scorecard
10130981,0.007318,756,A,450000,scorecard
10130991,0.006062,756,A,650000,scorecard
10131004,0.120419,644,B,600000,scorecard
10131034,0.038114,619,C,500000,scorecard
10131042,0.045816,619,C,500000,scorecard
10131055,0.068062,644,B,550000,scorecard
10131062,0.022869,644,B,400000,scorecard
10131106,0.100122,619,C,400000,scorecard
10131107,0.022391,690,A,450000,scorecard
10131144,0.028391,631,C,600000,scorecard
10131152,0.003322,756,A,550000,scorecard
10131163,0.040797,616,C,600000,scorecard
10131191,0.010601,689,A,400000,scorecard
10131200,0.030612,627,C,600000,scorecard
10131210,0.022869,644,B,400000,scorecard
10131216,0.034565,619,C,500000,scorecard
10131217,0.028391,631,C,550000,scorecard
10131232,0.051489,601,C,600000,scorecard
10131233,0.030446,690,A,750000,scorecard
10131261,0.007353,710,A,750000,scorecard
10131284,0.003438,756,A,900000,scorecard
10131294,0.069108,627,C,600000,scorecard
10131296,0.047434,619,C,600000,scorecard
10131309,0.028391,631,C,400000,scorecard
10131312,0.014268,680,A,1000000,scorecard
10131340,0.013333,676,B,700000,scorecard
10131352,0.028391,631,C,600000,scorecard
10131366,0.031642,689,A,950000,scorecard
10131377,0.010395,690,A,450000,scorecard
10131378,0.044594,619,C,400000,scorecard
10131396,0.025012,756,A,1000000,scorecard
10131420,0.022222,646,B,600000,scorecard
10131422,0.028391,631,C,450000,scorecard
10131431,0.045132,619,C,550000,scorecard
10131432,0.026983,690,A,500000,scorecard
10131476,0.022222,646,B,800000,scorecard
10131493,0.003436,754,A,500000,scorecard
10131502,0.047419,689,A,450000,scorecard
10131513,0.006762,754,A,750000,scorecard
10131523,0.010395,690,A,1000000,scorecard
10131544,0.025487,637,C,600000,scorecard
10131551,0.046752,601,C,550000,scorecard
10131571,0.006151,756,A,1000000,scorecard
10131572,0.014977,756,A,800000,scorecard
10131580,0.016624,690,A,550000,scorecard
10131582,0.135411,632,C,600000,scorecard
10131600,0.008805,756,A,450000,scorecard
10131612,0.006578,756,A,1000000,scorecard
10131618,0.064642,689,A,550000,scorecard
10131621,0.037901,614,C,600000,scorecard
10131632,0.032233,631,C,600000,scorecard
10131652,0.034565,619,C,600000,scorecard
10131663,0.037901,614,C,600000,scorecard
10131666,0.028391,631,C,400000,scorecard
10131683,0.010601,689,A,400000,scorecard
10131695,0.030612,627,C,600000,scorecard
10131718,0.046752,601,C,600000,scorecard
10131768,0.003322,756,A,1000000,scorecard
10131772,0.199406,553,E,400000,control
10131782,0.014866,690,A,550000,scorecard
10131807,0.022222,646,B,400000,scorecard
10131812,1e-06,1224,A,1000000,scorecard
10131828,0.022869,644,B,650000,scorecard
10131832,0.003436,754,A,550000,scorecard
10131847,0.003322,756,A,1000000,scorecard
10131852,0.026294,690,A,550000,scorecard
10131867,0.003322,756,A,1000000,scorecard
10131868,0.063091,646,B,700000,scorecard
10131873,0.028391,631,C,400000,scorecard
10131876,0.010601,689,A,1000000,scorecard
10131886,0.028391,631,C,400000,scorecard
10131898,0.036458,616,C,450000,scorecard
10131899,0.006011,756,A,650000,scorecard
10131965,0.034565,619,C,400000,scorecard
10131973,0.022869,644,B,400000,scorecard
10131986,0.022222,646,B,800000,scorecard
10131991,0.124487,690,A,400000,scorecard
10131999,0.011359,690,A,400000,scorecard
10132000,0.025501,690,A,400000,scorecard
10132017,0.010601,689,A,800000,scorecard
10132038,0.012346,680,A,650000,scorecard
10132073,0.009914,710,A,700000,scorecard
10132106,0.046752,601,C,600000,scorecard
10132107,0.050325,689,A,600000,scorecard
10132110,0.029431,640,B,550000,scorecard
10132116,0.018905,690,A,650000,scorecard
10132120,0.014579,690,A,400000,scorecard
10132139,0.179164,619,C,400000,scorecard
10132151,1e-06,1224,A,450000,scorecard
10132153,0.010601,689,A,450000,scorecard
10132159,0.031604,640,B,400000,scorecard
10132167,0.034565,619,C,600000,scorecard
10132184,0.04937,601,C,600000,scorecard
10132200,0.066215,646,B,450000,scorecard
10132233,0.007359,710,A,400000,scorecard
10132245,1e-06,1224,A,1000000,scorecard
10132251,0.059782,689,A,450000,scorecard
10132253,0.043169,646,B,400000,scorecard
10132261,0.020286,676,B,500000,scorecard
10132279,0.010601,689,A,400000,scorecard
10132281,0.003436,754,A,850000,scorecard
10132285,0.010601,689,A,650000,scorecard
10132296,0.022869,644,B,550000,scorecard
10132299,0.028391,631,C,600000,scorecard
10132306,0.037657,614,C,600000,scorecard
10132311,0.046752,601,C,400000,scorecard
10132319,0.048542,689,A,900000,scorecard
10132321,0.027778,632,C,600000,scorecard
10132325,0.003436,754,A,550000,scorecard
10132332,0.022869,644,B,400000,scorecard
10132347,0.023958,641,B,550000,scorecard
10132354,0.060942,601,C,600000,scorecard
10132373,0.037901,614,C,600000,scorecard
10132376,0.059786,601,C,550000,scorecard
10132382,0.013333,676,B,450000,scorecard
10132393,0.060569,631,C,450000,scorecard
10132394,0.042566,689,A,400000,scorecard
10132402,0.076301,631,C,400000,scorecard
10132405,0.010601,689,A,1000000,scorecard
10132426,0.003436,754,A,450000,scorecard
10132434,1.2e-05,1224,A,600000,scorecard
10132447,0.016008,690,A,450000,scorecard
10132448,0.010601,689,A,400000,scorecard
10132496,0.004233,756,A,700000,scorecard
10132506,0.010601,689,A,450000,scorecard
10132519,0.006667,756,A,1000000,scorecard
10132585,0.010601,689,A,550000,scorecard
10132588,0.055146,690,A,500000,scorecard
10132595,0.003322,756,A,450000,scorecard
10132607,0.014493,671,B,400000,scorecard
10132619,0.025487,637,C,600000,scorecard
10132629,0.046023,619,C,450000,scorecard
10132664,0.11474,632,C,600000,scorecard
10132676,0.00943,756,A,1000000,scorecard
10132732,0.012658,754,A,750000,scorecard
10132741,0.013333,676,B,500000,scorecard
10132753,0.036737,646,B,400000,scorecard
10132809,0.010601,689,A,450000,scorecard
10132813,0.003322,756,A,800000,scorecard
10132823,0.022869,644,B,450000,scorecard
10132830,0.013784,689,A,850000,scorecard
10132837,0.003322,756,A,850000,scorecard
10132853,0.136003,619,C,600000,scorecard
10132878,0.027778,632,C,600000,scorecard
10132880,0.044809,644,B,700000,scorecard
10132894,0.010395,690,A,1000000,scorecard
10132907,0.036458,616,C,600000,scorecard
10132915,0.010848,754,A,600000,scorecard
10132918,0.041441,689,A,1000000,scorecard
10132940,0.048994,631,C,450000,scorecard
10132946,0.019887,690,A,550000,scorecard
10132950,0.006396,756,A,400000,scorecard
10132956,0.003436,754,A,1000000,scorecard
10132957,0.022222,646,B,500000,scorecard
10132964,0.027778,632,C,600000,scorecard
10132983,0.006589,730,A,700000,scorecard
10132988,0.006259,754,A,450000,scorecard
10132990,0.027778,632,C,500000,scorecard
10133036,0.010395,690,A,900000,scorecard
10133049,0.046522,689,A,500000,scorecard
10133065,0.08097,601,C,600000,scorecard
10133080,0.004706,756,A,500000,scorecard
10133087,0.028391,631,C,600000,scorecard
10133088,0.010395,690,A,1000000,scorecard
10133090,0.013333,676,B,800000,scorecard
10133092,0.028391,631,C,550000,scorecard
10133093,1e-06,1224,A,400000,scorecard
10133148,1e-06,1224,A,1000000,scorecard
10133155,0.053352,689,A,450000,scorecard
10133157,0.034318,689,A,950000,scorecard
10133165,0.192803,601,C,400000,scorecard
10133173,4e-06,1224,A,400000,scorecard
10133176,0.028391,631,C,550000,scorecard
10133188,0.036054,676,B,800000,scorecard
10133191,0.078021,627,C,600000,scorecard
10133194,0.028328,689,A,400000,scorecard
10133219,0.010601,689,A,650000,scorecard
10133223,0.025487,637,C,450000,scorecard
10133224,0.092451,690,A,400000,scorecard
10133247,0.022233,756,A,500000,scorecard
10133261,0.140018,601,C,450000,scorecard
10133277,0.010395,690,A,1000000,scorecard
10133285,0.117677,619,C,600000,scorecard
10133391,0.046752,601,C,450000,scorecard
10133399,0.046571,644,B,450000,scorecard
10133401,1e-06,1224,A,400000,scorecard
10133404,1e-06,1224,A,500000,scorecard
10133406,0.032094,689,A,550000,scorecard
10133434,3e-06,1224,A,600000,scorecard
10133481,0.053995,690,A,550000,scorecard
10133486,0.01632,690,A,450000,scorecard
10133504,0.014346,689,A,450000,scorecard
10133506,0.038192,690,A,900000,scorecard
10133543,0.010917,690,A,650000,scorecard
10133556,0.003436,754,A,400000,scorecard
10133559,0.022222,646,B,550000,scorecard
10133584,0.047684,680,A,500000,scorecard
10133596,0.010395,690,A,450000,scorecard
10133632,0.019178,690,A,600000,scorecard
10133650,0.003436,754,A,1000000,scorecard
10133690,0.036458,616,C,400000,scorecard
10133696,6e-06,1224,A,500000,scorecard
10133716,0.00513,756,A,450000,scorecard
10133724,0.035942,689,A,550000,scorecard
10133743,0.020016,690,A,400000,scorecard
10133746,0.028391,631,C,600000,scorecard
10133751,0.046752,601,C,500000,scorecard
10133752,0.007353,710,A,450000,scorecard
10133776,0.011092,690,A,450000,scorecard
10133806,0.01335,690,A,450000,scorecard
10133820,0.036458,616,C,400000,scorecard
10133832,0.024234,756,A,600000,scorecard
10133833,0.004706,754,A,650000,scorecard
10133845,0.010395,690,A,450000,scorecard
10133869,0.005324,754,A,1000000,scorecard
10133873,0.080593,619,C,600000,scorecard
10133882,0.034565,619,C,450000,scorecard
10133896,0.006777,754,A,1000000,scorecard
10133917,0.003322,756,A,500000,scorecard
10133918,0.076003,601,C,400000,scorecard
10133922,0.022993,690,A,450000,scorecard
10133924,0.013333,676,B,800000,scorecard
10133926,0.010395,690,A,650000,scorecard
10133954,0.012346,680,A,700000,scorecard
10133962,0.016928,690,A,950000,scorecard
10133987,0.036458,616,C,600000,scorecard
10133992,0.027401,754,A,600000,scorecard
10134006,0.046752,601,C,550000,scorecard
10134032,1e-06,1224,A,500000,scorecard
10134033,0.037901,614,C,600000,scorecard
10134060,0.022661,689,A,600000,scorecard
10134079,1e-06,1224,A,1000000,scorecard
10134081,0.022222,646,B,400000,scorecard
10134091,0.010395,690,A,450000,scorecard
10134093,0.046752,601,C,450000,scorecard
10134111,0.037657,614,C,550000,scorecard
10134126,0.034565,619,C,600000,scorecard
10134139,0.003436,754,A,1000000,scorecard
10134141,0.046752,601,C,600000,scorecard
10134145,0.077097,601,C,450000,scorecard
10134147,0.022869,644,B,650000,scorecard
10134153,0.036458,616,C,600000,scorecard
10134160,0.011009,690,A,500000,scorecard
10134177,0.029499,637,C,450000,scorecard
10134180,0.029409,689,A,650000,scorecard
10134182,0.017226,689,A,950000,scorecard
10134188,0.028666,631,C,550000,scorecard
10134200,0.034565,619,C,400000,scorecard
10134202,0.003436,754,A,1000000,scorecard
10134219,0.0178,676,B,600000,scorecard
10134220,0.03599,619,C,550000,scorecard
10134234,0.041413,710,A,400000,scorecard
10134245,0.043707,690,A,500000,scorecard
10134250,0.009748,756,A,1000000,scorecard
10134272,0.030612,627,C,600000,scorecard
10134276,0.034565,619,C,400000,scorecard
10134314,4e-06,1224,A,500000,scorecard
10134326,0.034565,619,C,600000,scorecard
10134329,0.027778,632,C,600000,scorecard
10134337,0.034565,619,C,600000,scorecard
10134360,0.016182,690,A,1000000,scorecard
10134380,0.003322,756,A,750000,scorecard
10134395,0.019453,689,A,500000,scorecard
10134399,0.037901,614,C,400000,scorecard
10134410,0.031664,676,B,400000,scorecard
10134412,0.019873,690,A,400000,scorecard
10134415,0.030612,627,C,400000,scorecard
10134462,0.028391,631,C,600000,scorecard
10134475,0.007296,754,A,600000,scorecard
10134477,0.042947,627,C,400000,scorecard
10134491,0.025487,637,C,500000,scorecard
10134503,0.027778,632,C,600000,scorecard
10134513,0.030612,627,C,600000,scorecard
10134523,0.015424,690,A,550000,scorecard
10134526,0.103416,619,C,600000,scorecard
10134539,0.014703,690,A,1000000,scorecard
10134547,0.020371,690,A,1000000,scorecard
10134550,0.046752,601,C,600000,scorecard
10134558,0.026685,689,A,750000,scorecard
10134571,0.099005,632,C,550000,scorecard
10134586,0.010601,689,A,750000,scorecard
10134588,0.022222,646,B,700000,scorecard
10134591,0.037901,614,C,600000,scorecard
10134596,0.016265,690,A,800000,scorecard
10134620,0.063801,680,A,750000,scorecard
10134625,0.012346,680,A,1000000,scorecard
10134672,0.046752,601,C,600000,scorecard
10134676,0.012847,754,A,400000,scorecard
10134677,0.00563,756,A,500000,scorecard
10134686,0.012346,680,A,500000,scorecard
10134694,0.084734,627,C,450000,scorecard
10134705,0.032055,689,A,400000,scorecard
10134708,0.05443,676,B,450000,scorecard
10134722,0.010395,690,A,1000000,scorecard
10134736,0.030612,627,C,450000,scorecard
10134744,0.023456,689,A,1000000,scorecard
10134746,0.087832,690,A,550000,scorecard
10134751,0.027392,710,A,500000,scorecard
10134758,0.027676,680,A,400000,scorecard
10134759,0.046604,646,B,400000,scorecard
10134788,0.101644,616,C,600000,scorecard
10134837,0.028391,631,C,600000,scorecard
10134854,0.04759,676,B,700000,scorecard
10134857,0.010289,756,A,450000,scorecard
10134858,0.011776,756,A,1000000,scorecard
10134860,0.012346,680,A,550000,scorecard
10134861,0.015339,754,A,500000,scorecard
10134862,0.034565,619,C,600000,scorecard
10134865,0.005042,754,A,1000000,scorecard
10134870,0.035838,689,A,650000,scorecard
10134873,0.036458,616,C,600000,scorecard
10134877,0.067761,690,A,700000,scorecard
10134879,0.003666,756,A,700000,scorecard
10134881,0.028391,631,C,600000,scorecard
10134889,0.018378,689,A,400000,scorecard
10134908,0.040714,689,A,950000,scorecard
10134911,0.022869,644,B,450000,scorecard
10134920,0.05194,601,C,450000,scorecard
10134931,0.042003,689,A,1000000,scorecard
10134936,0.025487,637,C,500000,scorecard
10134952,0.01234,710,A,400000,scorecard
10134959,0.030612,627,C,600000,scorecard
10134965,0.010395,690,A,450000,scorecard
10135030,0.010601,689,A,600000,scorecard
10135033,0.022222,646,B,800000,scorecard
10135048,0.007068,756,A,600000,scorecard
10135052,0.003436,754,A,500000,scorecard
10135084,0.022869,644,B,550000,scorecard
10135086,0.022157,680,A,400000,scorecard
10135095,0.012361,690,A,500000,scorecard
10135110,0.010395,690,A,400000,scorecard
10135112,0.005318,756,A,750000,scorecard
10135113,0.017002,690,A,600000,scorecard
10135124,0.013754,689,A,600000,scorecard
10135145,0.010395,690,A,500000,scorecard
10135167,0.065675,631,C,400000,scorecard
10135179,0.037901,614,C,400000,scorecard
10135184,0.008209,710,A,550000,scorecard
10135224,0.025036,646,B,500000,scorecard
10135233,0.009661,756,A,1000000,scorecard
10135235,0.062109,646,B,400000,scorecard
10135242,0.027778,632,C,600000,scorecard
10135254,0.007353,710,A,400000,scorecard
10135280,0.010601,689,A,700000,scorecard
10135305,0.10348,601,C,600000,scorecard
10135326,0.010395,690,A,650000,scorecard
10135343,0.005773,756,A,600000,scorecard
10135367,0.012346,680,A,550000,scorecard
10135385,0.012291,756,A,500000,scorecard
10135392,0.054056,690,A,500000,scorecard
10135400,0.013333,676,B,700000,scorecard
10135415,1e-06,1224,A,450000,scorecard
10135425,0.032421,646,B,450000,scorecard
10135439,0.038336,646,B,450000,scorecard
10135472,0.032904,631,C,600000,scorecard
10135499,0.003322,756,A,550000,scorecard
10135531,0.131822,632,C,600000,scorecard
10135534,0.00375,754,A,550000,scorecard
10135536,0.017732,690,A,550000,scorecard
10135544,0.027181,680,A,600000,scorecard
10135553,0.022869,644,B,750000,scorecard
10135574,0.012346,680,A,550000,scorecard
10135579,0.053387,640,B,400000,scorecard
10135595,0.034565,619,C,550000,scorecard
10135606,0.005396,756,A,400000,scorecard
10135630,0.007353,710,A,1000000,scorecard
10135636,0.01023,754,A,450000,scorecard
10135701,0.010395,690,A,500000,scorecard
10135712,0.010395,690,A,650000,scorecard
10135750,0.109309,689,A,650000,scorecard
10135757,0.010395,690,A,1000000,scorecard
10135810,0.013333,676,B,800000,scorecard
10135814,0.030612,627,C,600000,scorecard
10135823,0.007353,710,A,450000,scorecard
10135848,0.046752,601,C,600000,scorecard
10135950,0.003322,756,A,1000000,scorecard
10135958,0.034565,619,C,550000,scorecard
10135971,0.005992,756,A,500000,scorecard
10136010,0.027794,689,A,550000,scorecard
10136024,0.014958,690,A,600000,scorecard
10136033,0.047566,632,C,450000,scorecard
10136038,0.009319,756,A,750000,scorecard
10136039,0.034565,619,C,600000,scorecard
10136042,0.060383,637,C,500000,scorecard
10136057,0.056202,646,B,600000,scorecard
10136068,0.037004,690,A,450000,scorecard
10136076,0.029646,690,A,450000,scorecard
10136079,0.111771,601,C,450000,scorecard
10136087,0.062356,646,B,450000,scorecard
10136092,0.049945,644,B,450000,scorecard
10136095,0.010601,689,A,500000,scorecard
10136129,0.017012,676,B,550000,scorecard
10136137,0.034565,619,C,600000,scorecard
10136156,0.034565,619,C,500000,scorecard
10136165,0.045534,676,B,800000,scorecard
10136188,0.050839,680,A,600000,scorecard
10136204,0.037491,631,C,600000,scorecard
10136207,0.012409,689,A,800000,scorecard
10136230,0.004568,754,A,450000,scorecard
10136255,0.026306,644,B,700000,scorecard
10136263,0.022976,710,A,400000,scorecard
10136274,0.052532,671,B,450000,scorecard
10136276,0.048559,632,C,500000,scorecard
10136279,0.010601,689,A,1000000,scorecard
10136298,0.005037,756,A,450000,scorecard
10136369,0.011274,690,A,400000,scorecard
10136399,0.033917,631,C,600000,scorecard
10136400,0.141721,619,C,400000,scorecard
10136404,0.007353,710,A,650000,scorecard
10136407,0.022869,644,B,450000,scorecard
10136452,0.003322,756,A,400000,scorecard
10136456,0.022869,644,B,800000,scorecard
10136463,0.010601,689,A,450000,scorecard
10136467,0.034565,619,C,500000,scorecard
10136470,0.069745,627,C,550000,scorecard
10136526,0.004542,754,A,850000,scorecard
10136543,0.008199,754,A,600000,scorecard
10136545,0.010395,690,A,450000,scorecard
10136561,0.028391,631,C,450000,scorecard
10136563,0.028391,631,C,550000,scorecard
10136568,0.076307,690,A,650000,scorecard
10136578,0.046752,601,C,400000,scorecard
10136586,0.007353,710,A,450000,scorecard
10136595,0.10529,619,C,400000,scorecard
10136596,0.010395,690,A,600000,scorecard
10136602,2e-06,1224,A,550000,scorecard
10136610,0.034025,627,C,600000,scorecard
10136618,0.041529,614,C,500000,scorecard
10136638,0.054306,619,C,400000,scorecard
10136656,0.005059,754,A,400000,scorecard
10136662,0.022869,644,B,650000,scorecard
10136663,0.010601,689,A,1000000,scorecard
10136693,0.035412,689,A,600000,scorecard
10136698,0.014761,689,A,700000,scorecard
10136734,0.04388,690,A,950000,scorecard
10136742,0.030612,627,C,450000,scorecard
10136774,0.008648,756,A,550000,scorecard
10136777,0.027778,632,C,450000,scorecard
10136785,0.014493,671,B,400000,scorecard
10136795,0.003322,756,A,750000,scorecard
10136808,0.048702,616,C,600000,scorecard
10136812,0.048183,619,C,450000,scorecard
10136813,0.010085,754,A,800000,scorecard
10136820,0.010601,689,A,450000,scorecard
10136822,0.010601,689,A,700000,scorecard
10136843,0.075815,601,C,500000,scorecard
10136847,3e-06,1224,A,900000,scorecard
10136854,0.022222,646,B,500000,scorecard
10136896,0.010395,690,A,500000,scorecard
10136899,0.052205,616,C,550000,scorecard
10136903,0.010601,689,A,650000,scorecard
10136908,0.0474,690,A,1000000,scorecard
10136944,0.036458,616,C,450000,scorecard
10136995,0.013333,676,B,800000,scorecard
10137046,0.007175,756,A,600000,scorecard
10137047,0.109944,644,B,450000,scorecard
10137054,0.010601,689,A,400000,scorecard
10137063,0.021896,676,B,700000,scorecard
10137083,0.047384,619,C,500000,scorecard
10137090,0.014493,671,B,500000,scorecard
10137155,0.022222,646,B,500000,scorecard
10137175,4e-06,1224,A,450000,scorecard
10137185,0.010501,690,A,700000,scorecard
10137194,0.044882,644,B,800000,scorecard
10137223,0.007152,756,A,450000,scorecard
10137228,0.077291,644,B,800000,scorecard
10137247,2e-06,1224,A,550000,scorecard
10137277,0.003491,756,A,450000,scorecard
10137295,0.0072,754,A,900000,scorecard
10137318,0.007708,710,A,400000,scorecard
10137325,0.003322,756,A,400000,scorecard
10137340,0.046752,601,C,400000,scorecard
10137352,0.006062,754,A,600000,scorecard
10137360,0.028391,631,C,600000,scorecard
10137369,0.028391,631,C,550000,scorecard
10137375,0.037571,689,A,450000,scorecard
10137401,0.008353,754,A,650000,scorecard
10137406,0.086476,671,B,450000,scorecard
10137453,0.025487,637,C,600000,scorecard
10137456,0.030612,627,C,450000,scorecard
10137460,0.012346,680,A,700000,scorecard
10137462,0.010395,690,A,1000000,scorecard
10137465,0.014199,690,A,450000,scorecard
10137467,0.003436,754,A,500000,scorecard
10137473,0.027427,680,A,400000,scorecard
10137484,0.006596,756,A,850000,scorecard
10137490,0.003322,756,A,1000000,scorecard
10137539,0.010395,690,A,1000000,scorecard
10137541,0.024249,680,A,550000,scorecard
10137542,0.037424,631,C,550000,scorecard
10137547,0.027728,754,A,400000,scorecard
10137549,0.034565,619,C,600000,scorecard
10137552,0.003322,756,A,400000,scorecard
10137561,0.00351,756,A,700000,scorecard
10137576,0.058432,619,C,600000,scorecard
10137577,0.014062,680,A,700000,scorecard
10137581,0.010601,689,A,1000000,scorecard
10137583,0.022869,644,B,450000,scorecard
10137607,0.010601,689,A,1000000,scorecard
10137612,0.073915,614,C,600000,scorecard
10137615,0.06865,690,A,1000000,scorecard
10137618,0.013333,676,B,800000,scorecard
10137622,0.006512,756,A,700000,scorecard
10137640,0.109756,632,C,600000,scorecard
10137644,0.040256,619,C,600000,scorecard
10137650,0.032773,676,B,550000,scorecard
10137651,0.010395,690,A,450000,scorecard
10137655,0.114415,636,C,450000,scorecard
10137656,0.045894,619,C,450000,scorecard
10137696,0.106219,646,B,500000,scorecard
10137702,0.022869,644,B,400000,scorecard
10137705,0.032948,680,A,450000,scorecard
10137722,0.144114,601,C,500000,scorecard
10137737,0.079757,601,C,600000,scorecard
10137740,0.027428,756,A,1000000,scorecard
10137758,0.010601,689,A,500000,scorecard
10137760,0.022869,644,B,800000,scorecard
10137764,0.014225,689,A,650000,scorecard
10137769,0.010395,690,A,1000000,scorecard
10137778,0.013333,676,B,800000,scorecard
10137782,0.010601,689,A,450000,scorecard
10137804,0.013333,676,B,450000,scorecard
10137806,0.006503,717,A,550000,scorecard
10137817,0.036914,676,B,400000,scorecard
10137826,0.01709,710,A,450000,scorecard
10137850,0.034565,619,C,550000,scorecard
10137856,2e-06,1224,A,750000,scorecard
10137859,0.131449,632,C,600000,scorecard
10137862,0.034565,619,C,500000,scorecard
10137880,0.064308,689,A,500000,scorecard
10137889,0.037124,690,A,550000,scorecard
10137894,0.013333,676,B,800000,scorecard
10137914,0.036458,616,C,600000,scorecard
10137916,0.048575,644,B,400000,scorecard
10137939,0.013045,756,A,450000,scorecard
10137940,0.0078,756,A,450000,scorecard
10137944,0.022247,646,B,600000,scorecard
10137951,0.010395,690,A,450000,scorecard
10137952,0.053584,690,A,600000,scorecard
10137959,0.010395,690,A,650000,scorecard
10137969,0.034948,619,C,600000,scorecard
10137971,0.099856,689,A,450000,scorecard
10138009,0.02647,646,B,400000,scorecard
10138029,0.06836,631,C,400000,scorecard
10138038,0.022869,644,B,800000,scorecard
10138043,0.022524,690,A,1000000,scorecard
10138086,0.022869,644,B,450000,scorecard
10138092,0.010601,689,A,600000,scorecard
10138105,0.003322,756,A,1000000,scorecard
10138106,3e-06,1224,A,650000,scorecard
10138108,0.010601,689,A,400000,scorecard
10138116,0.013333,676,B,800000,scorecard
10138155,0.010395,690,A,400000,scorecard
10138157,0.028391,631,C,600000,scorecard
10138165,0.042321,689,A,1000000,scorecard
10138169,0.017016,671,B,700000,scorecard
10138171,0.013739,689,A,650000,scorecard
10138173,0.03843,690,A,700000,scorecard
10138196,0.011544,690,A,1000000,scorecard
10138218,0.028391,631,C,600000,scorecard
10138228,0.031128,676,B,500000,scorecard
10138230,0.003474,754,A,500000,scorecard
10138231,0.010601,689,A,400000,scorecard
10138242,0.014493,671,B,800000,scorecard
10138245,0.010813,756,A,1000000,scorecard
10138248,0.003436,754,A,550000,scorecard
10138274,0.105413,619,C,450000,scorecard
10138281,0.071798,601,C,400000,scorecard
10138293,0.020326,689,A,1000000,scorecard
10138302,0.034565,619,C,550000,scorecard
10138315,0.065248,644,B,700000,scorecard
10138324,0.012346,680,A,450000,scorecard
10138326,1e-06,1224,A,550000,scorecard
10138327,0.268919,601,C,400000,scorecard
10138331,0.030434,644,B,800000,scorecard
10138332,0.028391,631,C,500000,scorecard
10138337,0.014378,710,A,1000000,scorecard
10138339,0.004019,756,A,700000,scorecard
10138346,0.00397,754,A,500000,scorecard
10138372,0.034565,619,C,600000,scorecard
10138378,0.007353,710,A,500000,scorecard
10138380,1e-06,1224,A,550000,scorecard
10138384,0.047802,644,B,400000,scorecard
10138407,0.050243,646,B,450000,scorecard
10138416,0.059434,631,C,400000,scorecard
10138426,0.010601,689,A,500000,scorecard
10138431,0.003322,756,A,450000,scorecard
10138449,0.105968,601,C,600000,scorecard
10138479,0.046752,601,C,600000,scorecard
10138483,0.003339,756,A,1000000,scorecard
10138491,0.010395,690,A,550000,scorecard
10138501,0.027893,632,C,550000,scorecard
10138509,0.054849,631,C,600000,scorecard
10138537,0.019164,690,A,500000,scorecard
10138544,0.034565,619,C,600000,scorecard
10138555,0.010395,690,A,500000,scorecard
10138565,0.030612,627,C,400000,scorecard
10138566,0.034565,619,C,400000,scorecard
10138570,0.047935,680,A,550000,scorecard
10138574,0.033368,646,B,550000,scorecard
10138580,0.059015,680,A,400000,scorecard
10138582,0.022869,644,B,400000,scorecard
10138594,0.028391,631,C,600000,scorecard
10138635,0.012346,680,A,400000,scorecard
10138665,0.034565,619,C,600000,scorecard
10138714,0.010601,689,A,1000000,scorecard
10138733,0.010395,690,A,500000,scorecard
10138734,0.056211,614,C,600000,scorecard
10138738,0.025487,637,C,600000,scorecard
10138746,0.035702,646,B,700000,scorecard
10138756,0.007375,756,A,400000,scorecard
10138772,0.022222,646,B,800000,scorecard
10138806,0.017265,689,A,400000,scorecard
10138810,0.034565,619,C,600000,scorecard
10138823,0.015456,680,A,550000,scorecard
10138833,0.034565,619,C,600000,scorecard
10138850,0.065229,646,B,450000,scorecard
10138856,0.003322,756,A,450000,scorecard
10138866,0.03125,671,B,650000,scorecard
10138882,0.034565,619,C,450000,scorecard
10138915,0.023363,644,B,800000,scorecard
10138917,0.030612,627,C,550000,scorecard
10138920,0.080161,646,B,550000,scorecard
10138926,0.025294,644,B,400000,scorecard
10138939,0.02575,671,B,450000,scorecard
10138965,0.010601,689,A,700000,scorecard
10138974,0.006165,754,A,400000,scorecard
10138996,0.010692,690,A,400000,scorecard
10138997,0.003322,756,A,750000,scorecard
10139000,0.019831,676,B,650000,scorecard
10139007,0.003322,756,A,400000,scorecard
10139016,0.025226,689,A,1000000,scorecard
10139017,0.008375,756,A,400000,scorecard
10139028,0.011493,689,A,850000,scorecard
10139036,0.034565,619,C,600000,scorecard
10139059,0.038211,690,A,500000,scorecard
10139095,0.010601,689,A,700000,scorecard
10139100,2e-06,1224,A,450000,scorecard
10139102,0.00529,754,A,550000,scorecard
10139118,0.025487,637,C,450000,scorecard
10139136,0.010255,710,A,600000,scorecard
10139158,0.04571,619,C,600000,scorecard
10139164,0.003436,754,A,700000,scorecard
10139173,0.005323,754,A,500000,scorecard
10139179,0.032256,689,A,450000,scorecard
10139182,0.054191,631,C,400000,scorecard
10139192,0.071719,627,C,450000,scorecard
10139203,0.028391,631,C,600000,scorecard
10139209,0.010395,690,A,500000,scorecard
10139217,0.012346,680,A,450000,scorecard
10139241,0.028391,631,C,600000,scorecard
10139247,0.151856,619,C,400000,scorecard
10139252,0.00575,756,A,400000,scorecard
10139256,0.05539,619,C,450000,scorecard
10139268,0.047342,601,C,500000,scorecard
10139274,0.022643,646,B,800000,scorecard
10139286,0.003436,754,A,600000,scorecard
10139287,0.090508,627,C,600000,scorecard
10139314,0.003436,754,A,800000,scorecard
10139340,0.027778,632,C,400000,scorecard
10139354,0.022869,644,B,550000,scorecard
10139357,0.003322,756,A,400000,scorecard
10139385,0.027778,632,C,600000,scorecard
10139407,0.010601,689,A,700000,scorecard
10139433,0.010821,690,A,750000,scorecard
10139455,0.034924,631,C,550000,scorecard
10139457,0.103807,689,A,500000,scorecard
10139460,0.01635,756,A,550000,scorecard
10139481,2e-06,1224,A,600000,scorecard
10139535,0.007353,710,A,550000,scorecard
10139541,0.049506,676,B,500000,scorecard
10139575,0.066006,644,B,450000,scorecard
10139579,0.036989,627,C,600000,scorecard
10139606,0.051367,676,B,800000,scorecard
10139612,0.010395,690,A,450000,scorecard
10139625,0.039866,619,C,400000,scorecard
10139665,0.003971,754,A,400000,scorecard
10139674,0.031418,690,A,500000,scorecard
10139679,0.003322,756,A,900000,scorecard
10139693,0.003436,754,A,750000,scorecard
10139705,0.004217,756,A,400000,scorecard
10139717,0.034565,619,C,600000,scorecard
10139719,0.003346,756,A,500000,scorecard
10139736,0.087695,631,C,400000,scorecard
10139763,0.031636,631,C,600000,scorecard
10139765,0.003322,756,A,450000,scorecard
10139787,0.046752,601,C,600000,scorecard
10139799,0.032216,676,B,700000,scorecard
10139814,0.035493,619,C,450000,scorecard
10139828,0.028029,644,B,400000,scorecard
10139850,0.005226,756,A,450000,scorecard
10139884,0.022222,646,B,800000,scorecard
10139885,0.007351,754,A,400000,scorecard
10139925,0.034565,619,C,400000,scorecard
10139948,0.010601,689,A,1000000,scorecard
10139968,0.022222,646,B,800000,scorecard
10140013,0.005181,754,A,850000,scorecard
10140016,0.003322,756,A,1000000,scorecard
10140031,0.036967,631,C,400000,scorecard
10140033,0.020846,689,A,550000,scorecard
10140056,0.052069,616,C,600000,scorecard
10140099,4e-06,1224,A,750000,scorecard
10140105,0.010395,690,A,1000000,scorecard
10140112,0.012346,680,A,1000000,scorecard
10140120,0.025487,637,C,450000,scorecard
10140124,0.073231,644,B,750000,scorecard
10140140,0.010601,689,A,1000000,scorecard
10140162,0.136665,689,A,400000,scorecard
10140172,5e-06,1224,A,900000,scorecard
10140195,0.091507,631,C,400000,scorecard
10140196,0.059732,619,C,450000,scorecard
10140215,0.067013,627,C,500000,scorecard
10140224,0.003436,754,A,800000,scorecard
10140238,0.090528,601,C,500000,scorecard
10140244,0.010395,690,A,600000,scorecard
10140263,1e-06,1224,A,450000,scorecard
10140275,0.039398,619,C,400000,scorecard
10140284,0.059005,619,C,400000,scorecard
10140302,0.036088,646,B,700000,scorecard
10140308,0.065714,689,A,500000,scorecard
10140309,0.031744,690,A,450000,scorecard
10140311,0.004723,756,A,400000,scorecard
10140319,0.245863,601,C,550000,scorecard
10140324,0.010601,689,A,550000,scorecard
10140330,0.010601,689,A,1000000,scorecard
10140333,0.121972,631,C,550000,scorecard
10140334,0.027409,646,B,600000,scorecard
10140351,0.029043,646,B,550000,scorecard
10140354,0.028391,631,C,600000,scorecard
10140383,0.013333,676,B,450000,scorecard
10140407,0.037657,614,C,500000,scorecard
10140408,0.010395,690,A,1000000,scorecard
10140411,0.037864,631,C,400000,scorecard
10140425,0.071988,619,C,600000,scorecard
10140430,0.195792,601,C,450000,scorecard
10140453,0.003436,754,A,400000,scorecard
10140454,4e-06,1224,A,700000,scorecard
10140462,0.022222,646,B,800000,scorecard
10140484,0.065351,631,C,600000,scorecard
10140486,0.030731,632,C,500000,scorecard
10140491,0.010437,690,A,600000,scorecard
10140502,0.023238,689,A,400000,scorecard
10140511,0.028391,631,C,600000,scorecard
10140532,0.052957,601,C,500000,scorecard
10140594,0.010395,690,A,550000,scorecard
10140598,0.06608,690,A,400000,scorecard
10140611,0.003436,754,A,400000,scorecard
10140612,2e-06,1224,A,700000,scorecard
10140624,0.106292,676,B,500000,scorecard
10140653,0.156916,680,A,400000,scorecard
10140695,0.119567,619,C,500000,scorecard
10140696,3e-06,1224,A,800000,scorecard
10140705,0.052009,646,B,450000,scorecard
10140759,0.010601,689,A,650000,scorecard
10140763,0.015087,689,A,550000,scorecard
10140792,0.047488,640,B,550000,scorecard
10140812,0.003322,756,A,1000000,scorecard
10140819,0.010601,689,A,450000,scorecard
10140820,0.012799,756,A,650000,scorecard
10140842,1e-06,1224,A,1000000,scorecard
10140843,0.016291,690,A,450000,scorecard
10140845,0.0393,614,C,450000,scorecard
10140854,0.039129,619,C,600000,scorecard
10140869,0.018089,690,A,550000,scorecard
10140883,0.046752,601,C,600000,scorecard
10140901,0.114102,637,C,400000,scorecard
10140907,0.003436,754,A,1000000,scorecard
10140927,0.086239,601,C,600000,scorecard
10140929,0.012254,689,A,850000,scorecard
10140955,0.015114,671,B,450000,scorecard
10140973,0.052314,619,C,450000,scorecard
10140975,3e-06,1224,A,550000,scorecard
10141012,0.025487,637,C,600000,scorecard
10141052,0.026581,689,A,550000,scorecard
10141096,0.004322,754,A,1000000,scorecard
10141108,0.010395,690,A,400000,scorecard
10141121,0.060758,601,C,450000,scorecard
10141129,0.014606,690,A,800000,scorecard
10141139,0.005773,756,A,750000,scorecard
10141169,0.013547,680,A,450000,scorecard
10141172,0.003322,756,A,500000,scorecard
10141176,0.055519,627,C,600000,scorecard
10141180,0.010395,690,A,550000,scorecard
10141198,0.038149,619,C,600000,scorecard
10141204,0.011679,756,A,500000,scorecard
10141227,0.014714,754,A,400000,scorecard
10141274,0.0681,690,A,700000,scorecard
10141280,0.010395,690,A,500000,scorecard
10141297,0.019236,690,A,1000000,scorecard
10141301,0.047368,601,C,600000,scorecard
10141309,0.003322,756,A,650000,scorecard
10141319,0.040634,631,C,600000,scorecard
10141347,0.02439,640,B,800000,scorecard
10141378,0.01885,754,A,700000,scorecard
10141379,0.022869,644,B,750000,scorecard
10141380,0.018143,754,A,950000,scorecard
10141414,0.014944,690,A,700000,scorecard
10141415,0.064984,646,B,800000,scorecard
10141424,0.003322,756,A,1000000,scorecard
10141449,0.007353,710,A,1000000,scorecard
10141461,0.077918,619,C,500000,scorecard
10141477,0.003322,756,A,500000,scorecard
10141499,0.007353,710,A,650000,scorecard
10141514,0.012674,680,A,950000,scorecard
10141564,0.010601,689,A,450000,scorecard
10141571,4e-06,1224,A,400000,scorecard
10141600,0.007323,756,A,400000,scorecard
10141615,0.007353,710,A,400000,scorecard
10141636,0.057771,619,C,600000,scorecard
10141652,0.046804,644,B,450000,scorecard
10141663,0.010601,689,A,550000,scorecard
10141668,0.034565,619,C,600000,scorecard
10141680,0.005665,756,A,1000000,scorecard
10141714,0.010395,690,A,800000,scorecard
10141725,0.013333,676,B,500000,scorecard
10141750,0.028391,631,C,600000,scorecard
10141755,0.037657,614,C,600000,scorecard
10141769,0.028988,689,A,800000,scorecard
10141780,0.04488,616,C,450000,scorecard
10141788,0.010601,689,A,650000,scorecard
10141806,0.026617,643,B,550000,scorecard
10141810,0.022869,644,B,500000,scorecard
10141812,0.047579,631,C,400000,scorecard
10141819,0.003436,754,A,600000,scorecard
10141823,0.010395,690,A,700000,scorecard
10141874,0.003322,756,A,500000,scorecard
10141887,1e-06,1224,A,400000,scorecard
10141894,0.005464,754,A,500000,scorecard
10141940,0.028687,690,A,400000,scorecard
10141942,0.031268,676,B,800000,scorecard
10141962,0.021737,680,A,1000000,scorecard
10141986,0.022222,646,B,450000,scorecard
10142012,0.046752,601,C,400000,scorecard
10142013,0.006967,754,A,550000,scorecard
10142030,0.003322,756,A,450000,scorecard
10142046,0.041873,631,C,500000,scorecard
10142054,0.034565,619,C,450000,scorecard
10142062,0.033177,756,A,500000,scorecard
10142092,0.014343,676,B,450000,scorecard
10142093,0.035631,619,C,600000,scorecard
10142118,0.025487,637,C,600000,scorecard
10142131,0.017231,680,A,500000,scorecard
10142135,0.028391,631,C,450000,scorecard
10142157,0.040124,644,B,400000,scorecard
10142166,0.088488,689,A,1000000,scorecard
10142170,0.034565,619,C,600000,scorecard
10142173,0.077979,601,C,500000,scorecard
10142175,0.003322,756,A,400000,scorecard
10142185,0.003322,756,A,950000,scorecard
10142193,0.043448,690,A,1000000,scorecard
10142201,0.082429,644,B,400000,scorecard
10142202,0.018992,680,A,700000,scorecard
10142203,0.034565,619,C,600000,scorecard
10142209,0.010601,689,A,400000,scorecard
10142245,0.047511,631,C,400000,scorecard
10142250,0.022869,644,B,600000,scorecard
10142269,0.01531,690,A,600000,scorecard
10142279,0.109752,619,C,500000,scorecard
10142286,0.013472,676,B,450000,scorecard
10142294,0.046752,601,C,600000,scorecard
10142302,0.003436,754,A,400000,scorecard
10142310,0.066169,601,C,550000,scorecard
10142327,0.011774,754,A,950000,scorecard
10142328,0.023354,646,B,600000,scorecard
10142337,0.030612,627,C,600000,scorecard
10142344,0.013214,690,A,650000,scorecard
10142362,0.009472,756,A,450000,scorecard
10142363,0.027529,710,A,800000,scorecard
10142404,0.038836,676,B,800000,scorecard
10142445,0.008264,756,A,450000,scorecard
10142471,0.010601,689,A,750000,scorecard
10142472,0.036458,616,C,500000,scorecard
10142482,0.050077,700,A,850000,scorecard
10142499,0.021657,676,B,450000,scorecard
10142503,0.010395,690,A,400000,scorecard
10142530,0.019629,689,A,400000,scorecard
10142545,0.007353,710,A,900000,scorecard
10142572,0.0424,689,A,800000,scorecard
10142602,0.016068,689,A,700000,scorecard
10142668,0.061676,690,A,400000,scorecard
10142677,0.012956,756,A,500000,scorecard
10142682,0.062022,601,C,600000,scorecard
10142713,0.028579,690,A,1000000,scorecard
10142736,0.022869,644,B,800000,scorecard
10142750,0.067379,601,C,550000,scorecard
10142760,0.034565,619,C,500000,scorecard
10142769,0.037711,632,C,600000,scorecard
10142773,0.046166,689,A,1000000,scorecard
10142788,0.046752,601,C,600000,scorecard
10142790,0.043169,614,C,400000,scorecard
10142797,0.007829,756,A,400000,scorecard
10142842,0.025235,644,B,400000,scorecard
10142849,0.003322,756,A,1000000,scorecard
10142852,0.047373,631,C,500000,scorecard
10142871,0.022222,646,B,800000,scorecard
10142873,0.007353,710,A,550000,scorecard
10142874,0.010395,690,A,400000,scorecard
10142883,0.022869,644,B,400000,scorecard
10142898,0.040895,631,C,450000,scorecard
10142910,0.003322,756,A,650000,scorecard
10142930,0.028391,631,C,600000,scorecard
10142931,0.007607,756,A,400000,scorecard
10142950,0.02439,640,B,800000,scorecard
10142968,0.046752,601,C,450000,scorecard
10142971,0.061985,646,B,800000,scorecard
10142982,0.003322,756,A,500000,scorecard
10142985,0.007353,710,A,400000,scorecard
10143026,0.114078,646,B,700000,scorecard
10143042,0.010601,689,A,550000,scorecard
10143045,2e-06,1224,A,800000,scorecard
10143063,0.010601,689,A,550000,scorecard
10143088,0.014493,671,B,450000,scorecard
10143096,0.055563,676,B,400000,scorecard
10143113,0.046752,601,C,600000,scorecard
10143114,0.010395,690,A,400000,scorecard
10143133,0.013121,689,A,400000,scorecard
10143148,0.054687,619,C,600000,scorecard
10143198,0.066723,579,D,400000,control
10143209,0.022869,644,B,450000,scorecard
10143211,0.033057,631,C,450000,scorecard
10143244,0.016359,690,A,400000,scorecard
10143254,0.028391,631,C,550000,scorecard
10143255,2e-06,1224,A,700000,scorecard
10143290,0.003436,754,A,550000,scorecard
10143321,0.039852,646,B,450000,scorecard
10143325,0.014364,689,A,600000,scorecard
10143338,0.007325,754,A,400000,scorecard
10143342,0.035086,689,A,600000,scorecard
10143359,0.013333,676,B,800000,scorecard
10143371,0.009337,754,A,600000,scorecard
10143391,0.076144,601,C,600000,scorecard
10143396,0.022012,690,A,500000,scorecard
10143401,0.022222,646,B,800000,scorecard
10143417,0.010659,690,A,400000,scorecard
10143434,0.003436,754,A,550000,scorecard
10143460,0.035888,689,A,900000,scorecard
10143463,0.010395,690,A,400000,scorecard
10143488,0.003436,754,A,1000000,scorecard
10143490,0.012095,689,A,500000,scorecard
10143517,0.026874,689,A,500000,scorecard
10143562,0.027778,632,C,550000,scorecard
10143568,0.012346,680,A,1000000,scorecard
10143573,0.034565,619,C,500000,scorecard
10143577,0.003436,754,A,400000,scorecard
10143603,0.094758,579,D,400000,control
10143610,0.015465,690,A,700000,scorecard
10143623,0.007353,710,A,1000000,scorecard
10143626,0.010395,690,A,400000,scorecard
10143665,0.010395,690,A,650000,scorecard
10143678,0.139051,619,C,550000,scorecard
10143694,0.034565,619,C,600000,scorecard
10143698,0.02291,644,B,400000,scorecard
10143701,2e-06,1224,A,400000,scorecard
10143703,0.010601,689,A,1000000,scorecard
10143714,0.039159,631,C,400000,scorecard
10143727,0.006504,754,A,700000,scorecard
10143747,0.046752,601,C,600000,scorecard
10143749,0.010395,690,A,450000,scorecard
10143753,0.004109,754,A,400000,scorecard
10143770,0.057985,619,C,600000,scorecard
10143790,0.028391,631,C,550000,scorecard
10143833,0.010601,689,A,1000000,scorecard
10143854,0.014188,676,B,500000,scorecard
10143856,0.071267,601,C,550000,scorecard
10143858,0.013967,690,A,400000,scorecard
10143876,0.035322,644,B,800000,scorecard
10143879,0.013333,676,B,800000,scorecard
10143899,2e-06,1224,A,450000,scorecard
10143902,0.019532,690,A,400000,scorecard
10143912,0.028391,631,C,600000,scorecard
10143919,0.034565,619,C,600000,scorecard
10143920,0.035916,631,C,600000,scorecard
10143937,0.051236,631,C,400000,scorecard
10143946,0.054242,614,C,400000,scorecard
10143949,0.013382,689,A,600000,scorecard
10143953,0.022222,646,B,800000,scorecard
10143956,0.027271,646,B,700000,scorecard
10143957,0.06302,644,B,650000,scorecard
10143959,0.010395,690,A,450000,scorecard
10143965,0.052495,629,C,600000,scorecard
10143990,0.010395,690,A,450000,scorecard
10144002,3e-06,1224,A,750000,scorecard
10144004,0.034565,619,C,400000,scorecard
10144028,0.067143,690,A,750000,scorecard
10144033,0.097402,689,A,1000000,scorecard
10144054,0.003923,754,A,650000,scorecard
10144066,0.010615,690,A,650000,scorecard
10144079,0.007353,710,A,400000,scorecard
10144084,0.020024,689,A,550000,scorecard
10144089,0.061748,690,A,450000,scorecard
10144096,0.09205,616,C,450000,scorecard
10144122,0.046752,601,C,600000,scorecard
10144125,0.034565,619,C,400000,scorecard
10144136,0.014679,689,A,1000000,scorecard
10144141,0.012889,690,A,1000000,scorecard
10144145,0.06151,644,B,650000,scorecard
10144150,0.034565,619,C,500000,scorecard
10144162,0.034565,619,C,600000,scorecard
10144176,0.018199,690,A,850000,scorecard
10144177,0.00423,754,A,450000,scorecard
10144184,0.034565,619,C,600000,scorecard
10144186,0.025487,637,C,600000,scorecard
10144193,0.042783,644,B,400000,scorecard
10144198,0.018191,756,A,500000,scorecard
10144219,0.035839,689,A,550000,scorecard
10144225,0.012048,690,A,500000,scorecard
10144294,0.025487,637,C,450000,scorecard
10144295,0.053582,690,A,400000,scorecard
10144301,0.188912,616,C,500000,scorecard
10144302,0.027268,690,A,450000,scorecard
10144313,0.023871,710,A,400000,scorecard
10144316,0.026714,680,A,600000,scorecard
10144323,0.062877,616,C,600000,scorecard
10144357,0.013333,676,B,500000,scorecard
10144379,0.018364,676,B,800000,scorecard
10144388,0.024847,646,B,450000,scorecard
10144399,0.036458,616,C,600000,scorecard
10144413,0.040634,644,B,400000,scorecard
10144415,0.014493,671,B,400000,scorecard
10144433,0.034565,619,C,600000,scorecard
10144436,0.003436,754,A,450000,scorecard
10144444,0.040947,690,A,700000,scorecard
10144457,0.037657,614,C,600000,scorecard
10144462,0.014357,676,B,600000,scorecard
10144466,0.046752,601,C,600000,scorecard
10144478,0.045942,619,C,400000,scorecard
10144495,0.005611,756,A,600000,scorecard
10144496,0.010395,690,A,450000,scorecard
10144507,0.008065,754,A,400000,scorecard
10144516,0.059116,690,A,450000,scorecard
10144517,0.014493,671,B,400000,scorecard
10144522,0.010395,690,A,400000,scorecard
10144572,0.003322,756,A,400000,scorecard
10144604,0.00367,756,A,600000,scorecard
10144618,0.012493,689,A,1000000,scorecard
10144621,0.035469,637,C,600000,scorecard
10144623,0.003322,756,A,450000,scorecard
10144625,0.02858,676,B,450000,scorecard
10144629,0.116007,631,C,500000,scorecard
10144642,0.14223,619,C,400000,scorecard
10144644,0.048749,637,C,600000,scorecard
10144647,0.022222,646,B,600000,scorecard
10144648,1e-06,1224,A,400000,scorecard
10144669,0.085599,631,C,550000,scorecard
10144685,0.010601,689,A,500000,scorecard
10144696,0.012028,756,A,750000,scorecard
10144697,0.099063,689,A,500000,scorecard
10144725,0.105403,690,A,400000,scorecard
10144775,0.01572,754,A,600000,scorecard
10144777,0.003394,755,A,550000,scorecard
10144807,0.009922,710,A,600000,scorecard
10144811,0.109267,601,C,400000,scorecard
10144818,0.048545,690,A,950000,scorecard
10144821,0.010395,690,A,1000000,scorecard
10144827,0.007353,710,A,700000,scorecard
10144836,0.028391,631,C,600000,scorecard
10144847,0.038716,689,A,500000,scorecard
10144867,0.048691,671,B,550000,scorecard
10144882,0.010395,690,A,400000,scorecard
10144895,0.028391,631,C,600000,scorecard
10144900,0.028416,644,B,400000,scorecard
10144911,0.010601,689,A,450000,scorecard
10144938,0.034565,619,C,550000,scorecard
10144972,1e-06,1224,A,850000,scorecard
10144979,1e-06,1224,A,850000,scorecard
10145001,0.042216,619,C,400000,scorecard
10145029,0.010395,690,A,750000,scorecard
10145040,0.013333,676,B,400000,scorecard
10145043,0.012676,756,A,700000,scorecard
10145048,0.034731,644,B,450000,scorecard
10145050,0.025049,689,A,1000000,scorecard
10145072,0.003322,756,A,1000000,scorecard
10145089,0.028391,631,C,500000,scorecard
10145102,0.013419,690,A,550000,scorecard
10145122,0.019748,690,A,450000,scorecard
10145128,0.005008,756,A,1000000,scorecard
10145139,0.010337,756,A,400000,scorecard
10145145,0.016804,676,B,450000,scorecard
10145161,0.034692,671,B,550000,scorecard
10145170,0.010601,689,A,550000,scorecard
10145192,0.003436,754,A,550000,scorecard
10145208,0.08624,601,C,600000,scorecard
10145232,0.024868,671,B,700000,scorecard
10145246,0.025487,637,C,600000,scorecard
10145250,0.005515,754,A,1000000,scorecard
10145254,0.031092,676,B,500000,scorecard
10145259,0.015916,690,A,400000,scorecard
10145264,0.013802,680,A,600000,scorecard
10145276,0.045737,644,B,400000,scorecard
10145293,0.118773,614,C,400000,scorecard
10145294,0.025487,637,C,450000,scorecard
10145314,0.028743,632,C,500000,scorecard
10145317,0.039605,632,C,600000,scorecard
10145318,0.009622,754,A,650000,scorecard
10145366,0.025487,637,C,600000,scorecard
10145386,0.027778,632,C,600000,scorecard
10145406,0.177324,601,C,600000,scorecard
10145408,0.098906,632,C,600000,scorecard
10145420,0.014493,671,B,450000,scorecard
10145426,0.010601,689,A,450000,scorecard
10145435,0.037901,614,C,600000,scorecard
10145450,0.040877,690,A,400000,scorecard
10145468,0.011447,756,A,900000,scorecard
10145479,0.028391,631,C,600000,scorecard
10145494,0.010601,689,A,500000,scorecard
10145515,0.034565,619,C,600000,scorecard
10145530,1e-06,1224,A,1000000,scorecard
10145531,0.021074,690,A,550000,scorecard
10145537,0.025487,637,C,600000,scorecard
10145538,0.010395,690,A,1000000,scorecard
10145559,0.027785,637,C,400000,scorecard
10145564,0.036458,616,C,600000,scorecard
10145567,0.023635,646,B,500000,scorecard
10145575,0.036311,646,B,450000,scorecard
10145579,4e-06,1224,A,850000,scorecard
10145599,0.022222,646,B,600000,scorecard
10145636,0.034565,619,C,400000,scorecard
10145637,0.03442,690,A,1000000,scorecard
10145661,0.014493,671,B,550000,scorecard
10145700,0.007353,710,A,500000,scorecard
10145708,0.010395,690,A,650000,scorecard
10145719,0.064976,631,C,400000,scorecard
10145734,0.032571,631,C,600000,scorecard
10145758,0.003436,754,A,1000000,scorecard
10145768,0.010395,690,A,400000,scorecard
10145770,0.143852,627,C,550000,scorecard
10145792,0.038945,614,C,400000,scorecard
10145793,0.010601,689,A,400000,scorecard
10145805,0.022869,644,B,600000,scorecard
10145810,0.068323,619,C,600000,scorecard
10145815,0.016348,671,B,700000,scorecard
10145817,0.010395,690,A,500000,scorecard
10145838,0.039104,676,B,800000,scorecard
10145867,0.022869,644,B,750000,scorecard
10145876,0.004317,754,A,1000000,scorecard
10145887,0.009452,754,A,1000000,scorecard
10145894,1e-06,1224,A,550000,scorecard
10145898,0.003322,756,A,400000,scorecard
10145903,0.045717,631,C,400000,scorecard
10145930,0.038293,690,A,400000,scorecard
10145939,0.003436,754,A,500000,scorecard
10145963,0.020289,754,A,400000,scorecard
10145996,0.020626,689,A,450000,scorecard
10146022,0.047148,601,C,500000,scorecard
10146038,0.027778,632,C,550000,scorecard
10146039,0.010601,689,A,550000,scorecard
10146042,0.062742,646,B,400000,scorecard
10146050,0.010395,690,A,400000,scorecard
10146062,0.010395,690,A,450000,scorecard
10146067,0.013333,676,B,500000,scorecard
10146081,0.026474,646,B,800000,scorecard
10146085,0.022869,644,B,800000,scorecard
10146113,0.017716,689,A,600000,scorecard
10146119,0.011802,689,A,1000000,scorecard
10146132,0.064905,676,B,400000,scorecard
10146139,0.048696,676,B,700000,scorecard
10146151,0.050077,601,C,400000,scorecard
10146162,0.066085,631,C,600000,scorecard
10146183,0.003436,754,A,400000,scorecard
10146184,0.025126,689,A,400000,scorecard
10146189,0.026915,671,B,700000,scorecard
10146206,0.025109,690,A,450000,scorecard
10146207,0.09618,680,A,1000000,scorecard
10146230,1e-06,1224,A,450000,scorecard
10146272,0.00705,754,A,450000,scorecard
10146295,0.068837,631,C,600000,scorecard
10146309,0.013621,680,A,600000,scorecard
10146317,2e-06,1224,A,450000,scorecard
10146342,0.052717,619,C,500000,scorecard
10146351,0.014493,671,B,500000,scorecard
10146353,0.034807,632,C,400000,scorecard
10146357,0.122735,644,B,800000,scorecard
10146358,0.073422,627,C,550000,scorecard
10146402,0.01917,754,A,600000,scorecard
10146444,0.013871,710,A,450000,scorecard
10146448,1e-06,1224,A,450000,scorecard
10146456,0.046752,601,C,600000,scorecard
10146464,0.022869,644,B,650000,scorecard
10146468,0.066892,631,C,400000,scorecard
10146473,0.053974,671,B,450000,scorecard
10146515,0.003322,756,A,850000,scorecard
10146535,0.028733,689,A,1000000,scorecard
10146543,0.053768,689,A,600000,scorecard
10146562,0.022222,646,B,400000,scorecard
10146608,0.036458,616,C,600000,scorecard
10146633,0.025487,637,C,550000,scorecard
10146662,0.025487,637,C,600000,scorecard
10146674,0.015409,756,A,700000,scorecard
10146676,0.010601,689,A,750000,scorecard
10146698,0.003436,754,A,450000,scorecard
10146758,0.014493,671,B,800000,scorecard
10146772,0.022222,646,B,450000,scorecard
10146779,0.016507,680,A,1000000,scorecard
10146785,0.018132,689,A,1000000,scorecard
10146835,0.062973,601,C,600000,scorecard
10146840,0.028089,676,B,800000,scorecard
10146850,0.046752,601,C,600000,scorecard
10146856,0.009267,710,A,550000,scorecard
10146877,0.037901,614,C,400000,scorecard
10146893,0.011211,689,A,500000,scorecard
10146896,0.003322,756,A,1000000,scorecard
10146897,0.007353,710,A,1000000,scorecard
10146914,0.017657,689,A,1000000,scorecard
10146925,0.022222,646,B,500000,scorecard
10146928,0.010601,689,A,400000,scorecard
10146931,0.022222,646,B,800000,scorecard
10146957,0.034565,619,C,400000,scorecard
10146974,0.012346,680,A,1000000,scorecard
10146989,0.030612,627,C,600000,scorecard
10146994,0.201635,564,D,400000,control
10147014,0.012346,680,A,1000000,scorecard
10147021,0.023652,756,A,700000,scorecard
10147029,0.010601,689,A,500000,scorecard
10147030,0.004046,754,A,650000,scorecard
10147036,0.030845,644,B,650000,scorecard
10147040,0.034481,646,B,550000,scorecard
10147047,0.029896,710,A,750000,scorecard
10147060,0.085502,631,C,500000,scorecard
10147063,0.01453,680,A,550000,scorecard
10147085,1e-06,1224,A,400000,scorecard
10147105,0.030592,676,B,550000,scorecard
10147112,0.034565,619,C,450000,scorecard
10147118,0.035546,646,B,500000,scorecard
10147130,0.047711,637,C,500000,scorecard
10147133,0.037354,646,B,400000,scorecard
10147204,0.010395,690,A,700000,scorecard
10147215,0.071577,631,C,450000,scorecard
10147252,1e-06,1224,A,1000000,scorecard
10147263,0.003322,756,A,800000,scorecard
10147273,0.047553,640,B,400000,scorecard
10147276,0.028391,631,C,450000,scorecard
10147296,0.006079,756,A,500000,scorecard
10147303,0.075533,631,C,450000,scorecard
10147307,0.02226,754,A,850000,scorecard
10147309,0.082385,644,B,800000,scorecard
10147320,0.027778,632,C,550000,scorecard
10147345,0.012259,756,A,450000,scorecard
10147347,0.004866,756,A,500000,scorecard
10147373,0.037765,690,A,400000,scorecard
10147380,0.010601,689,A,1000000,scorecard
10147399,0.003682,754,A,400000,scorecard
10147424,0.072404,644,B,700000,scorecard
10147426,0.010395,690,A,900000,scorecard
10147438,0.041095,689,A,700000,scorecard
10147443,0.055811,601,C,450000,scorecard
10147446,0.028176,689,A,600000,scorecard
10147453,0.284169,619,C,550000,scorecard
10147460,0.010395,690,A,500000,scorecard
10147468,0.010601,689,A,500000,scorecard
10147517,0.035195,690,A,400000,scorecard
10147520,0.010601,689,A,400000,scorecard
10147528,0.060226,619,C,600000,scorecard
10147537,0.010601,689,A,400000,scorecard
10147549,0.011036,689,A,650000,scorecard
10147561,0.054566,631,C,450000,scorecard
10147569,0.033482,631,C,600000,scorecard
10147590,0.013333,676,B,800000,scorecard
10147621,0.034565,619,C,400000,scorecard
10147627,0.034565,619,C,600000,scorecard
10147634,0.034565,619,C,600000,scorecard
10147643,0.022869,644,B,750000,scorecard
10147716,0.046752,601,C,600000,scorecard
10147745,0.028952,690,A,500000,scorecard
10147747,0.104394,619,C,400000,scorecard
10147794,0.006182,756,A,450000,scorecard
10147809,0.018668,680,A,1000000,scorecard
10147832,0.010395,690,A,400000,scorecard
10147834,0.003322,756,A,850000,scorecard
10147836,0.109383,646,B,450000,scorecard
10147859,0.057139,689,A,400000,scorecard
10147865,0.032147,689,A,400000,scorecard
10147873,0.179328,632,C,450000,scorecard
10147874,0.007853,754,A,400000,scorecard
10147882,0.054223,646,B,400000,scorecard
10147918,0.046752,601,C,600000,scorecard
10147920,0.048944,637,C,550000,scorecard
10147924,0.010395,690,A,1000000,scorecard
10147931,0.00689,754,A,1000000,scorecard
10147933,0.005223,754,A,450000,scorecard
10147947,0.003322,756,A,1000000,scorecard
10147965,0.055183,627,C,500000,scorecard
10147968,0.018304,690,A,400000,scorecard
10147988,0.038274,619,C,600000,scorecard
10147998,0.037731,646,B,400000,scorecard
10148002,0.036458,616,C,600000,scorecard
10148007,0.067873,619,C,550000,scorecard
10148009,0.037901,614,C,450000,scorecard
10148017,0.003322,756,A,450000,scorecard
10148022,0.028391,631,C,450000,scorecard
10148024,0.013333,676,B,800000,scorecard
10148028,0.003436,754,A,550000,scorecard
10148036,0.003436,754,A,1000000,scorecard
10148058,0.014296,756,A,550000,scorecard
10148079,0.010395,690,A,450000,scorecard
10148085,0.022222,646,B,800000,scorecard
10148099,0.014493,671,B,450000,scorecard
10148108,0.024001,690,A,550000,scorecard
10148113,0.022869,644,B,400000,scorecard
10148128,0.003436,754,A,550000,scorecard
10148143,0.029554,689,A,400000,scorecard
10148162,0.013777,689,A,650000,scorecard
10148183,0.068452,646,B,400000,scorecard
10148194,0.034565,619,C,450000,scorecard
10148195,0.0439,756,A,650000,scorecard
10148199,0.007217,754,A,1000000,scorecard
10148203,0.101564,614,C,600000,scorecard
10148213,0.014484,690,A,750000,scorecard
10148242,0.003436,754,A,1000000,scorecard
10148243,0.030382,680,A,400000,scorecard
10148259,0.00587,756,A,600000,scorecard
10148286,0.017697,690,A,500000,scorecard
10148303,0.022222,646,B,800000,scorecard
10148328,0.033103,680,A,550000,scorecard
10148330,0.036458,616,C,600000,scorecard
10148358,7e-06,1224,A,550000,scorecard
10148365,0.012346,680,A,400000,scorecard
10148394,5e-06,1224,A,500000,scorecard
10148411,0.005831,754,A,500000,scorecard
10148433,0.003322,756,A,450000,scorecard
10148459,0.010559,690,A,650000,scorecard
10148469,0.046752,601,C,400000,scorecard
10148476,0.013912,680,A,400000,scorecard
10148482,0.034565,619,C,450000,scorecard
10148490,0.106701,646,B,450000,scorecard
10148493,0.007389,754,A,450000,scorecard
10148494,0.013355,690,A,450000,scorecard
10148497,0.037915,686,A,800000,scorecard
10148502,0.010601,689,A,700000,scorecard
10148511,0.010395,690,A,400000,scorecard
10148528,0.073103,680,A,450000,scorecard
10148537,0.004435,756,A,800000,scorecard
10148558,0.010395,690,A,450000,scorecard
10148567,0.010893,756,A,650000,scorecard
10148608,0.038357,690,A,650000,scorecard
10148639,0.017609,756,A,650000,scorecard
10148659,0.003322,756,A,450000,scorecard
10148665,0.03721,689,A,550000,scorecard
10148690,8e-06,1224,A,1000000,scorecard
10148699,0.025922,690,A,500000,scorecard
10148718,0.022869,644,B,800000,scorecard
10148720,0.030612,627,C,600000,scorecard
10148728,0.034565,619,C,400000,scorecard
10148732,0.030947,676,B,750000,scorecard
10148735,0.034541,637,C,500000,scorecard
10148744,0.030021,646,B,800000,scorecard
10148748,0.010411,690,A,600000,scorecard
10148756,0.022222,646,B,400000,scorecard
10148760,0.022222,646,B,800000,scorecard
10148764,0.010601,689,A,400000,scorecard
10148769,0.073869,601,C,450000,scorecard
10148770,0.003322,756,A,800000,scorecard
10148775,0.126456,614,C,450000,scorecard
10148786,0.016077,689,A,1000000,scorecard
10148812,0.003498,755,A,650000,scorecard
10148840,0.021209,680,A,500000,scorecard
10148847,0.028391,631,C,450000,scorecard
10148855,2e-06,1224,A,1000000,scorecard
10148858,0.103594,619,C,400000,scorecard
10148886,0.036272,644,B,800000,scorecard
10148925,0.010395,690,A,450000,scorecard
10148930,0.034565,619,C,550000,scorecard
10148960,0.037841,689,A,650000,scorecard
10148972,0.003322,756,A,700000,scorecard
10148978,0.010395,690,A,400000,scorecard
10148983,0.046752,601,C,500000,scorecard
10149018,0.092039,601,C,600000,scorecard
10149035,0.037657,614,C,600000,scorecard
10149044,0.03251,646,B,400000,scorecard
10149055,1e-06,1224,A,450000,scorecard
10149059,2e-06,1224,A,600000,scorecard
10149071,0.010395,690,A,500000,scorecard
10149080,0.028391,631,C,450000,scorecard
10149107,1e-06,1224,A,650000,scorecard
10149113,0.011908,754,A,500000,scorecard
10149116,0.0363,689,A,450000,scorecard
10149124,3e-06,1224,A,400000,scorecard
10149137,0.003486,756,A,400000,scorecard
10149156,0.020289,690,A,800000,scorecard
10149174,0.003322,756,A,1000000,scorecard
10149180,0.037878,710,A,450000,scorecard
10149186,0.010395,690,A,550000,scorecard
10149195,0.034565,619,C,600000,scorecard
10149214,0.026295,646,B,550000,scorecard
10149218,0.013564,690,A,600000,scorecard
10149237,0.046752,601,C,600000,scorecard
10149240,0.003322,756,A,400000,scorecard
10149258,0.003436,754,A,400000,scorecard
10149277,0.024747,644,B,750000,scorecard
10149347,0.016329,680,A,400000,scorecard
10149354,0.020483,680,A,950000,scorecard
10149359,0.01836,690,A,550000,scorecard
10149366,0.022869,644,B,600000,scorecard
10149384,0.013333,676,B,700000,scorecard
10149386,0.013788,680,A,400000,scorecard
10149409,0.03121,689,A,450000,scorecard
10149414,0.030612,627,C,500000,scorecard
10149415,5e-06,1224,A,500000,scorecard
10149439,0.090409,631,C,500000,scorecard
10149445,0.026487,644,B,800000,scorecard
10149453,0.028391,631,C,450000,scorecard
10149457,0.04768,680,A,1000000,scorecard
10149461,0.036458,616,C,450000,scorecard
10149496,0.010601,689,A,400000,scorecard
10149540,0.013498,710,A,600000,scorecard
10149560,0.028713,689,A,400000,scorecard
10149568,0.03348,690,A,600000,scorecard
10149571,0.03602,690,A,750000,scorecard
10149581,0.21655,619,C,500000,scorecard
10149598,0.028391,631,C,450000,scorecard
10149609,0.094425,601,C,450000,scorecard
10149622,0.015748,676,B,800000,scorecard
10149632,0.027778,632,C,400000,scorecard
10149642,0.169583,614,C,500000,scorecard
10149648,0.031394,631,C,500000,scorecard
10149685,0.037587,689,A,600000,scorecard
10149716,0.022869,644,B,550000,scorecard
10149729,0.010395,690,A,850000,scorecard
10149733,0.010395,690,A,750000,scorecard
10149738,0.034565,619,C,600000,scorecard
10149744,0.043525,680,A,900000,scorecard
10149746,0.010395,690,A,500000,scorecard
10149766,0.022222,646,B,800000,scorecard
10149793,0.030612,627,C,400000,scorecard
10149809,0.004269,754,A,450000,scorecard
10149818,0.096915,644,B,600000,scorecard
10149828,0.010395,690,A,400000,scorecard
10149838,0.010395,690,A,500000,scorecard
10149860,0.051545,614,C,400000,scorecard
10149874,0.04325,619,C,600000,scorecard
10149884,0.015871,676,B,700000,scorecard
10149931,0.030612,627,C,600000,scorecard
10149943,0.043073,680,A,400000,scorecard
10149953,0.011158,690,A,850000,scorecard
10149954,0.003322,756,A,1000000,scorecard
10149968,0.013333,676,B,700000,scorecard
10149979,0.048524,631,C,400000,scorecard
10149983,0.044875,619,C,400000,scorecard
10149990,0.036458,616,C,600000,scorecard
10150003,0.038555,690,A,900000,scorecard
10150009,2e-06,1224,A,1000000,scorecard
10150031,0.022869,644,B,800000,scorecard
10150032,0.029633,689,A,950000,scorecard
10150037,0.011797,690,A,1000000,scorecard
10150088,0.016315,756,A,800000,scorecard
10150090,0.004462,756,A,700000,scorecard
10150107,0.010395,690,A,600000,scorecard
10150125,0.027778,632,C,600000,scorecard
10150132,0.055476,676,B,800000,scorecard
10150145,0.030178,756,A,650000,scorecard
10150149,0.087558,619,C,600000,scorecard
10150161,0.025761,676,B,800000,scorecard
10150171,0.029207,680,A,400000,scorecard
10150196,0.003642,754,A,1000000,scorecard
10150208,0.013878,690,A,450000,scorecard
10150210,0.07189,619,C,400000,scorecard
10150221,0.008054,756,A,600000,scorecard
10150225,0.025487,637,C,600000,scorecard
10150227,0.03917,619,C,600000,scorecard
10150247,0.027778,632,C,550000,scorecard
10150252,0.010154,756,A,450000,scorecard
10150256,0.014233,754,A,950000,scorecard
10150258,0.043419,631,C,450000,scorecard
10150264,0.003436,754,A,1000000,scorecard
10150298,0.047204,676,B,550000,scorecard
10150303,0.076152,627,C,400000,scorecard
10150307,0.022869,644,B,800000,scorecard
10150324,0.022222,646,B,550000,scorecard
10150329,0.010395,690,A,400000,scorecard
10150333,0.293354,614,C,600000,scorecard
10150342,0.148846,632,C,400000,scorecard
10150350,0.022222,646,B,800000,scorecard
10150352,0.011322,690,A,450000,scorecard
10150360,0.014535,754,A,550000,scorecard
10150364,0.026551,676,B,800000,scorecard
10150366,0.031366,646,B,800000,scorecard
10150390,0.056631,619,C,600000,scorecard
10150404,0.003436,754,A,700000,scorecard
10150409,0.011544,689,A,500000,scorecard
10150413,0.003937,754,A,700000,scorecard
10150459,0.041313,637,C,400000,scorecard
10150467,0.013333,676,B,450000,scorecard
10150501,0.028391,631,C,600000,scorecard
10150532,0.047485,689,A,600000,scorecard
10150535,0.036089,637,C,400000,scorecard
10150561,0.072384,646,B,400000,scorecard
10150568,0.034565,619,C,600000,scorecard
10150583,0.026626,756,A,600000,scorecard
10150596,0.008949,756,A,450000,scorecard
10150598,0.047299,614,C,550000,scorecard
10150605,0.026136,680,A,550000,scorecard
10150606,0.019601,689,A,900000,scorecard
10150622,0.034565,619,C,600000,scorecard
10150623,0.040953,637,C,550000,scorecard
10150632,0.087432,632,C,550000,scorecard
10150649,0.028391,631,C,400000,scorecard
10150653,0.012346,680,A,900000,scorecard
10150660,0.01404,756,A,400000,scorecard
10150663,0.010601,689,A,400000,scorecard
10150667,0.046752,601,C,600000,scorecard
10150689,0.018152,680,A,400000,scorecard
10150697,0.015253,689,A,400000,scorecard
10150701,0.003322,756,A,700000,scorecard
10150718,0.090221,619,C,600000,scorecard
10150772,1e-06,1224,A,1000000,scorecard
10150778,0.010395,690,A,600000,scorecard
10150783,0.004279,756,A,400000,scorecard
10150797,0.022222,646,B,550000,scorecard
10150805,0.01983,671,B,650000,scorecard
10150807,0.010395,690,A,400000,scorecard
10150847,0.020698,689,A,550000,scorecard
10150865,0.046752,601,C,450000,scorecard
10150893,0.007353,710,A,800000,scorecard
10150901,0.030339,644,B,700000,scorecard
10150920,0.023937,690,A,550000,scorecard
10150923,0.003436,754,A,450000,scorecard
10150928,0.034565,619,C,600000,scorecard
10150936,0.022869,644,B,450000,scorecard
10150948,0.028954,689,A,1000000,scorecard
10150955,0.004718,754,A,1000000,scorecard
10150961,0.037901,614,C,600000,scorecard
10150971,0.194502,631,C,400000,scorecard
10151022,0.016354,676,B,500000,scorecard
10151050,0.022869,644,B,400000,scorecard
10151051,0.022869,644,B,800000,scorecard
10151054,0.061412,601,C,400000,scorecard
10151056,0.067837,579,D,400000,control
10151082,0.017715,676,B,800000,scorecard
10151086,0.02439,640,B,450000,scorecard
10151090,0.018146,689,A,650000,scorecard
10151093,0.003436,754,A,800000,scorecard
10151138,0.055639,646,B,450000,scorecard
10151150,0.003322,756,A,550000,scorecard
10151165,0.022869,644,B,800000,scorecard
10151211,0.01992,690,A,450000,scorecard
10151236,0.008583,756,A,1000000,scorecard
10151241,0.040614,689,A,800000,scorecard
10151246,0.010395,690,A,450000,scorecard
10151255,0.026691,756,A,750000,scorecard
10151259,0.018455,676,B,800000,scorecard
10151281,0.011759,690,A,550000,scorecard
10151284,0.027778,632,C,600000,scorecard
10151293,0.026477,690,A,800000,scorecard
10151301,0.022869,644,B,800000,scorecard
10151304,0.045413,689,A,400000,scorecard
10151312,0.010126,756,A,850000,scorecard
10151313,0.012958,690,A,550000,scorecard
10151333,0.010395,690,A,450000,scorecard
10151334,0.010395,690,A,500000,scorecard
10151351,0.005312,754,A,700000,scorecard
10151354,0.042855,644,B,550000,scorecard
10151374,0.010601,689,A,1000000,scorecard
10151378,0.100394,601,C,500000,scorecard
10151401,0.036458,616,C,500000,scorecard
10151409,0.046752,601,C,600000,scorecard
10151423,0.022869,644,B,500000,scorecard
10151424,0.043835,671,B,800000,scorecard
10151430,0.019738,680,A,450000,scorecard
10151438,0.003565,756,A,400000,scorecard
10151474,0.003436,754,A,450000,scorecard
10151483,0.003436,754,A,550000,scorecard
10151485,0.022142,689,A,1000000,scorecard
10151490,0.030059,690,A,450000,scorecard
10151528,0.005278,754,A,400000,scorecard
10151539,0.030612,627,C,500000,scorecard
10151540,0.01097,689,A,450000,scorecard
10151546,0.012346,680,A,1000000,scorecard
10151559,0.03092,627,C,400000,scorecard
10151598,0.058463,619,C,450000,scorecard
10151607,0.035925,617,C,550000,scorecard
10151619,0.034565,619,C,600000,scorecard
10151626,0.003563,756,A,650000,scorecard
10151632,0.011334,754,A,700000,scorecard
10151634,0.066901,579,D,400000,control
10151650,0.003436,754,A,450000,scorecard
10151668,0.049698,689,A,400000,scorecard
10151672,0.010601,689,A,550000,scorecard
10151680,0.05278,690,A,450000,scorecard
10151728,0.037657,614,C,600000,scorecard
10151751,0.00926,756,A,500000,scorecard
10151756,0.014017,689,A,1000000,scorecard
10151781,0.035792,646,B,550000,scorecard
10151812,0.050158,644,B,450000,scorecard
10151816,2e-06,1224,A,550000,scorecard
10151838,0.006831,756,A,400000,scorecard
10151852,0.086449,601,C,500000,scorecard
10151886,0.115397,601,C,400000,scorecard
10151954,0.003436,754,A,450000,scorecard
10151959,0.005704,754,A,750000,scorecard
10151967,0.028391,631,C,600000,scorecard
10151971,0.027666,690,A,850000,scorecard
10151981,0.022869,644,B,500000,scorecard
10151991,0.028768,690,A,600000,scorecard
10151998,0.010395,690,A,750000,scorecard
10152001,0.046752,601,C,400000,scorecard
10152031,0.032511,690,A,900000,scorecard
10152044,0.051415,627,C,600000,scorecard
10152064,0.054709,689,A,400000,scorecard
10152073,0.017847,689,A,400000,scorecard
10152074,0.012346,680,A,500000,scorecard
10152075,0.084586,644,B,600000,scorecard
10152118,0.034565,619,C,600000,scorecard
10152120,0.034565,619,C,400000,scorecard
10152136,0.0562,619,C,400000,scorecard
10152157,0.048525,644,B,650000,scorecard
10152159,0.060835,690,A,500000,scorecard
10152175,0.046752,601,C,400000,scorecard
10152191,0.030612,627,C,600000,scorecard
10152196,0.012812,689,A,500000,scorecard
10152202,0.013335,689,A,500000,scorecard
10152223,0.003468,754,A,850000,scorecard
10152266,0.151151,601,C,450000,scorecard
10152271,0.003976,754,A,600000,scorecard
10152286,0.013333,676,B,500000,scorecard
10152291,0.003322,756,A,1000000,scorecard
10152302,0.028391,631,C,500000,scorecard
10152306,0.010395,690,A,400000,scorecard
10152334,0.013702,676,B,500000,scorecard
10152337,0.037692,627,C,400000,scorecard
10152350,0.006989,756,A,400000,scorecard
10152361,0.027778,632,C,400000,scorecard
10152371,0.045896,644,B,800000,scorecard
10152439,0.103722,631,C,550000,scorecard
10152456,0.019421,690,A,450000,scorecard
10152487,0.047158,644,B,550000,scorecard
10152503,0.01574,689,A,500000,scorecard
10152513,0.028751,632,C,600000,scorecard
10152536,0.034565,619,C,450000,scorecard
10152538,0.003322,756,A,400000,scorecard
10152542,0.003436,754,A,800000,scorecard
10152603,0.048541,646,B,600000,scorecard
10152612,0.011902,754,A,500000,scorecard
10152616,0.016328,689,A,1000000,scorecard
10152657,0.017876,690,A,400000,scorecard
10152667,0.011613,689,A,1000000,scorecard
10152672,0.015645,690,A,500000,scorecard
10152691,0.046752,601,C,450000,scorecard
10152692,0.027778,632,C,400000,scorecard
10152728,0.035116,627,C,600000,scorecard
10152729,0.027079,644,B,400000,scorecard
10152739,0.053966,640,B,800000,scorecard
10152743,0.007937,754,A,550000,scorecard
10152753,0.013333,676,B,750000,scorecard
10152760,0.005976,754,A,400000,scorecard
10152797,0.027778,632,C,600000,scorecard
10152815,0.013333,676,B,800000,scorecard
10152816,0.059742,690,A,1000000,scorecard
10152820,0.01117,690,A,750000,scorecard
10152840,0.025487,637,C,450000,scorecard
10152909,0.038524,689,A,550000,scorecard
10152917,0.025487,637,C,600000,scorecard
10152939,0.015817,690,A,450000,scorecard
10152965,0.089258,619,C,400000,scorecard
10152972,0.055156,644,B,650000,scorecard
10152976,0.091832,646,B,600000,scorecard
10152983,0.030701,690,A,500000,scorecard
10153001,3e-06,1224,A,500000,scorecard
10153019,0.020015,690,A,1000000,scorecard
10153024,0.010395,690,A,500000,scorecard
10153072,0.034565,619,C,600000,scorecard
10153091,0.033509,646,B,400000,scorecard
10153108,0.046387,689,A,450000,scorecard
10153115,0.167418,644,B,450000,scorecard
10153124,0.003436,754,A,500000,scorecard
10153138,1e-06,1224,A,600000,scorecard
10153141,0.105496,619,C,600000,scorecard
10153192,0.004042,756,A,500000,scorecard
10153199,0.026227,644,B,550000,scorecard
10153207,0.029314,637,C,500000,scorecard
10153209,0.043015,690,A,850000,scorecard
10153217,0.014223,689,A,900000,scorecard
10153235,0.028391,631,C,550000,scorecard
10153256,0.013516,680,A,600000,scorecard
10153287,0.022869,644,B,400000,scorecard
10153303,0.040681,646,B,700000,scorecard
10153321,0.003322,756,A,800000,scorecard
10153340,0.014336,680,A,400000,scorecard
10153344,0.029997,676,B,500000,scorecard
10153426,0.024382,690,A,650000,scorecard
10153449,0.046752,601,C,550000,scorecard
10153450,0.108731,601,C,600000,scorecard
10153452,0.003436,754,A,600000,scorecard
10153461,1e-06,1224,A,850000,scorecard
10153496,1e-06,1224,A,650000,scorecard
10153502,0.046752,601,C,400000,scorecard
10153518,1e-06,1224,A,450000,scorecard
10153527,0.014415,756,A,700000,scorecard
10153572,0.018737,689,A,1000000,scorecard
10153604,0.013333,676,B,400000,scorecard
10153614,0.001186,819,A,950000,scorecard
10153636,0.015717,689,A,400000,scorecard
10153640,0.027931,756,A,1000000,scorecard
10153656,0.033631,646,B,600000,scorecard
10153677,0.012346,680,A,650000,scorecard
10153700,0.003436,754,A,750000,scorecard
10153715,1e-06,1224,A,1000000,scorecard
10153718,0.022739,671,B,450000,scorecard
10153739,0.04331,627,C,600000,scorecard
10153768,0.0353,637,C,600000,scorecard
10153789,0.010395,690,A,500000,scorecard
10153790,0.167487,601,C,500000,scorecard
10153796,0.01071,710,A,450000,scorecard
10153829,0.003436,754,A,600000,scorecard
10153842,0.05074,689,A,400000,scorecard
10153918,0.025487,637,C,600000,scorecard
10153920,0.011681,754,A,600000,scorecard
10153923,0.028391,631,C,500000,scorecard
10153940,0.003322,756,A,1000000,scorecard
10153945,0.00672,754,A,450000,scorecard
10153972,1e-06,1224,A,1000000,scorecard
10153989,0.033438,631,C,400000,scorecard
10153993,0.034565,619,C,400000,scorecard
10153998,0.003436,754,A,1000000,scorecard
10154023,0.025487,637,C,400000,scorecard
10154031,1e-06,1224,A,1000000,scorecard
10154055,0.034565,619,C,500000,scorecard
10154065,0.034105,646,B,800000,scorecard
10154085,0.150813,619,C,400000,scorecard
10154090,0.025635,689,A,500000,scorecard
10154109,0.005913,723,A,550000,scorecard
10154143,0.025487,637,C,600000,scorecard
10154149,0.046752,601,C,600000,scorecard
10154191,0.034565,619,C,600000,scorecard
10154192,0.024931,690,A,750000,scorecard
10154200,0.012677,754,A,450000,scorecard
10154210,0.046752,601,C,600000,scorecard
10154236,0.022869,644,B,400000,scorecard
10154247,0.054218,690,A,400000,scorecard
10154264,0.004322,756,A,650000,scorecard
10154274,0.034565,619,C,600000,scorecard
10154288,0.075996,646,B,650000,scorecard
10154327,0.003322,756,A,750000,scorecard
10154343,0.012067,689,A,1000000,scorecard
10154383,0.030612,627,C,600000,scorecard
10154403,0.050919,689,A,600000,scorecard
10154409,0.034565,619,C,600000,scorecard
10154410,3e-06,1224,A,450000,scorecard
10154416,0.013668,676,B,600000,scorecard
10154444,0.013465,754,A,750000,scorecard
10154463,0.013692,754,A,400000,scorecard
10154479,0.010395,690,A,450000,scorecard
10154483,0.052304,680,A,450000,scorecard
10154486,0.132124,536,E,400000,control
10154494,0.05501,637,C,450000,scorecard
10154503,0.025487,637,C,450000,scorecard
10154555,0.034565,619,C,600000,scorecard
10154591,0.136115,601,C,400000,scorecard
10154597,0.042886,690,A,1000000,scorecard
10154605,0.012346,680,A,1000000,scorecard
10154614,0.006252,756,A,550000,scorecard
10154629,0.003322,756,A,850000,scorecard
10154635,0.010601,689,A,400000,scorecard
10154660,0.034565,619,C,400000,scorecard
10154670,0.003436,754,A,500000,scorecard
10154682,0.022284,645,B,400000,scorecard
10154685,0.061498,619,C,400000,scorecard
10154713,0.03573,619,C,400000,scorecard
10154724,1e-06,1224,A,500000,scorecard
10154726,0.034565,619,C,550000,scorecard
10154758,0.003322,756,A,400000,scorecard
10154767,0.01042,710,A,700000,scorecard
10154782,0.019419,690,A,400000,scorecard
10154787,0.003322,756,A,450000,scorecard
10154808,0.012346,680,A,450000,scorecard
10154826,0.003322,756,A,500000,scorecard
10154837,0.010601,689,A,500000,scorecard
10154860,0.003716,756,A,450000,scorecard
10154890,0.0202,671,B,500000,scorecard
10154896,0.003436,754,A,1000000,scorecard
10154897,0.026972,646,B,450000,scorecard
10154904,0.034565,619,C,450000,scorecard
10154914,0.028436,680,A,1000000,scorecard
10154922,0.013333,676,B,600000,scorecard
10154927,0.03153,644,B,800000,scorecard
10154961,0.028391,631,C,400000,scorecard
10154964,0.034565,619,C,500000,scorecard
10154976,0.034565,619,C,600000,scorecard
10154979,0.027923,690,A,550000,scorecard
10154984,0.022869,644,B,450000,scorecard
10154992,0.034565,619,C,500000,scorecard
10155012,0.155635,619,C,600000,scorecard
10155019,0.030855,631,C,600000,scorecard
10155027,0.003984,756,A,400000,scorecard
10155052,0.008296,754,A,800000,scorecard
10155057,0.028303,690,A,600000,scorecard
10155076,0.016512,690,A,550000,scorecard
10155148,0.020999,690,A,800000,scorecard
10155172,0.022222,646,B,400000,scorecard
10155179,0.055244,619,C,400000,scorecard
10155183,0.028391,631,C,600000,scorecard
10155206,0.013946,690,A,1000000,scorecard
10155232,0.034565,619,C,500000,scorecard
10155297,0.015924,690,A,650000,scorecard
10155302,0.003322,756,A,450000,scorecard
10155377,0.010395,690,A,1000000,scorecard
10155380,0.034565,619,C,550000,scorecard
10155419,0.010395,690,A,450000,scorecard
10155422,0.187848,619,C,550000,scorecard
10155462,0.028391,631,C,600000,scorecard
10155470,0.055717,601,C,500000,scorecard
10155496,0.078401,644,B,500000,scorecard
10155529,0.014493,671,B,800000,scorecard
10155587,0.024633,690,A,600000,scorecard
10155597,0.060377,631,C,450000,scorecard
10155606,0.034565,619,C,550000,scorecard
10155618,0.011862,754,A,450000,scorecard
10155633,0.010601,689,A,450000,scorecard
10155635,0.003436,754,A,600000,scorecard
10155651,0.04476,644,B,550000,scorecard
10155663,0.025487,637,C,600000,scorecard
10155672,0.073689,627,C,400000,scorecard
10155680,0.022222,646,B,650000,scorecard
10155686,0.020246,689,A,1000000,scorecard
10155690,0.010601,689,A,1000000,scorecard
10155701,0.034565,619,C,600000,scorecard
10155725,0.050641,631,C,550000,scorecard
10155744,0.028391,631,C,450000,scorecard
10155768,0.025487,637,C,400000,scorecard
10155787,0.004439,756,A,1000000,scorecard
10155801,0.036237,646,B,400000,scorecard
10155805,0.007762,710,A,600000,scorecard
10155816,0.052733,616,C,400000,scorecard
10155843,0.038836,644,B,750000,scorecard
10155845,0.004357,756,A,850000,scorecard
10155847,0.013477,689,A,1000000,scorecard
10155858,0.032126,689,A,950000,scorecard
10155867,0.008326,754,A,450000,scorecard
10155877,0.027459,690,A,500000,scorecard
10155895,0.012346,680,A,500000,scorecard
10155899,0.067818,601,C,450000,scorecard
10155904,0.007943,754,A,700000,scorecard
10155921,0.004959,756,A,900000,scorecard
10155926,0.018398,756,A,750000,scorecard
10155956,1e-06,1224,A,500000,scorecard
10155965,0.003322,756,A,700000,scorecard
10155975,0.025669,644,B,550000,scorecard
10155984,0.02514,689,A,400000,scorecard
10155986,0.022619,646,B,800000,scorecard
10155994,0.017943,690,A,1000000,scorecard
10156010,0.00613,754,A,450000,scorecard
10156024,0.022869,644,B,600000,scorecard
10156043,0.005912,754,A,400000,scorecard
10156057,0.010601,689,A,1000000,scorecard
10156096,0.035346,689,A,450000,scorecard
10156098,0.003436,754,A,750000,scorecard
10156110,0.025993,689,A,400000,scorecard
10156133,0.046752,601,C,500000,scorecard
10156136,0.008199,754,A,700000,scorecard
10156146,0.022869,644,B,550000,scorecard
10156157,0.017646,756,A,1000000,scorecard
10156158,0.011942,690,A,500000,scorecard
10156161,0.013333,676,B,600000,scorecard
10156168,0.046752,601,C,600000,scorecard
10156187,1e-06,1224,A,450000,scorecard
10156192,0.022869,644,B,650000,scorecard
10156198,0.014663,690,A,450000,scorecard
10156221,0.034565,619,C,600000,scorecard
10156229,0.004511,754,A,1000000,scorecard
10156241,0.010395,690,A,1000000,scorecard
10156243,0.014493,671,B,400000,scorecard
10156244,0.046091,646,B,400000,scorecard
10156246,0.030023,690,A,550000,scorecard
10156261,0.044987,680,A,600000,scorecard
10156266,0.028391,631,C,600000,scorecard
10156274,0.010395,690,A,400000,scorecard
10156284,0.049853,640,B,800000,scorecard
10156288,0.010601,689,A,500000,scorecard
10156320,0.034565,619,C,600000,scorecard
10156338,0.039558,680,A,450000,scorecard
10156348,0.014262,710,A,550000,scorecard
10156357,0.02017,689,A,450000,scorecard
10156360,0.066838,619,C,450000,scorecard
10156382,0.007758,754,A,650000,scorecard
10156394,0.075676,614,C,500000,scorecard
10156404,0.010395,690,A,400000,scorecard
10156405,0.006942,754,A,900000,scorecard
10156413,0.003322,756,A,400000,scorecard
10156421,0.102644,601,C,450000,scorecard
10156424,4e-06,1224,A,500000,scorecard
10156454,0.013333,676,B,450000,scorecard
10156464,0.005847,756,A,900000,scorecard
10156471,0.028391,631,C,450000,scorecard
10156479,0.016555,690,A,800000,scorecard
10156482,0.034565,619,C,550000,scorecard
10156490,0.028391,631,C,500000,scorecard
10156503,0.014576,676,B,400000,scorecard
10156522,0.039302,627,C,600000,scorecard
10156556,0.010395,690,A,1000000,scorecard
10156571,0.154555,646,B,400000,scorecard
10156572,0.010601,689,A,1000000,scorecard
10156601,0.043382,680,A,600000,scorecard
10156606,0.024117,646,B,800000,scorecard
10156622,0.019474,671,B,450000,scorecard
10156652,0.062493,689,A,850000,scorecard
10156661,0.034985,676,B,800000,scorecard
10156665,0.010601,689,A,550000,scorecard
10156669,0.034565,619,C,600000,scorecard
10156670,0.131129,601,C,550000,scorecard
10156671,0.022869,644,B,400000,scorecard
10156681,0.003365,756,A,1000000,scorecard
10156694,1e-06,1224,A,750000,scorecard
10156715,0.101502,627,C,500000,scorecard
10156733,0.003322,756,A,900000,scorecard
10156764,0.036458,616,C,600000,scorecard
10156801,0.003874,754,A,700000,scorecard
10156819,0.007353,710,A,400000,scorecard
10156820,0.006224,754,A,400000,scorecard
10156848,0.003322,756,A,500000,scorecard
10156853,0.080436,637,C,450000,scorecard
10156854,0.058607,676,B,400000,scorecard
10156869,0.007353,710,A,750000,scorecard
10156886,0.063653,689,A,400000,scorecard
10156896,0.012276,690,A,400000,scorecard
10156899,0.022222,646,B,800000,scorecard
10156905,0.101672,646,B,400000,scorecard
10156906,0.037991,619,C,600000,scorecard
10156910,0.009452,754,A,550000,scorecard
10156989,0.035942,619,C,400000,scorecard
10157026,0.096881,619,C,600000,scorecard
10157040,0.010601,689,A,450000,scorecard
10157049,0.013333,676,B,800000,scorecard
10157058,0.109492,619,C,400000,scorecard
10157059,0.028391,631,C,450000,scorecard
10157066,0.010601,689,A,1000000,scorecard
10157090,0.010601,689,A,1000000,scorecard
10157111,0.047235,690,A,400000,scorecard
10157136,0.037179,690,A,500000,scorecard
10157166,0.003436,754,A,600000,scorecard
10157167,0.036458,616,C,600000,scorecard
10157190,0.022222,646,B,800000,scorecard
10157215,0.003322,756,A,500000,scorecard
10157223,0.066901,579,D,400000,control
10157227,0.010601,689,A,450000,scorecard
10157229,0.046752,601,C,600000,scorecard
10157233,0.018767,680,A,400000,scorecard
10157235,0.022222,646,B,800000,scorecard
10157277,0.010395,690,A,750000,scorecard
10157319,0.022222,646,B,700000,scorecard
10157346,0.050575,601,C,450000,scorecard
10157359,0.058425,619,C,600000,scorecard
10157362,0.033996,756,A,950000,scorecard
10157378,0.010601,689,A,700000,scorecard
10157391,0.014002,676,B,400000,scorecard
10157399,0.021564,690,A,600000,scorecard
10157402,0.016318,689,A,450000,scorecard
10157405,0.034565,619,C,600000,scorecard
10157411,0.051814,601,C,500000,scorecard
10157416,0.010395,690,A,1000000,scorecard
10157426,0.036458,616,C,600000,scorecard
10157444,0.003322,756,A,1000000,scorecard
10157446,0.034565,619,C,600000,scorecard
10157469,0.010601,689,A,1000000,scorecard
10157472,0.070539,676,B,800000,scorecard
10157474,0.034565,619,C,450000,scorecard
10157480,0.102403,601,C,500000,scorecard
10157488,0.042387,646,B,400000,scorecard
10157514,0.046752,601,C,500000,scorecard
10157567,0.003616,754,A,650000,scorecard
10157575,0.022869,644,B,500000,scorecard
10157577,0.037901,614,C,400000,scorecard
10157580,0.013382,754,A,450000,scorecard
10157600,0.022869,644,B,800000,scorecard
10157604,0.028391,631,C,600000,scorecard
10157633,0.010601,689,A,1000000,scorecard
10157634,0.022222,646,B,650000,scorecard
10157667,0.010601,689,A,400000,scorecard
10157684,0.028391,631,C,600000,scorecard
10157712,0.061884,601,C,600000,scorecard
10157718,0.043712,689,A,650000,scorecard
10157720,0.046752,601,C,400000,scorecard
10157765,0.047965,616,C,500000,scorecard
10157767,0.003393,756,A,550000,scorecard
10157773,0.003436,754,A,1000000,scorecard
10157821,0.010395,690,A,700000,scorecard
10157824,0.018181,680,A,850000,scorecard
10157836,0.017126,690,A,450000,scorecard
10157849,0.045792,689,A,550000,scorecard
10157857,0.030612,627,C,600000,scorecard
10157913,0.010395,690,A,650000,scorecard
10157932,0.005081,756,A,1000000,scorecard
10157936,0.028391,631,C,400000,scorecard
10157939,0.045844,631,C,550000,scorecard
10157943,0.011601,690,A,450000,scorecard
10157951,0.040083,690,A,650000,scorecard
10157958,0.10775,601,C,450000,scorecard
10157962,0.072528,619,C,400000,scorecard
10157975,0.037041,632,C,600000,scorecard
10157995,0.037901,614,C,450000,scorecard
10158014,0.022869,644,B,450000,scorecard
10158015,0.036458,616,C,400000,scorecard
10158069,0.034565,619,C,600000,scorecard
10158071,0.0142,690,A,500000,scorecard
10158095,0.04577,676,B,600000,scorecard
10158096,0.003689,756,A,500000,scorecard
10158106,0.046752,601,C,600000,scorecard
10158125,0.025487,637,C,600000,scorecard
10158140,0.013333,676,B,450000,scorecard
10158141,0.075686,689,A,400000,scorecard
10158142,0.07676,601,C,500000,scorecard
10158151,0.010395,690,A,600000,scorecard
10158153,0.010601,689,A,400000,scorecard
10158163,0.008548,754,A,650000,scorecard
10158178,0.02439,640,B,800000,scorecard
10158181,0.003322,756,A,1000000,scorecard
10158195,1e-06,1224,A,450000,scorecard
10158197,0.025722,689,A,400000,scorecard
10158199,0.013333,676,B,450000,scorecard
10158206,0.03382,637,C,600000,scorecard
10158207,0.036458,616,C,450000,scorecard
10158213,0.036458,616,C,450000,scorecard
10158222,0.042025,690,A,800000,scorecard
10158243,0.006148,754,A,550000,scorecard
10158246,0.04549,614,C,400000,scorecard
10158251,0.008009,754,A,800000,scorecard
10158262,0.032433,689,A,900000,scorecard
10158304,0.005085,756,A,900000,scorecard
10158349,0.003436,754,A,450000,scorecard
10158381,0.003436,754,A,450000,scorecard
10158407,0.037901,614,C,400000,scorecard
10158425,0.003415,756,A,400000,scorecard
10158497,0.003322,756,A,950000,scorecard
10158557,2e-06,1224,A,600000,scorecard
10158584,0.034565,619,C,600000,scorecard
10158590,0.003436,754,A,500000,scorecard
10158595,0.139736,646,B,750000,scorecard
10158598,0.028391,631,C,450000,scorecard
10158615,0.066563,619,C,450000,scorecard
10158641,1e-06,1224,A,650000,scorecard
10158648,0.030612,627,C,600000,scorecard
10158665,0.0135,689,A,500000,scorecard
10158667,0.033446,689,A,700000,scorecard
10158675,0.039006,619,C,500000,scorecard
10158696,0.010601,689,A,400000,scorecard
10158707,0.022222,646,B,800000,scorecard
10158712,0.028391,631,C,450000,scorecard
10158754,0.010395,690,A,400000,scorecard
10158762,0.014493,671,B,800000,scorecard
10158790,0.108394,619,C,600000,scorecard
10158796,0.021263,680,A,500000,scorecard
10158843,0.046752,601,C,600000,scorecard
10158867,0.048282,646,B,700000,scorecard
10158885,0.011851,754,A,550000,scorecard
10158887,0.013392,690,A,400000,scorecard
10158898,0.010769,690,A,400000,scorecard
10158901,0.066919,671,B,500000,scorecard
10158902,0.063666,627,C,450000,scorecard
10158944,0.034565,619,C,500000,scorecard
10158947,0.010601,689,A,450000,scorecard
10158957,0.034565,619,C,500000,scorecard
10158966,0.010601,689,A,650000,scorecard
10158974,0.023087,690,A,650000,scorecard
10158980,0.028391,631,C,600000,scorecard
10158996,0.049325,646,B,400000,scorecard
10159025,0.026115,644,B,450000,scorecard
10159036,0.037765,690,A,1000000,scorecard
10159049,0.09753,631,C,550000,scorecard
10159068,0.017439,690,A,1000000,scorecard
10159069,0.037055,644,B,650000,scorecard
10159085,0.036458,616,C,400000,scorecard
10159104,0.05346,627,C,400000,scorecard
10159110,0.036458,616,C,550000,scorecard
10159132,0.003322,756,A,400000,scorecard
10159138,0.016867,671,B,800000,scorecard
10159139,0.013333,676,B,800000,scorecard
10159145,0.010395,690,A,750000,scorecard
10159198,0.048748,619,C,600000,scorecard
10159216,0.036458,616,C,600000,scorecard
10159224,0.003322,756,A,1000000,scorecard
10159231,0.046924,619,C,400000,scorecard
10159237,0.028391,631,C,500000,scorecard
10159262,0.046074,637,C,400000,scorecard
10159274,0.010395,690,A,500000,scorecard
10159290,0.006465,754,A,450000,scorecard
10159330,0.022473,756,A,450000,scorecard
10159331,0.025439,662,B,750000,scorecard
10159342,0.027778,632,C,600000,scorecard
10159344,0.045646,631,C,450000,scorecard
10159381,0.025487,637,C,400000,scorecard
10159383,0.085737,619,C,400000,scorecard
10159402,0.038611,619,C,600000,scorecard
10159403,0.00512,754,A,500000,scorecard
10159405,0.003322,756,A,800000,scorecard
10159421,0.016096,690,A,900000,scorecard
10159423,0.003436,754,A,500000,scorecard
10159433,0.003436,754,A,500000,scorecard
10159435,0.011811,690,A,600000,scorecard
10159442,0.048899,646,B,700000,scorecard
10159444,0.036973,690,A,500000,scorecard
10159448,0.046752,601,C,600000,scorecard
10159449,0.027089,680,A,950000,scorecard
10159494,0.104529,614,C,600000,scorecard
10159499,0.004862,754,A,500000,scorecard
10159505,0.012638,690,A,900000,scorecard
10159507,0.034565,619,C,600000,scorecard
10159524,0.034565,619,C,450000,scorecard
10159552,0.037322,689,A,500000,scorecard
10159554,0.04528,689,A,450000,scorecard
10159558,0.095708,637,C,550000,scorecard
10159571,0.00465,756,A,700000,scorecard
10159580,0.039261,690,A,550000,scorecard
10159583,0.075996,690,A,400000,scorecard
10159591,0.013333,676,B,800000,scorecard
10159608,0.010395,690,A,750000,scorecard
10159611,0.012183,756,A,400000,scorecard
10159623,0.052657,601,C,450000,scorecard
10159634,0.039847,646,B,550000,scorecard
10159650,0.036458,616,C,600000,scorecard
10159657,0.012378,756,A,1000000,scorecard
10159687,0.004571,754,A,400000,scorecard
10159741,0.022209,690,A,750000,scorecard
10159768,0.025487,637,C,600000,scorecard
10159774,0.046752,601,C,600000,scorecard
10159787,0.046752,601,C,400000,scorecard
10159793,0.003436,754,A,600000,scorecard
10159799,0.06347,627,C,500000,scorecard
10159803,0.012346,680,A,500000,scorecard
10159809,0.010395,690,A,500000,scorecard
10159814,0.039389,689,A,550000,scorecard
10159823,0.014969,689,A,650000,scorecard
10159840,0.011591,690,A,500000,scorecard
10159851,1e-06,1224,A,500000,scorecard
10159872,0.019252,756,A,700000,scorecard
10159876,0.029493,689,A,550000,scorecard
10159879,0.043269,631,C,450000,scorecard
10159881,0.034565,619,C,600000,scorecard
10159895,0.017425,690,A,750000,scorecard
10159907,0.028391,631,C,500000,scorecard
10159936,0.034565,619,C,600000,scorecard
10159958,0.028391,631,C,600000,scorecard
10159977,0.050532,631,C,600000,scorecard
10159988,0.025487,637,C,400000,scorecard
10159991,0.034565,619,C,600000,scorecard
10159997,0.01188,689,A,450000,scorecard
10160026,4e-06,1224,A,600000,scorecard
10160028,0.051373,690,A,700000,scorecard
10160029,0.006828,756,A,850000,scorecard
10160049,0.010395,690,A,650000,scorecard
10160094,0.003436,754,A,600000,scorecard
10160097,0.046752,601,C,550000,scorecard
10160119,0.041313,646,B,400000,scorecard
10160126,0.003805,756,A,950000,scorecard
10160139,0.021372,676,B,400000,scorecard
10160148,0.022222,646,B,800000,scorecard
10160155,0.011962,756,A,800000,scorecard
10160158,0.037874,644,B,400000,scorecard
10160201,0.016741,690,A,400000,scorecard
10160202,0.041399,671,B,400000,scorecard
10160218,0.034565,619,C,550000,scorecard
10160252,0.010395,690,A,650000,scorecard
10160253,0.077381,644,B,450000,scorecard
10160256,0.043387,644,B,750000,scorecard
10160259,0.022869,644,B,500000,scorecard
10160295,0.028391,631,C,600000,scorecard
10160302,0.010601,689,A,800000,scorecard
10160306,0.003322,756,A,1000000,scorecard
10160332,0.010395,690,A,600000,scorecard
10160333,0.015591,756,A,400000,scorecard
10160351,0.014183,689,A,700000,scorecard
10160353,2e-06,1224,A,400000,scorecard
10160370,0.085894,689,A,450000,scorecard
10160409,0.115098,601,C,450000,scorecard
10160413,0.010601,689,A,1000000,scorecard
10160423,0.089322,601,C,600000,scorecard
10160431,0.165299,619,C,400000,scorecard
10160453,0.021108,690,A,500000,scorecard
10160456,0.102258,619,C,500000,scorecard
10160483,1e-06,1224,A,400000,scorecard
10160489,0.100404,676,B,450000,scorecard
10160502,0.027778,632,C,400000,scorecard
10160512,0.022869,644,B,450000,scorecard
10160519,0.141592,680,A,850000,scorecard
10160558,0.046752,601,C,600000,scorecard
10160609,0.049462,644,B,550000,scorecard
10160620,0.044569,619,C,400000,scorecard
10160636,0.007521,756,A,700000,scorecard
10160655,0.138549,676,B,600000,scorecard
10160657,0.003322,756,A,700000,scorecard
10160660,0.036458,616,C,450000,scorecard
10160661,0.012337,689,A,500000,scorecard
10160685,0.034565,619,C,600000,scorecard
10160710,0.034565,619,C,600000,scorecard
10160716,0.034565,619,C,550000,scorecard
10160727,0.025487,637,C,600000,scorecard
10160734,0.010395,690,A,550000,scorecard
10160735,0.006619,756,A,450000,scorecard
10160758,0.017824,671,B,500000,scorecard
10160765,0.005582,756,A,500000,scorecard
10160778,0.032726,644,B,500000,scorecard
10160788,0.030653,631,C,500000,scorecard
10160807,0.090819,619,C,500000,scorecard
10160808,0.032891,690,A,400000,scorecard
10160813,0.004453,754,A,400000,scorecard
10160816,0.044984,637,C,450000,scorecard
10160817,0.021878,710,A,500000,scorecard
10160839,0.199377,601,C,600000,scorecard
10160880,0.012346,680,A,1000000,scorecard
10160892,0.191216,619,C,450000,scorecard
10160922,0.003436,754,A,950000,scorecard
10160928,0.012076,689,A,500000,scorecard
10160929,0.022222,646,B,400000,scorecard
10160930,0.035242,690,A,500000,scorecard
10160959,0.022869,644,B,800000,scorecard
10160964,0.032832,637,C,600000,scorecard
10160978,0.037901,614,C,450000,scorecard
10160980,0.003322,756,A,500000,scorecard
10160991,0.038425,676,B,600000,scorecard
10160995,0.010601,689,A,550000,scorecard
10160998,0.025027,710,A,500000,scorecard
10161008,0.062323,619,C,450000,scorecard
10161010,0.046752,601,C,600000,scorecard
10161052,0.003322,756,A,550000,scorecard
10161078,0.02732,671,B,450000,scorecard
10161083,0.012346,680,A,1000000,scorecard
10161084,0.046752,601,C,600000,scorecard
10161107,0.046752,601,C,450000,scorecard
10161110,0.060419,619,C,600000,scorecard
10161120,0.022222,646,B,400000,scorecard
10161121,0.060516,644,B,400000,scorecard
10161135,0.015784,756,A,450000,scorecard
10161136,0.022222,646,B,650000,scorecard
10161144,0.047697,619,C,450000,scorecard
10161147,0.019257,690,A,600000,scorecard
10161152,0.030612,627,C,600000,scorecard
10161181,0.068402,671,B,550000,scorecard
10161184,0.01864,680,A,450000,scorecard
10161188,0.007194,756,A,1000000,scorecard
10161193,0.062808,646,B,450000,scorecard
10161209,0.016085,689,A,500000,scorecard
10161231,0.013333,676,B,550000,scorecard
10161246,0.010601,689,A,400000,scorecard
10161247,0.129385,632,C,500000,scorecard
10161307,0.005213,754,A,1000000,scorecard
10161308,0.020738,689,A,500000,scorecard
10161321,0.003322,756,A,1000000,scorecard
10161324,0.014428,754,A,400000,scorecard
10161339,0.003322,756,A,1000000,scorecard
10161362,0.027778,632,C,450000,scorecard
10161373,0.047734,646,B,750000,scorecard
10161423,0.049671,614,C,450000,scorecard
10161428,0.016084,754,A,600000,scorecard
10161441,0.022869,644,B,500000,scorecard
10161460,0.034565,619,C,400000,scorecard
10161476,0.003495,754,A,600000,scorecard
10161482,0.0743,644,B,600000,scorecard
10161502,0.023531,680,A,650000,scorecard
10161506,0.003436,754,A,500000,scorecard
10161507,0.052325,676,B,450000,scorecard
10161508,0.010395,690,A,1000000,scorecard
10161512,0.034565,619,C,550000,scorecard
10161556,0.029787,646,B,550000,scorecard
10161567,0.075307,631,C,400000,scorecard
10161577,0.037657,614,C,550000,scorecard
10161578,0.009278,754,A,550000,scorecard
10161606,0.012728,690,A,550000,scorecard
10161627,0.003436,754,A,550000,scorecard
10161637,0.025487,637,C,600000,scorecard
10161653,0.024139,646,B,650000,scorecard
10161655,0.012346,680,A,500000,scorecard
10161660,0.026044,636,C,600000,scorecard
10161671,0.005592,756,A,750000,scorecard
10161683,0.061811,690,A,400000,scorecard
10161690,0.046752,601,C,600000,scorecard
10161722,0.010601,689,A,1000000,scorecard
10161750,1e-06,1224,A,550000,scorecard
10161754,0.028391,631,C,600000,scorecard
10161768,0.010395,690,A,550000,scorecard
10161825,0.026598,690,A,400000,scorecard
10161840,0.03054,689,A,1000000,scorecard
10161890,0.004994,756,A,500000,scorecard
10161902,0.003322,756,A,1000000,scorecard
10161913,0.049866,646,B,450000,scorecard
10161935,0.014929,689,A,400000,scorecard
10161939,0.048438,616,C,600000,scorecard
10161947,0.012454,689,A,400000,scorecard
10161963,0.039447,627,C,600000,scorecard
10161969,0.03669,644,B,650000,scorecard
10161980,0.057861,689,A,1000000,scorecard
10161986,0.025487,637,C,600000,scorecard
10161993,0.044857,646,B,750000,scorecard
10161996,0.004547,756,A,700000,scorecard
10162001,0.005575,754,A,750000,scorecard
10162008,0.010395,690,A,550000,scorecard
10162011,0.034565,619,C,450000,scorecard
10162018,0.036458,616,C,500000,scorecard
10162023,0.034565,619,C,600000,scorecard
10162041,0.071694,680,A,1000000,scorecard
10162052,0.005054,754,A,1000000,scorecard
10162053,0.023704,690,A,550000,scorecard
10162056,0.024055,644,B,450000,scorecard
10162069,0.025901,754,A,650000,scorecard
10162084,0.06079,640,B,750000,scorecard
10162095,0.025718,756,A,650000,scorecard
10162114,0.030456,671,B,800000,scorecard
10162144,0.046752,601,C,400000,scorecard
10162146,0.013333,676,B,800000,scorecard
10162184,0.010395,690,A,400000,scorecard
10162204,0.046752,601,C,450000,scorecard
10162216,0.02749,689,A,600000,scorecard
10162230,0.022869,644,B,800000,scorecard
10162235,0.025487,637,C,600000,scorecard
10162243,0.011126,754,A,750000,scorecard
10162250,0.004003,756,A,400000,scorecard
10162251,0.026756,690,A,400000,scorecard
10162282,0.003436,754,A,700000,scorecard
10162302,0.031164,690,A,500000,scorecard
10162304,0.034565,619,C,600000,scorecard
10162318,0.064106,619,C,450000,scorecard
10162325,1e-06,1224,A,1000000,scorecard
10162332,0.037227,644,B,400000,scorecard
10162336,0.010395,690,A,1000000,scorecard
10162347,0.014108,689,A,1000000,scorecard
10162363,0.010601,689,A,400000,scorecard
10162373,0.012979,690,A,750000,scorecard
10162375,0.021395,689,A,800000,scorecard
10162376,0.003436,754,A,400000,scorecard
10162379,1e-06,1224,A,750000,scorecard
10162390,0.063782,690,A,800000,scorecard
10162407,0.006754,756,A,600000,scorecard
10162433,0.06736,619,C,400000,scorecard
10162506,0.005858,754,A,400000,scorecard
10162519,0.022222,646,B,800000,scorecard
10162533,0.003436,754,A,650000,scorecard
10162544,0.005442,754,A,450000,scorecard
10162562,0.036458,616,C,600000,scorecard
10162571,0.010395,690,A,900000,scorecard
10162572,0.044797,680,A,650000,scorecard
10162584,1e-06,1224,A,550000,scorecard
10162606,0.01537,756,A,1000000,scorecard
10162619,0.047612,676,B,500000,scorecard
10162629,4e-06,1224,A,500000,scorecard
10162630,0.0136,690,A,700000,scorecard
10162633,0.010395,690,A,450000,scorecard
10162665,0.005739,756,A,600000,scorecard
10162677,0.025487,637,C,450000,scorecard
10162691,0.046752,601,C,400000,scorecard
10162692,0.010601,689,A,650000,scorecard
10162731,0.034565,619,C,600000,scorecard
10162736,0.010601,689,A,1000000,scorecard
10162746,0.047124,644,B,600000,scorecard
10162751,0.046752,601,C,600000,scorecard
10162752,0.008592,754,A,650000,scorecard
10162756,0.003436,754,A,1000000,scorecard
10162772,0.02066,690,A,450000,scorecard
10162787,0.038366,614,C,450000,scorecard
10162797,0.046752,601,C,550000,scorecard
10162803,0.061817,646,B,650000,scorecard
10162805,0.085971,619,C,550000,scorecard
10162807,0.003877,754,A,600000,scorecard
10162840,0.010395,690,A,550000,scorecard
10162842,2e-06,1224,A,450000,scorecard
10162848,0.013505,689,A,550000,scorecard
10162858,1e-06,1224,A,400000,scorecard
10162859,0.022222,646,B,800000,scorecard
10162860,0.036458,616,C,550000,scorecard
10162885,0.019596,690,A,400000,scorecard
10162913,0.010395,690,A,400000,scorecard
10162919,0.04197,680,A,400000,scorecard
10162984,0.046752,601,C,450000,scorecard
10162989,0.043882,690,A,450000,scorecard
10163017,0.031596,631,C,550000,scorecard
10163018,0.130526,601,C,450000,scorecard
10163019,0.003322,756,A,450000,scorecard
10163023,0.034565,619,C,600000,scorecard
10163043,0.028391,631,C,600000,scorecard
10163044,0.025222,676,B,500000,scorecard
10163045,0.045592,690,A,900000,scorecard
10163059,0.009266,754,A,1000000,scorecard
10163061,0.003436,754,A,1000000,scorecard
10163063,0.022376,754,A,450000,scorecard
10163109,0.070633,644,B,500000,scorecard
10163131,0.030612,627,C,600000,scorecard
10163158,0.01092,756,A,400000,scorecard
10163165,0.046752,601,C,400000,scorecard
10163168,0.022869,644,B,600000,scorecard
10163177,0.006546,756,A,600000,scorecard
10163188,0.036458,616,C,600000,scorecard
10163204,0.034565,619,C,600000,scorecard
10163215,0.011222,754,A,900000,scorecard
10163219,0.091093,680,A,400000,scorecard
10163261,0.034565,619,C,600000,scorecard
10163263,0.020263,676,B,500000,scorecard
10163268,0.010601,689,A,1000000,scorecard
10163276,0.013333,676,B,550000,scorecard
10163294,0.028391,631,C,600000,scorecard
10163329,0.059048,601,C,450000,scorecard
10163338,0.029468,689,A,1000000,scorecard
10163365,0.031806,690,A,1000000,scorecard
10163375,0.007591,710,A,1000000,scorecard
10163406,0.010395,690,A,500000,scorecard
10163417,0.060461,632,C,500000,scorecard
10163418,0.010395,690,A,450000,scorecard
10163426,0.044331,631,C,600000,scorecard
10163432,0.111813,680,A,550000,scorecard
10163438,0.028391,631,C,600000,scorecard
10163446,0.00915,710,A,450000,scorecard
10163458,0.139256,601,C,550000,scorecard
10163459,0.003322,756,A,1000000,scorecard
10163480,0.010395,690,A,400000,scorecard
10163530,0.010601,689,A,1000000,scorecard
10163547,0.214824,601,C,400000,scorecard
10163633,0.013972,690,A,400000,scorecard
10163664,0.059589,601,C,500000,scorecard
10163665,0.025487,637,C,450000,scorecard
10163697,0.031105,631,C,450000,scorecard
10163717,0.016109,680,A,800000,scorecard
10163720,0.012346,680,A,700000,scorecard
10163745,0.006451,756,A,600000,scorecard
10163752,0.010601,689,A,800000,scorecard
10163763,0.004646,756,A,500000,scorecard
10163789,0.112404,619,C,600000,scorecard
10163804,0.005226,754,A,550000,scorecard
10163811,0.053309,646,B,800000,scorecard
10163819,0.003675,754,A,1000000,scorecard
10163833,0.070469,689,A,900000,scorecard
10163836,0.027325,676,B,750000,scorecard
10163846,0.017076,689,A,450000,scorecard
10163859,0.004628,754,A,600000,scorecard
10163870,0.046752,601,C,450000,scorecard
10163882,0.057931,680,A,550000,scorecard
10163898,0.019578,689,A,700000,scorecard
10163918,0.007642,754,A,950000,scorecard
10163920,0.003322,756,A,1000000,scorecard
10163921,0.034565,619,C,500000,scorecard
10163942,0.051885,619,C,450000,scorecard
10163946,0.028418,756,A,700000,scorecard
10163959,0.025487,637,C,400000,scorecard
10163961,0.012346,680,A,450000,scorecard
10163965,0.008193,756,A,550000,scorecard
10163976,0.010395,690,A,500000,scorecard
10163994,0.003436,754,A,650000,scorecard
10164002,0.012346,680,A,650000,scorecard
10164009,0.100856,619,C,400000,scorecard
10164014,0.003436,754,A,750000,scorecard
10164015,0.04919,644,B,450000,scorecard
10164037,0.028196,644,B,500000,scorecard
10164074,0.003322,756,A,500000,scorecard
10164094,0.057075,632,C,450000,scorecard
10164103,0.084448,646,B,450000,scorecard
10164104,0.030612,627,C,600000,scorecard
10164108,0.142517,619,C,400000,scorecard
10164120,0.029389,755,A,1000000,scorecard
10164123,0.022808,689,A,400000,scorecard
10164124,0.013297,680,A,650000,scorecard
10164127,0.045858,631,C,400000,scorecard
10164146,0.040219,680,A,500000,scorecard
10164176,0.108079,644,B,400000,scorecard
10164183,0.004928,754,A,700000,scorecard
10164188,0.028391,631,C,600000,scorecard
10164196,0.010395,690,A,1000000,scorecard
10164229,0.003436,754,A,1000000,scorecard
10164271,0.034565,619,C,600000,scorecard
10164288,0.011867,689,A,650000,scorecard
10164296,0.046752,601,C,600000,scorecard
10164327,1.6e-05,1068,A,650000,scorecard
10164329,0.022869,644,B,450000,scorecard
10164334,0.004971,754,A,1000000,scorecard
10164354,0.013333,676,B,450000,scorecard
10164365,0.018946,690,A,650000,scorecard
10164371,0.082745,689,A,550000,scorecard
10164386,0.049233,631,C,600000,scorecard
10164396,0.046752,601,C,600000,scorecard
10164412,0.003436,754,A,1000000,scorecard
10164448,0.041034,644,B,500000,scorecard
10164468,0.028391,631,C,550000,scorecard
10164494,0.003767,756,A,1000000,scorecard
10164495,0.027334,676,B,800000,scorecard
10164496,0.066131,619,C,500000,scorecard
10164502,0.046752,601,C,500000,scorecard
10164524,0.010891,756,A,500000,scorecard
10164535,0.022869,644,B,400000,scorecard
10164568,0.010395,690,A,1000000,scorecard
10164589,0.050551,614,C,600000,scorecard
10164595,0.013987,755,A,400000,scorecard
10164604,0.034565,619,C,450000,scorecard
10164622,0.003436,754,A,1000000,scorecard
10164637,0.081401,637,C,450000,scorecard
10164638,0.010395,690,A,1000000,scorecard
10164641,0.014493,671,B,500000,scorecard
10164661,0.123618,616,C,550000,scorecard
10164670,0.015479,690,A,400000,scorecard
10164684,0.068826,619,C,400000,scorecard
10164708,0.028391,631,C,500000,scorecard
10164715,0.008394,754,A,1000000,scorecard
10164723,0.007471,710,A,450000,scorecard
10164725,0.028391,631,C,600000,scorecard
10164744,0.068155,601,C,400000,scorecard
10164753,0.037901,614,C,400000,scorecard
10164755,0.004996,733,A,500000,scorecard
10164774,0.010395,690,A,500000,scorecard
10164782,1e-06,1224,A,500000,scorecard
10164802,0.023171,690,A,600000,scorecard
10164813,0.011045,756,A,600000,scorecard
10164833,1e-06,1224,A,550000,scorecard
10164839,0.003436,754,A,800000,scorecard
10164891,0.003322,756,A,450000,scorecard
10164906,0.037452,619,C,600000,scorecard
10164909,0.085547,631,C,400000,scorecard
10164928,0.022222,646,B,800000,scorecard
10164938,0.022222,646,B,800000,scorecard
10164941,0.009932,756,A,600000,scorecard
10164947,0.013333,676,B,650000,scorecard
10164962,0.034565,619,C,500000,scorecard
10164969,0.034565,619,C,400000,scorecard
10164987,0.033914,640,B,500000,scorecard
10165000,0.016937,756,A,450000,scorecard
10165008,0.012384,756,A,1000000,scorecard
10165039,0.007016,754,A,900000,scorecard
10165047,0.00806,754,A,650000,scorecard
10165048,0.014493,671,B,400000,scorecard
10165053,0.034702,689,A,500000,scorecard
10165062,0.084995,689,A,900000,scorecard
10165090,0.028694,689,A,600000,scorecard
10165091,0.00522,756,A,1000000,scorecard
10165096,0.14331,646,B,500000,scorecard
10165105,0.022222,646,B,800000,scorecard
10165106,0.030612,627,C,600000,scorecard
10165127,0.010395,690,A,550000,scorecard
10165155,0.063413,646,B,550000,scorecard
10165286,0.079169,689,A,1000000,scorecard
10165305,0.026096,710,A,400000,scorecard
10165315,0.023003,689,A,600000,scorecard
10165319,0.022222,646,B,800000,scorecard
10165330,0.022222,646,B,600000,scorecard
10165344,0.065017,627,C,600000,scorecard
10165353,0.013333,676,B,800000,scorecard
10165375,0.012256,754,A,450000,scorecard
10165395,0.025615,690,A,500000,scorecard
10165434,0.003322,756,A,750000,scorecard
10165452,0.049026,632,C,600000,scorecard
10165464,0.018023,690,A,450000,scorecard
10165516,0.017019,756,A,450000,scorecard
10165518,0.036197,619,C,450000,scorecard
10165523,0.027388,676,B,800000,scorecard
10165541,0.007203,756,A,400000,scorecard
10165554,0.007353,710,A,500000,scorecard
10165582,0.050864,689,A,800000,scorecard
10165587,0.023991,690,A,550000,scorecard
10165594,0.009896,754,A,950000,scorecard
10165596,0.046752,601,C,500000,scorecard
10165610,0.034565,619,C,450000,scorecard
10165613,0.067168,637,C,600000,scorecard
10165615,0.022222,646,B,800000,scorecard
10165624,0.035486,644,B,700000,scorecard
10165635,0.020194,690,A,450000,scorecard
10165643,0.09195,637,C,550000,scorecard
10165653,0.013333,676,B,400000,scorecard
10165656,0.010395,690,A,1000000,scorecard
10165662,0.025116,689,A,450000,scorecard
10165675,0.014102,690,A,950000,scorecard
10165686,0.162188,646,B,800000,scorecard
10165704,0.040441,689,A,550000,scorecard
10165707,0.036468,680,A,450000,scorecard
10165729,0.029953,637,C,400000,scorecard
10165753,0.088275,680,A,400000,scorecard
10165765,0.055703,689,A,1000000,scorecard
10165784,0.028886,637,C,600000,scorecard
10165823,0.13116,619,C,400000,scorecard
10165825,0.037224,689,A,550000,scorecard
10165850,0.017098,690,A,750000,scorecard
10165856,0.038175,754,A,1000000,scorecard
10165860,0.010641,754,A,500000,scorecard
10165877,0.013333,676,B,800000,scorecard
10165879,0.009428,754,A,1000000,scorecard
10165892,0.027638,756,A,400000,scorecard
10165904,0.046752,601,C,550000,scorecard
10165909,0.079607,619,C,450000,scorecard
10165917,0.013085,710,A,650000,scorecard
10165981,0.003322,756,A,450000,scorecard
10165987,0.046708,631,C,600000,scorecard
10165992,0.013333,676,B,800000,scorecard
10166009,0.034565,619,C,600000,scorecard
10166014,0.014912,690,A,450000,scorecard
10166026,0.003647,754,A,400000,scorecard
10166046,0.022222,646,B,400000,scorecard
10166105,0.034565,619,C,600000,scorecard
10166108,0.033198,622,C,600000,scorecard
10166136,0.029323,631,C,600000,scorecard
10166138,0.034565,619,C,600000,scorecard
10166140,0.032342,689,A,900000,scorecard
10166157,0.006983,754,A,750000,scorecard
10166160,0.010601,689,A,700000,scorecard
10166177,0.010395,690,A,400000,scorecard
10166182,0.012951,689,A,400000,scorecard
10166188,0.015972,676,B,550000,scorecard
10166190,0.013333,676,B,650000,scorecard
10166195,0.045289,631,C,550000,scorecard
10166216,0.046752,601,C,400000,scorecard
10166254,0.037901,614,C,600000,scorecard
10166287,0.111473,631,C,450000,scorecard
10166296,0.013333,676,B,400000,scorecard
10166302,0.004602,756,A,750000,scorecard
10166312,0.022222,646,B,600000,scorecard
10166313,0.010395,690,A,600000,scorecard
10166314,0.012346,680,A,850000,scorecard
10166319,0.074405,601,C,600000,scorecard
10166391,0.013333,676,B,800000,scorecard
10166421,0.056159,646,B,400000,scorecard
10166437,0.022222,646,B,700000,scorecard
10166441,0.095209,643,B,400000,scorecard
10166481,0.078945,601,C,600000,scorecard
10166506,0.005415,754,A,400000,scorecard
10166522,0.054456,601,C,500000,scorecard
10166531,0.020667,690,A,500000,scorecard
10166561,4e-06,1224,A,750000,scorecard
10166570,0.022981,644,B,800000,scorecard
10166571,0.011319,690,A,450000,scorecard
10166574,0.227797,601,C,600000,scorecard
10166577,0.003322,756,A,600000,scorecard
10166582,0.09815,619,C,600000,scorecard
10166597,0.038247,644,B,550000,scorecard
10166615,0.003436,754,A,650000,scorecard
10166637,0.003322,756,A,400000,scorecard
10166639,0.111354,619,C,600000,scorecard
10166644,0.040583,680,A,500000,scorecard
10166673,0.033426,631,C,400000,scorecard
10166679,0.00994,710,A,650000,scorecard
10166685,0.01492,689,A,500000,scorecard
10166687,0.028391,631,C,600000,scorecard
10166710,0.010395,690,A,1000000,scorecard
10166712,0.048285,680,A,400000,scorecard
10166747,0.042014,616,C,450000,scorecard
10166751,0.05636,646,B,550000,scorecard
10166772,0.046752,601,C,400000,scorecard
10166819,0.016263,689,A,400000,scorecard
10166834,0.015899,689,A,600000,scorecard
10166848,0.007997,756,A,450000,scorecard
10166861,0.010491,690,A,400000,scorecard
10166864,0.037828,690,A,450000,scorecard
10166873,0.014661,754,A,550000,scorecard
10166884,0.011763,689,A,450000,scorecard
10166903,0.014839,690,A,400000,scorecard
10166918,0.041906,644,B,650000,scorecard
10166943,0.030612,627,C,600000,scorecard
10166972,0.108252,619,C,450000,scorecard
10166976,0.051339,690,A,900000,scorecard
10166986,0.034565,619,C,550000,scorecard
10166987,0.004175,756,A,1000000,scorecard
10167048,0.010601,689,A,1000000,scorecard
10167063,0.034565,619,C,500000,scorecard
10167072,2e-06,1224,A,500000,scorecard
10167118,0.165728,627,C,400000,scorecard
10167128,5e-06,1224,A,400000,scorecard
10167130,0.036458,616,C,600000,scorecard
10167176,0.030943,631,C,600000,scorecard
10167195,4e-06,1224,A,850000,scorecard
10167198,0.023745,690,A,700000,scorecard
10167204,0.051207,631,C,550000,scorecard
10167207,0.027156,671,B,700000,scorecard
10167216,0.02439,640,B,600000,scorecard
10167233,0.030221,631,C,600000,scorecard
10167236,0.099499,601,C,600000,scorecard
10167240,0.043751,631,C,450000,scorecard
10167244,0.085471,646,B,750000,scorecard
10167249,0.046752,601,C,450000,scorecard
10167259,0.057526,601,C,600000,scorecard
10167287,0.011724,689,A,450000,scorecard
10167292,0.010395,690,A,950000,scorecard
10167304,0.036458,616,C,400000,scorecard
10167305,0.027778,632,C,600000,scorecard
10167310,0.003716,754,A,1000000,scorecard
10167311,0.033395,690,A,650000,scorecard
10167321,0.067108,631,C,450000,scorecard
10167327,0.045448,680,A,400000,scorecard
10167331,0.022222,646,B,400000,scorecard
10167346,0.013652,689,A,500000,scorecard
10167380,0.022222,646,B,800000,scorecard
10167386,0.097838,646,B,400000,scorecard
10167399,0.012346,680,A,800000,scorecard
10167400,0.046752,601,C,400000,scorecard
10167424,0.037657,614,C,400000,scorecard
10167434,0.049078,710,A,950000,scorecard
10167444,0.012346,680,A,600000,scorecard
10167460,0.034565,619,C,450000,scorecard
10167464,0.036817,646,B,800000,scorecard
10167473,0.011123,689,A,900000,scorecard
10167493,0.010395,690,A,1000000,scorecard
10167499,0.004218,756,A,500000,scorecard
10167520,0.142695,690,A,400000,scorecard
10167551,0.0304,640,B,450000,scorecard
10167588,0.029963,637,C,600000,scorecard
10167590,0.019444,710,A,850000,scorecard
10167601,0.014031,754,A,550000,scorecard
10167636,0.00688,714,A,500000,scorecard
10167671,0.131371,619,C,550000,scorecard
10167704,0.028391,631,C,450000,scorecard
10167711,0.023176,689,A,550000,scorecard
10167748,0.010395,690,A,400000,scorecard
10167751,0.013985,676,B,800000,scorecard
10167763,0.114328,619,C,600000,scorecard
10167768,1e-06,1224,A,1000000,scorecard
10167777,1e-06,1224,A,550000,scorecard
10167779,0.046752,601,C,400000,scorecard
10167782,0.019465,689,A,600000,scorecard
10167805,0.02091,690,A,950000,scorecard
10167820,0.010601,689,A,450000,scorecard
10167846,0.035559,676,B,750000,scorecard
10167854,0.004869,754,A,450000,scorecard
10167867,0.028391,631,C,600000,scorecard
10167897,0.010395,690,A,400000,scorecard
10167907,0.066614,676,B,700000,scorecard
10167912,0.045002,632,C,450000,scorecard
10167949,0.034565,619,C,600000,scorecard
10167951,0.06444,627,C,600000,scorecard
10167955,0.029338,631,C,400000,scorecard
10167974,0.022222,646,B,450000,scorecard
10167975,0.022869,644,B,400000,scorecard
10167979,0.013333,676,B,800000,scorecard
10167999,0.046752,601,C,600000,scorecard
10168023,0.013622,756,A,650000,scorecard
10168040,0.033793,637,C,600000,scorecard
10168041,0.033788,690,A,550000,scorecard
10168061,0.042885,631,C,600000,scorecard
10168067,0.057388,689,A,500000,scorecard
10168102,0.003436,754,A,750000,scorecard
10168104,8e-06,1224,A,550000,scorecard
10168107,0.089184,619,C,400000,scorecard
10168109,0.028391,631,C,400000,scorecard
10168128,1e-06,1224,A,750000,scorecard
10168131,0.028391,631,C,600000,scorecard
10168136,0.03984,646,B,600000,scorecard
10168154,0.02439,640,B,800000,scorecard
10168157,0.010601,689,A,400000,scorecard
10168168,0.004478,756,A,850000,scorecard
10168180,0.003436,754,A,500000,scorecard
10168233,0.04803,680,A,750000,scorecard
10168238,0.040554,689,A,500000,scorecard
10168243,0.012995,756,A,400000,scorecard
10168246,0.015227,690,A,650000,scorecard
10168255,0.010601,689,A,1000000,scorecard
10168262,0.075177,690,A,750000,scorecard
10168271,0.028391,631,C,450000,scorecard
10168273,0.007211,756,A,750000,scorecard
10168286,0.015279,754,A,400000,scorecard
10168290,0.022869,644,B,650000,scorecard
10168321,0.013333,676,B,600000,scorecard
10168339,0.128291,631,C,600000,scorecard
10168342,0.013333,676,B,800000,scorecard
10168347,0.021821,689,A,450000,scorecard
10168352,0.006007,756,A,750000,scorecard
10168355,2e-06,1224,A,450000,scorecard
10168364,0.007827,756,A,450000,scorecard
10168376,0.010395,690,A,500000,scorecard
10168384,0.021929,690,A,450000,scorecard
10168399,0.040864,690,A,750000,scorecard
10168400,0.034039,676,B,400000,scorecard
10168430,0.010395,690,A,450000,scorecard
10168432,0.005122,754,A,400000,scorecard
10168448,0.036458,616,C,600000,scorecard
10168455,0.046752,601,C,600000,scorecard
10168474,0.046752,601,C,400000,scorecard
10168500,0.003322,756,A,500000,scorecard
10168510,0.006129,756,A,1000000,scorecard
10168518,0.0172,690,A,800000,scorecard
10168519,0.005152,754,A,1000000,scorecard
10168524,0.007353,710,A,650000,scorecard
10168557,0.040305,676,B,450000,scorecard
10168567,0.04547,689,A,550000,scorecard
10168578,0.034565,619,C,600000,scorecard
10168585,0.028391,631,C,600000,scorecard
10168586,0.030612,627,C,600000,scorecard
10168596,0.069672,690,A,400000,scorecard
10168597,0.033287,644,B,800000,scorecard
10168624,0.035001,690,A,500000,scorecard
10168629,0.044853,689,A,1000000,scorecard
10168630,0.042962,627,C,600000,scorecard
10168636,0.028391,631,C,600000,scorecard
10168638,0.023739,644,B,800000,scorecard
10168644,0.068394,601,C,550000,scorecard
10168672,0.006365,754,A,600000,scorecard
10168699,0.06986,689,A,650000,scorecard
10168719,0.017608,690,A,450000,scorecard
10168726,0.010601,689,A,650000,scorecard
10168730,0.052231,632,C,600000,scorecard
10168741,0.004877,756,A,550000,scorecard
10168745,0.00388,756,A,400000,scorecard
10168760,0.06173,601,C,600000,scorecard
10168766,0.003322,756,A,800000,scorecard
10168769,0.046539,637,C,450000,scorecard
10168775,0.017594,680,A,500000,scorecard
10168783,0.012346,680,A,450000,scorecard
10168797,0.011705,689,A,1000000,scorecard
10168815,0.017739,690,A,800000,scorecard
10168819,0.0034,756,A,700000,scorecard
10168833,0.030612,627,C,600000,scorecard
10168842,0.09222,631,C,600000,scorecard
10168865,1e-06,1224,A,700000,scorecard
10168895,0.020963,690,A,400000,scorecard
10168897,0.049877,680,A,650000,scorecard
10168900,0.012346,680,A,950000,scorecard
10168905,0.033946,689,A,450000,scorecard
10168912,0.003967,756,A,600000,scorecard
10168953,0.011497,756,A,900000,scorecard
10168965,0.030349,637,C,600000,scorecard
10168983,0.034565,619,C,600000,scorecard
10168987,0.037901,614,C,600000,scorecard
10168990,0.028391,631,C,600000,scorecard
10168991,0.010395,690,A,500000,scorecard
10168997,0.012346,680,A,1000000,scorecard
10169004,0.006371,754,A,400000,scorecard
10169008,0.005778,754,A,500000,scorecard
10169022,0.046575,756,A,550000,scorecard
10169027,0.153931,601,C,550000,scorecard
10169063,0.083595,631,C,500000,scorecard
10169093,0.01922,690,A,650000,scorecard
10169138,0.091836,646,B,400000,scorecard
10169162,0.022869,644,B,800000,scorecard
10169164,0.02845,690,A,400000,scorecard
10169167,0.034565,619,C,500000,scorecard
10169183,0.010395,690,A,1000000,scorecard
10169187,3e-06,1224,A,650000,scorecard
10169192,0.007353,710,A,1000000,scorecard
10169237,0.008712,756,A,500000,scorecard
10169249,0.063839,601,C,550000,scorecard
10169254,0.026072,637,C,600000,scorecard
10169272,1e-06,1224,A,450000,scorecard
10169273,0.040691,644,B,550000,scorecard
10169291,0.003322,756,A,850000,scorecard
10169318,0.003436,754,A,450000,scorecard
10169340,0.006319,754,A,400000,scorecard
10169355,0.037901,614,C,600000,scorecard
10169359,0.0474,640,B,800000,scorecard
10169365,0.013333,676,B,450000,scorecard
10169367,0.010934,690,A,1000000,scorecard
10169378,0.014284,676,B,700000,scorecard
10169389,0.01945,690,A,500000,scorecard
10169397,0.098731,689,A,400000,scorecard
10169402,0.05006,631,C,600000,scorecard
10169408,0.034589,632,C,450000,scorecard
10169414,0.013014,689,A,900000,scorecard
10169422,0.010601,689,A,650000,scorecard
10169471,0.102858,644,B,400000,scorecard
10169479,0.03829,690,A,1000000,scorecard
10169490,0.090515,614,C,500000,scorecard
10169497,0.031267,631,C,600000,scorecard
10169498,0.182379,619,C,600000,scorecard
10169510,0.011636,690,A,800000,scorecard
10169551,0.021054,671,B,800000,scorecard
10169580,0.028391,631,C,450000,scorecard
10169594,0.034565,619,C,450000,scorecard
10169607,0.013108,754,A,650000,scorecard
10169617,0.028391,631,C,500000,scorecard
10169619,0.010395,690,A,850000,scorecard
10169621,0.009167,756,A,400000,scorecard
10169630,0.013277,690,A,800000,scorecard
10169631,0.034565,619,C,550000,scorecard
10169636,0.072304,631,C,500000,scorecard
10169644,0.034565,619,C,400000,scorecard
10169659,0.010395,690,A,600000,scorecard
10169667,0.022222,646,B,400000,scorecard
10169684,0.00584,754,A,450000,scorecard
10169697,0.013333,676,B,600000,scorecard
10169722,0.022222,646,B,500000,scorecard
10169723,0.003436,754,A,450000,scorecard
10169728,0.003638,754,A,600000,scorecard
10169758,0.048299,632,C,550000,scorecard
10169761,0.013333,676,B,700000,scorecard
10169779,0.003322,756,A,1000000,scorecard
10169811,0.011013,754,A,950000,scorecard
10169852,0.022222,646,B,600000,scorecard
10169858,0.017811,690,A,500000,scorecard
10169872,0.027778,632,C,600000,scorecard
10169888,0.070021,631,C,500000,scorecard
10169911,0.011049,756,A,800000,scorecard
10169929,0.047345,614,C,550000,scorecard
10169937,0.034297,690,A,600000,scorecard
10169968,0.046752,601,C,600000,scorecard
10169980,0.12209,646,B,500000,scorecard
10170019,0.013333,676,B,800000,scorecard
10170034,0.034565,619,C,600000,scorecard
10170037,0.046752,601,C,500000,scorecard
10170040,0.018758,754,A,1000000,scorecard
10170047,0.053499,690,A,1000000,scorecard
10170052,0.006371,756,A,850000,scorecard
10170056,0.046752,601,C,600000,scorecard
10170065,0.127743,601,C,500000,scorecard
10170067,0.025487,637,C,450000,scorecard
10170072,0.117412,619,C,600000,scorecard
10170073,0.003436,754,A,450000,scorecard
10170096,0.062227,690,A,400000,scorecard
10170097,0.0123,690,A,500000,scorecard
10170108,0.010601,689,A,900000,scorecard
10170120,0.005702,754,A,600000,scorecard
10170121,0.022869,644,B,450000,scorecard
10170133,0.012346,680,A,400000,scorecard
10170141,0.046752,601,C,400000,scorecard
10170150,0.053916,616,C,600000,scorecard
10170169,0.010395,690,A,400000,scorecard
10170177,0.048966,690,A,700000,scorecard
10170202,0.024944,646,B,700000,scorecard
10170223,0.064111,601,C,600000,scorecard
10170225,0.017712,756,A,700000,scorecard
10170242,0.050697,637,C,450000,scorecard
10170262,0.034565,619,C,600000,scorecard
10170311,0.017345,676,B,800000,scorecard
10170313,0.011534,754,A,450000,scorecard
10170363,0.010929,690,A,450000,scorecard
10170375,0.048696,601,C,450000,scorecard
10170391,0.07344,614,C,400000,scorecard
10170430,0.046752,601,C,500000,scorecard
10170459,0.029699,644,B,800000,scorecard
10170463,0.076801,601,C,450000,scorecard
10170468,0.006519,756,A,1000000,scorecard
10170476,0.022205,754,A,550000,scorecard
10170478,0.014184,690,A,450000,scorecard
10170480,0.087599,644,B,500000,scorecard
10170521,0.040859,689,A,400000,scorecard
10170535,0.005172,756,A,700000,scorecard
10170543,0.022869,644,B,800000,scorecard
10170549,0.022869,644,B,800000,scorecard
10170571,0.010601,689,A,400000,scorecard
10170575,0.044148,644,B,750000,scorecard
10170589,0.053025,601,C,400000,scorecard
10170591,0.14997,627,C,600000,scorecard
10170603,0.014013,690,A,550000,scorecard
10170637,0.030612,627,C,600000,scorecard
10170650,0.010395,690,A,400000,scorecard
10170661,0.038039,689,A,550000,scorecard
10170663,0.026699,676,B,400000,scorecard
10170702,0.010601,689,A,550000,scorecard
10170707,0.028391,631,C,600000,scorecard
10170712,0.007764,756,A,800000,scorecard
10170713,1e-06,1224,A,500000,scorecard
10170727,0.0121,689,A,1000000,scorecard
10170730,0.005274,754,A,1000000,scorecard
10170733,0.034565,619,C,450000,scorecard
10170741,0.010059,754,A,400000,scorecard
10170752,0.034565,619,C,500000,scorecard
10170758,0.010395,690,A,750000,scorecard
10170769,3e-06,1224,A,450000,scorecard
10170773,0.003955,756,A,700000,scorecard
10170834,0.028391,631,C,400000,scorecard
10170856,0.013333,676,B,400000,scorecard
10170883,0.034565,619,C,600000,scorecard
10170885,0.010395,690,A,550000,scorecard
10170886,0.019176,689,A,800000,scorecard
10170908,0.018133,756,A,400000,scorecard
10170924,0.027472,676,B,600000,scorecard
10170927,0.011734,690,A,750000,scorecard
10170930,3e-06,1224,A,450000,scorecard
10170931,0.007866,754,A,650000,scorecard
10170936,0.003436,754,A,500000,scorecard
10170983,0.003436,754,A,1000000,scorecard
10171010,0.01031,754,A,450000,scorecard
10171014,0.010395,690,A,550000,scorecard
10171021,0.046752,601,C,600000,scorecard
10171046,0.046752,601,C,450000,scorecard
10171086,1e-06,1224,A,900000,scorecard
10171097,0.068737,644,B,800000,scorecard
10171111,0.025343,690,A,1000000,scorecard
10171121,0.025487,637,C,600000,scorecard
10171130,0.028391,631,C,550000,scorecard
10171162,0.027627,690,A,550000,scorecard
10171165,0.06379,619,C,550000,scorecard
10171178,0.003322,756,A,400000,scorecard
10171181,0.034565,619,C,600000,scorecard
10171216,0.057384,631,C,450000,scorecard
10171228,0.010395,690,A,400000,scorecard
10171238,0.001583,801,A,800000,scorecard
10171270,0.026169,644,B,500000,scorecard
10171272,0.050428,640,B,450000,scorecard
10171283,0.058967,619,C,400000,scorecard
10171288,0.017113,680,A,600000,scorecard
10171295,0.003922,756,A,1000000,scorecard
10171321,0.028391,631,C,500000,scorecard
10171325,0.184968,601,C,400000,scorecard
10171329,0.022869,644,B,500000,scorecard
10171374,0.003322,756,A,400000,scorecard
10171401,0.036458,616,C,600000,scorecard
10171406,0.028391,631,C,550000,scorecard
10171417,0.023903,644,B,800000,scorecard
10171433,0.028453,646,B,450000,scorecard
10171445,0.003322,756,A,450000,scorecard
10171451,0.017619,690,A,750000,scorecard
10171454,0.007265,756,A,550000,scorecard
10171471,3e-06,1224,A,1000000,scorecard
10171473,0.022869,644,B,500000,scorecard
10171517,0.027778,632,C,600000,scorecard
10171523,0.111897,619,C,500000,scorecard
10171530,0.051089,614,C,600000,scorecard
10171542,0.003436,754,A,550000,scorecard
10171549,0.015884,690,A,400000,scorecard
10171551,0.022869,644,B,800000,scorecard
10171571,1e-06,1224,A,500000,scorecard
10171592,1e-06,1224,A,600000,scorecard
10171595,1e-06,1224,A,450000,scorecard
10171607,0.046752,601,C,400000,scorecard
10171609,0.020838,690,A,1000000,scorecard
10171627,0.064591,619,C,450000,scorecard
10171630,0.05301,680,A,650000,scorecard
10171636,0.003322,756,A,400000,scorecard
10171650,0.075623,632,C,450000,scorecard
10171668,0.037901,614,C,550000,scorecard
10171694,0.012705,690,A,450000,scorecard
10171705,0.003322,756,A,400000,scorecard
10171710,0.006779,754,A,650000,scorecard
10171727,0.003436,754,A,1000000,scorecard
10171742,0.032696,637,C,600000,scorecard
10171786,2e-06,1224,A,450000,scorecard
10171805,0.013333,676,B,400000,scorecard
10171817,0.097219,631,C,550000,scorecard
10171824,0.075522,646,B,500000,scorecard
10171826,0.01713,690,A,450000,scorecard
10171832,0.035694,619,C,600000,scorecard
10171847,0.029219,690,A,450000,scorecard
10171869,0.022327,676,B,400000,scorecard
10171900,0.053757,689,A,400000,scorecard
10171903,0.068302,619,C,550000,scorecard
10171910,0.034565,619,C,550000,scorecard
10171928,0.010395,690,A,500000,scorecard
10171944,0.005801,756,A,700000,scorecard
10171947,0.003436,754,A,500000,scorecard
10171951,0.02604,689,A,1000000,scorecard
10171956,0.010395,690,A,1000000,scorecard
10171957,0.013172,680,A,550000,scorecard
10171973,0.010601,689,A,1000000,scorecard
10171975,0.016977,690,A,1000000,scorecard
10171989,0.178755,579,D,400000,control
10171996,0.022869,644,B,450000,scorecard
10171999,0.003436,754,A,500000,scorecard
10172013,0.016861,754,A,400000,scorecard
10172030,0.068458,619,C,600000,scorecard
10172042,0.005544,756,A,450000,scorecard
10172067,0.014856,690,A,1000000,scorecard
10172079,0.049868,619,C,600000,scorecard
10172081,0.014493,671,B,650000,scorecard
10172104,0.003322,756,A,1000000,scorecard
10172106,0.019898,690,A,1000000,scorecard
10172117,2e-06,1224,A,550000,scorecard
10172130,0.046752,601,C,600000,scorecard
10172137,0.046752,601,C,400000,scorecard
10172138,0.017125,676,B,450000,scorecard
10172156,0.067028,646,B,400000,scorecard
10172157,0.034565,619,C,600000,scorecard
10172162,0.059547,676,B,400000,scorecard
10172189,0.003322,756,A,450000,scorecard
10172190,0.047591,631,C,600000,scorecard
10172204,0.041013,619,C,400000,scorecard
10172206,0.02534,689,A,400000,scorecard
10172235,0.133282,601,C,550000,scorecard
10172237,0.022772,689,A,500000,scorecard
10172284,0.036475,671,B,800000,scorecard
10172289,0.022222,646,B,450000,scorecard
10172300,0.017034,661,B,400000,scorecard
10172378,0.003436,754,A,700000,scorecard
10172379,0.023806,690,A,800000,scorecard
10172382,0.028711,644,B,500000,scorecard
10172385,0.003436,754,A,700000,scorecard
10172406,0.003322,756,A,850000,scorecard
10172415,0.010601,689,A,600000,scorecard
10172428,0.022869,644,B,700000,scorecard
10172437,0.011229,756,A,450000,scorecard
10172438,0.036458,616,C,400000,scorecard
10172462,0.010601,689,A,450000,scorecard
10172464,0.013333,676,B,800000,scorecard
10172470,0.022222,646,B,800000,scorecard
10172483,0.003322,756,A,900000,scorecard
10172493,0.046752,601,C,500000,scorecard
10172507,0.040031,690,A,600000,scorecard
10172532,0.036432,627,C,450000,scorecard
10172544,1e-06,1224,A,700000,scorecard
10172545,0.063948,637,C,500000,scorecard
10172548,0.047082,614,C,400000,scorecard
10172549,0.022222,646,B,500000,scorecard
10172550,0.003322,756,A,850000,scorecard
10172556,0.061284,637,C,550000,scorecard
10172559,0.046465,690,A,400000,scorecard
10172560,0.094413,601,C,400000,scorecard
10172577,0.078066,631,C,450000,scorecard
10172586,0.01235,689,A,800000,scorecard
10172614,0.012346,680,A,500000,scorecard
10172617,0.011531,756,A,550000,scorecard
10172641,0.034565,619,C,600000,scorecard
10172685,1e-06,1224,A,700000,scorecard
10172717,0.022621,671,B,650000,scorecard
10172732,0.068348,601,C,600000,scorecard
10172735,0.025487,637,C,550000,scorecard
10172736,0.013333,676,B,400000,scorecard
10172748,0.015784,676,B,450000,scorecard
10172761,1e-06,1224,A,650000,scorecard
10172797,0.034565,619,C,600000,scorecard
10172806,0.003322,756,A,900000,scorecard
10172816,0.06114,632,C,600000,scorecard
10172818,0.123384,619,C,400000,scorecard
10172819,0.010601,689,A,650000,scorecard
10172823,0.037901,614,C,400000,scorecard
10172824,0.120171,601,C,500000,scorecard
10172879,0.021095,680,A,500000,scorecard
10172883,0.003322,756,A,850000,scorecard
10172887,0.043596,644,B,550000,scorecard
10172897,0.034565,619,C,400000,scorecard
10172925,0.0666,646,B,500000,scorecard
10173025,0.015468,689,A,600000,scorecard
10173032,0.013189,690,A,700000,scorecard
10173060,0.010601,689,A,700000,scorecard
10173071,0.12748,619,C,400000,scorecard
10173095,0.004249,754,A,650000,scorecard
10173096,0.010395,690,A,450000,scorecard
10173116,0.003436,754,A,450000,scorecard
10173120,0.013333,676,B,600000,scorecard
10173138,0.053981,637,C,400000,scorecard
10173153,0.003436,754,A,750000,scorecard
10173158,0.177806,631,C,450000,scorecard
10173161,0.039571,619,C,450000,scorecard
10173174,0.037901,614,C,450000,scorecard
10173194,0.037657,614,C,600000,scorecard
10173195,0.059718,614,C,600000,scorecard
10173229,0.046752,601,C,400000,scorecard
10173245,0.077572,644,B,650000,scorecard
10173253,0.036458,616,C,450000,scorecard
10173267,0.087298,619,C,400000,scorecard
10173274,0.076404,601,C,550000,scorecard
10173284,0.006493,756,A,450000,scorecard
10173292,0.052052,680,A,1000000,scorecard
10173294,0.006836,754,A,450000,scorecard
10173295,0.00608,754,A,800000,scorecard
10173298,0.01346,680,A,450000,scorecard
10173301,0.041241,619,C,550000,scorecard
10173323,0.034565,619,C,450000,scorecard
10173329,0.037226,632,C,450000,scorecard
10173335,0.026558,676,B,400000,scorecard
10173338,0.020111,680,A,600000,scorecard
10173352,0.003322,756,A,1000000,scorecard
10173353,0.003896,754,A,500000,scorecard
10173363,0.054092,689,A,1000000,scorecard
10173384,0.077686,614,C,600000,scorecard
10173387,0.006454,718,A,1000000,scorecard
10173439,0.008315,756,A,1000000,scorecard
10173496,0.01288,690,A,500000,scorecard
10173497,0.032171,631,C,600000,scorecard
10173514,0.019468,754,A,400000,scorecard
10173538,0.005643,754,A,400000,scorecard
10173542,0.003322,756,A,700000,scorecard
10173574,0.00377,756,A,1000000,scorecard
10173578,0.082928,601,C,400000,scorecard
10173607,0.023767,646,B,550000,scorecard
10173621,0.022222,646,B,550000,scorecard
10173644,0.019895,689,A,500000,scorecard
10173653,5e-06,1224,A,500000,scorecard
10173655,0.034565,619,C,600000,scorecard
10173667,0.008292,756,A,1000000,scorecard
10173670,0.010395,690,A,550000,scorecard
10173686,1e-06,1224,A,550000,scorecard
10173691,0.028391,631,C,600000,scorecard
10173707,0.022222,646,B,750000,scorecard
10173711,0.075266,637,C,400000,scorecard
10173769,0.05233,632,C,600000,scorecard
10173789,0.030612,627,C,450000,scorecard
10173818,0.004646,756,A,450000,scorecard
10173879,0.056911,690,A,750000,scorecard
10173882,0.037901,614,C,600000,scorecard
10173925,0.037888,676,B,400000,scorecard
10173975,0.046752,601,C,400000,scorecard
10174017,0.003322,756,A,500000,scorecard
10174030,0.152049,632,C,500000,scorecard
10174031,0.051244,689,A,500000,scorecard
10174034,0.010395,690,A,1000000,scorecard
10174037,0.008832,756,A,1000000,scorecard
10174046,0.015395,754,A,1000000,scorecard
10174056,0.032258,680,A,400000,scorecard
10174084,0.057928,644,B,750000,scorecard
10174090,0.030048,646,B,750000,scorecard
10174095,0.072451,644,B,550000,scorecard
10174113,0.046752,601,C,600000,scorecard
10174120,0.003436,754,A,1000000,scorecard
10174194,0.041756,689,A,700000,scorecard
10174243,0.028391,631,C,500000,scorecard
10174266,0.022222,646,B,400000,scorecard
10174269,0.013333,676,B,800000,scorecard
10174306,0.00802,754,A,400000,scorecard
10174323,0.010601,689,A,1000000,scorecard
10174339,0.034565,619,C,400000,scorecard
10174353,0.080639,619,C,600000,scorecard
10174402,0.025487,637,C,600000,scorecard
10174428,0.034565,619,C,600000,scorecard
10174471,0.003436,754,A,600000,scorecard
10174491,0.046442,637,C,600000,scorecard
10174507,0.048022,644,B,800000,scorecard
10174516,0.033098,689,A,450000,scorecard
10174524,0.003322,756,A,450000,scorecard
10174530,0.004391,756,A,1000000,scorecard
10174554,0.007353,710,A,1000000,scorecard
10174574,0.203573,601,C,600000,scorecard
10174578,0.014493,671,B,400000,scorecard
10174588,0.028391,631,C,400000,scorecard
10174620,0.023997,689,A,400000,scorecard
10174632,0.027703,637,C,600000,scorecard
10174670,0.003322,756,A,450000,scorecard
10174674,0.00459,756,A,750000,scorecard
10174694,0.010601,689,A,950000,scorecard
10174698,0.012003,756,A,400000,scorecard
10174717,2e-06,1224,A,1000000,scorecard
10174722,0.046752,601,C,600000,scorecard
10174733,0.030486,637,C,600000,scorecard
10174735,0.035337,689,A,600000,scorecard
10174737,0.052084,689,A,400000,scorecard
10174740,0.035957,676,B,600000,scorecard
10174760,0.022869,644,B,800000,scorecard
10174769,0.02439,640,B,500000,scorecard
10174771,0.034565,619,C,400000,scorecard
10174774,0.030555,646,B,500000,scorecard
10174780,0.034565,619,C,400000,scorecard
10174816,1e-06,1224,A,1000000,scorecard
10174824,0.01133,689,A,400000,scorecard
10174838,0.106834,619,C,600000,scorecard
10174855,4e-06,1224,A,400000,scorecard
10174858,0.010395,690,A,600000,scorecard
10174878,0.011571,689,A,500000,scorecard
10174884,0.048653,637,C,600000,scorecard
10174894,0.011001,756,A,450000,scorecard
10174936,0.005602,756,A,650000,scorecard
10174943,0.046752,601,C,600000,scorecard
10174961,0.034565,619,C,550000,scorecard
10174972,0.029629,646,B,550000,scorecard
10174973,0.067885,644,B,800000,scorecard
10174983,0.025487,637,C,550000,scorecard
10174986,0.084757,646,B,600000,scorecard
10175003,0.061035,644,B,550000,scorecard
10175006,0.046752,601,C,600000,scorecard
10175038,0.028391,631,C,400000,scorecard
10175039,0.034565,619,C,450000,scorecard
10175042,0.097477,601,C,600000,scorecard
10175045,0.073673,676,B,400000,scorecard
10175048,0.003521,754,A,550000,scorecard
10175058,0.015983,690,A,500000,scorecard
10175062,0.033519,631,C,500000,scorecard
10175074,0.003322,756,A,1000000,scorecard
10175078,0.02879,689,A,650000,scorecard
10175083,0.01079,690,A,950000,scorecard
10175085,0.05281,614,C,450000,scorecard
10175090,0.050291,627,C,600000,scorecard
10175114,0.012824,690,A,400000,scorecard
10175122,0.027425,644,B,650000,scorecard
10175126,0.012346,680,A,450000,scorecard
10175133,0.083787,676,B,550000,scorecard
10175141,0.027312,690,A,400000,scorecard
10175151,0.058447,671,B,800000,scorecard
10175163,0.010395,690,A,550000,scorecard
10175170,0.066723,579,D,400000,control
10175213,0.003322,756,A,750000,scorecard
10175215,0.044034,619,C,500000,scorecard
10175221,0.003534,754,A,850000,scorecard
10175222,0.046666,644,B,400000,scorecard
10175247,0.003436,754,A,1000000,scorecard
10175267,0.028391,631,C,600000,scorecard
10175278,0.010395,690,A,550000,scorecard
10175287,1e-06,1224,A,1000000,scorecard
10175290,0.036351,756,A,800000,scorecard
10175299,0.033097,646,B,450000,scorecard
10175300,0.010601,689,A,650000,scorecard
10175316,0.030612,627,C,600000,scorecard
10175321,0.010601,689,A,450000,scorecard
10175333,0.003436,754,A,500000,scorecard
10175342,0.185063,619,C,500000,scorecard
10175363,0.010395,690,A,1000000,scorecard
10175364,0.009724,756,A,400000,scorecard
10175379,0.011257,754,A,550000,scorecard
10175380,0.022222,646,B,400000,scorecard
10175382,0.045918,646,B,600000,scorecard
10175404,0.003322,756,A,1000000,scorecard
10175422,0.034565,619,C,600000,scorecard
10175426,0.046752,601,C,600000,scorecard
10175443,0.036458,616,C,600000,scorecard
10175451,0.022869,644,B,450000,scorecard
10175453,0.028594,689,A,1000000,scorecard
10175471,0.030612,627,C,550000,scorecard
10175472,0.007353,710,A,500000,scorecard
10175485,1e-06,1224,A,500000,scorecard
10175496,0.030705,754,A,500000,scorecard
10175515,0.050716,689,A,950000,scorecard
10175538,2e-06,1224,A,1000000,scorecard
10175543,0.066173,671,B,800000,scorecard
10175571,0.010601,689,A,600000,scorecard
10175574,0.004575,754,A,600000,scorecard
10175585,0.031923,631,C,600000,scorecard
10175590,0.080761,619,C,400000,scorecard
10175593,1e-06,1224,A,700000,scorecard
10175596,0.098046,644,B,550000,scorecard
10175605,0.027778,632,C,600000,scorecard
10175610,0.046752,601,C,600000,scorecard
10175628,0.028391,631,C,400000,scorecard
10175640,0.019362,689,A,750000,scorecard
10175641,0.036835,646,B,400000,scorecard
10175660,0.003436,754,A,500000,scorecard
10175670,0.039339,619,C,400000,scorecard
10175677,0.025487,637,C,600000,scorecard
10175682,0.035932,689,A,400000,scorecard
10175698,0.010395,690,A,400000,scorecard
10175738,0.034565,619,C,450000,scorecard
10175743,0.013333,676,B,800000,scorecard
10175776,0.010395,690,A,650000,scorecard
10175802,0.089762,631,C,600000,scorecard
10175812,0.003441,754,A,600000,scorecard
10175813,0.028391,631,C,600000,scorecard
10175824,0.060812,676,B,600000,scorecard
10175845,0.022222,646,B,500000,scorecard
10175864,0.037901,614,C,500000,scorecard
10175879,0.146332,644,B,400000,scorecard
10175893,0.025487,637,C,550000,scorecard
10175909,0.046334,614,C,450000,scorecard
10175916,0.046752,601,C,600000,scorecard
10175947,0.02745,644,B,600000,scorecard
10175958,0.040179,627,C,400000,scorecard
10175965,0.130881,619,C,400000,scorecard
10175968,0.043379,644,B,450000,scorecard
10175971,0.016702,680,A,400000,scorecard
10175984,0.046752,601,C,450000,scorecard
10176045,0.044275,619,C,400000,scorecard
10176047,0.005353,756,A,600000,scorecard
10176065,0.046752,601,C,450000,scorecard
10176082,0.046752,601,C,600000,scorecard
10176103,0.02013,690,A,800000,scorecard
10176114,0.026085,644,B,800000,scorecard
10176127,2e-06,1224,A,1000000,scorecard
10176131,0.056382,601,C,600000,scorecard
10176141,0.049284,601,C,600000,scorecard
10176172,0.003322,756,A,650000,scorecard
10176234,0.010601,689,A,1000000,scorecard
10176239,0.003436,754,A,1000000,scorecard
10176247,0.112681,619,C,450000,scorecard
10176280,0.003386,756,A,850000,scorecard
10176296,0.046752,601,C,600000,scorecard
10176303,0.017772,676,B,800000,scorecard
10176309,0.006819,754,A,500000,scorecard
10176345,0.049318,690,A,450000,scorecard
10176356,0.003322,756,A,650000,scorecard
10176367,0.124386,619,C,550000,scorecard
10176396,0.034565,619,C,450000,scorecard
10176399,0.004285,754,A,650000,scorecard
10176437,0.028995,632,C,400000,scorecard
10176442,0.034565,619,C,600000,scorecard
10176451,0.011326,689,A,400000,scorecard
10176469,0.036458,616,C,550000,scorecard
10176495,0.036007,619,C,550000,scorecard
10176511,0.027793,756,A,450000,scorecard
10176531,0.00386,756,A,1000000,scorecard
10176544,1e-06,1224,A,1000000,scorecard
10176546,0.047214,644,B,550000,scorecard
10176558,0.012346,680,A,950000,scorecard
10176576,0.016931,689,A,400000,scorecard
10176580,1e-06,1224,A,1000000,scorecard
10176601,0.016982,756,A,500000,scorecard
10176613,0.010395,690,A,600000,scorecard
10176623,0.03829,637,C,400000,scorecard
10176645,0.10976,680,A,800000,scorecard
10176652,0.004638,754,A,1000000,scorecard
10176661,0.022222,646,B,600000,scorecard
10176695,0.010601,689,A,1000000,scorecard
10176714,0.020652,754,A,400000,scorecard
10176718,1e-06,1224,A,800000,scorecard
10176736,0.057706,601,C,550000,scorecard
10176775,0.064475,619,C,450000,scorecard
10176801,0.005466,756,A,450000,scorecard
10176804,0.037657,614,C,500000,scorecard
10176822,0.02439,640,B,450000,scorecard
10176826,0.081199,619,C,450000,scorecard
10176829,0.009329,754,A,450000,scorecard
10176831,0.090958,644,B,450000,scorecard
10176845,0.013333,676,B,800000,scorecard
10176859,0.031711,631,C,600000,scorecard
10176921,0.034565,619,C,400000,scorecard
10176964,0.014493,671,B,600000,scorecard
10176965,0.032867,627,C,600000,scorecard
10176968,0.018989,689,A,500000,scorecard
10176976,1e-06,1224,A,1000000,scorecard
10176978,0.024017,644,B,500000,scorecard
10176991,0.016406,690,A,950000,scorecard
10177041,0.03191,676,B,450000,scorecard
10177059,0.037815,619,C,600000,scorecard
10177083,0.01872,690,A,450000,scorecard
10177103,0.020892,690,A,800000,scorecard
10177115,0.022222,646,B,400000,scorecard
10177117,0.010395,690,A,1000000,scorecard
10177128,1e-06,1224,A,550000,scorecard
10177131,0.028391,631,C,550000,scorecard
10177133,0.062035,614,C,600000,scorecard
10177156,0.005617,756,A,850000,scorecard
10177184,0.018103,689,A,650000,scorecard
10177198,0.013333,676,B,800000,scorecard
10177236,0.032768,627,C,600000,scorecard
10177245,0.010395,690,A,500000,scorecard
10177267,0.016466,754,A,1000000,scorecard
10177291,0.003891,756,A,900000,scorecard
10177306,0.012346,680,A,400000,scorecard
10177317,0.010601,689,A,550000,scorecard
10177330,0.003436,754,A,450000,scorecard
10177352,0.028391,631,C,600000,scorecard
10177353,0.046752,601,C,450000,scorecard
10177387,0.003436,754,A,1000000,scorecard
10177395,0.017182,689,A,650000,scorecard
10177398,0.004874,756,A,400000,scorecard
10177399,0.046752,601,C,600000,scorecard
10177400,0.040341,619,C,500000,scorecard
10177405,0.003322,756,A,800000,scorecard
10177419,0.059716,680,A,700000,scorecard
10177432,0.02439,640,B,400000,scorecard
10177466,0.005532,756,A,550000,scorecard
10177471,0.076372,689,A,800000,scorecard
10177474,0.042781,619,C,450000,scorecard
10177518,0.003508,756,A,500000,scorecard
10177552,0.071441,619,C,400000,scorecard
10177567,0.022222,646,B,450000,scorecard
10177568,1e-06,1224,A,550000,scorecard
10177569,2e-06,1224,A,550000,scorecard
10177579,0.003322,756,A,650000,scorecard
10177586,0.013915,754,A,500000,scorecard
10177587,0.008455,756,A,600000,scorecard
10177608,0.034565,619,C,500000,scorecard
10177628,0.003436,754,A,500000,scorecard
10177632,0.007615,754,A,450000,scorecard
10177671,0.010601,689,A,600000,scorecard
10177672,0.044623,619,C,550000,scorecard
10177684,0.006539,754,A,450000,scorecard
10177704,0.055067,601,C,500000,scorecard
10177708,0.039134,690,A,700000,scorecard
10177713,0.021027,680,A,550000,scorecard
10177757,0.028391,631,C,600000,scorecard
10177803,0.00661,754,A,900000,scorecard
10177805,0.067758,644,B,650000,scorecard
10177829,0.055155,619,C,400000,scorecard
10177838,0.010601,689,A,500000,scorecard
10177841,0.109893,689,A,500000,scorecard
10177848,0.034565,619,C,600000,scorecard
10177856,0.003322,756,A,700000,scorecard
10177858,0.012586,690,A,400000,scorecard
10177886,0.013333,676,B,800000,scorecard
10177927,0.033439,632,C,400000,scorecard
10177936,0.034565,619,C,400000,scorecard
10177946,0.003322,756,A,450000,scorecard
10177955,0.017482,756,A,550000,scorecard
10177959,3e-06,1224,A,400000,scorecard
10177962,0.039727,690,A,400000,scorecard
10177991,0.065319,601,C,600000,scorecard
10177993,0.022869,644,B,750000,scorecard
10177996,0.026215,680,A,600000,scorecard
10178026,0.029244,671,B,800000,scorecard
10178027,0.125527,690,A,700000,scorecard
10178035,0.010395,690,A,950000,scorecard
10178049,0.025582,680,A,450000,scorecard
10178079,0.010395,690,A,450000,scorecard
10178090,0.007209,756,A,650000,scorecard
10178091,0.012346,680,A,800000,scorecard
10178093,0.014898,690,A,400000,scorecard
10178096,0.029397,646,B,450000,scorecard
10178098,0.028391,631,C,400000,scorecard
10178112,0.010927,756,A,450000,scorecard
10178122,0.053263,631,C,450000,scorecard
10178127,1e-06,1224,A,1000000,scorecard
10178159,0.091513,619,C,400000,scorecard
10178172,0.027778,632,C,450000,scorecard
10178180,0.003436,754,A,1000000,scorecard
10178187,0.042963,646,B,650000,scorecard
10178218,0.061317,646,B,800000,scorecard
10178219,0.010395,690,A,800000,scorecard
10178220,0.016095,680,A,800000,scorecard
10178294,0.029826,631,C,450000,scorecard
10178318,0.010395,690,A,700000,scorecard
10178329,0.052611,689,A,650000,scorecard
10178350,0.08541,637,C,400000,scorecard
10178369,0.016172,756,A,950000,scorecard
10178370,0.003322,756,A,1000000,scorecard
10178381,0.02439,640,B,800000,scorecard
10178388,0.079098,601,C,600000,scorecard
10178391,0.030612,627,C,550000,scorecard
10178407,0.047543,646,B,650000,scorecard
10178411,0.069852,619,C,600000,scorecard
10178414,0.022222,646,B,800000,scorecard
10178427,0.026761,754,A,400000,scorecard
10178457,0.022222,646,B,750000,scorecard
10178466,0.028928,676,B,550000,scorecard
10178471,0.035146,619,C,400000,scorecard
10178479,0.028391,631,C,550000,scorecard
10178481,0.012346,680,A,850000,scorecard
10178483,0.046752,601,C,450000,scorecard
10178498,0.013333,676,B,650000,scorecard
10178520,0.007353,710,A,600000,scorecard
10178523,0.04176,690,A,1000000,scorecard
10178529,0.055111,601,C,500000,scorecard
10178549,0.011872,689,A,600000,scorecard
10178550,0.003322,756,A,1000000,scorecard
10178566,0.025487,637,C,600000,scorecard
10178568,0.016928,710,A,800000,scorecard
10178572,0.010395,690,A,1000000,scorecard
10178574,1e-06,1224,A,700000,scorecard
10178578,0.041099,690,A,600000,scorecard
10178591,0.006464,754,A,400000,scorecard
10178596,0.025545,690,A,450000,scorecard
10178599,0.007339,754,A,750000,scorecard
10178625,0.025487,637,C,400000,scorecard
10178627,0.006495,754,A,650000,scorecard
10178698,0.013922,756,A,600000,scorecard
10178713,0.025143,680,A,550000,scorecard
10178718,0.058958,601,C,400000,scorecard
10178731,0.006203,756,A,500000,scorecard
10178741,0.043754,689,A,400000,scorecard
10178746,0.012868,690,A,450000,scorecard
10178760,0.013333,676,B,600000,scorecard
10178767,0.007353,710,A,550000,scorecard
10178777,0.012346,680,A,450000,scorecard
10178804,0.010395,690,A,1000000,scorecard
10178811,0.033123,689,A,450000,scorecard
10178830,0.137355,619,C,400000,scorecard
10178850,0.094803,631,C,500000,scorecard
10178854,0.010395,690,A,1000000,scorecard
10178855,0.010601,689,A,1000000,scorecard
10178857,0.006981,756,A,400000,scorecard
10178870,0.030612,627,C,400000,scorecard
10178871,0.079671,601,C,400000,scorecard
10178875,0.061964,690,A,450000,scorecard
10178899,0.027886,754,A,450000,scorecard
10178902,0.022558,676,B,400000,scorecard
10178922,0.02439,640,B,500000,scorecard
10178931,0.003929,754,A,400000,scorecard
10178935,0.003436,754,A,400000,scorecard
10178940,0.037657,614,C,600000,scorecard
10178941,0.034565,619,C,400000,scorecard
10178966,0.170963,601,C,450000,scorecard
10178982,0.012346,680,A,450000,scorecard
10179001,0.024192,690,A,1000000,scorecard
10179002,0.011574,689,A,900000,scorecard
10179005,0.003436,754,A,400000,scorecard
10179007,0.011202,754,A,600000,scorecard
10179009,0.103646,619,C,600000,scorecard
10179015,0.096666,671,B,400000,scorecard
10179044,0.020066,690,A,400000,scorecard
10179111,0.012346,680,A,550000,scorecard
10179112,0.037604,646,B,400000,scorecard
10179116,0.010395,690,A,1000000,scorecard
10179185,0.003322,756,A,1000000,scorecard
10179214,0.073503,619,C,400000,scorecard
10179223,0.028391,631,C,450000,scorecard
10179225,0.139706,632,C,400000,scorecard
10179232,0.014493,671,B,400000,scorecard
10179266,0.016931,690,A,1000000,scorecard
10179283,0.007574,754,A,1000000,scorecard
10179292,0.075168,646,B,500000,scorecard
10179311,0.00641,754,A,400000,scorecard
10179331,0.013333,676,B,500000,scorecard
10179333,0.036458,616,C,400000,scorecard
10179339,0.167465,637,C,500000,scorecard
10179380,0.074267,631,C,400000,scorecard
10179385,0.00571,756,A,1000000,scorecard
10179405,0.007353,710,A,950000,scorecard
10179408,0.003436,754,A,1000000,scorecard
10179423,0.010395,690,A,400000,scorecard
10179440,0.011538,756,A,400000,scorecard
10179460,0.03167,640,B,400000,scorecard
10179486,0.030612,627,C,500000,scorecard
10179509,0.014214,756,A,1000000,scorecard
10179511,0.117376,619,C,450000,scorecard
10179516,0.019157,680,A,500000,scorecard
10179522,0.003436,754,A,500000,scorecard
10179530,0.033976,689,A,1000000,scorecard
10179554,0.003322,756,A,1000000,scorecard
10179561,0.025487,637,C,400000,scorecard
10179567,0.069254,632,C,600000,scorecard
10179571,0.02809,644,B,800000,scorecard
10179613,0.014504,680,A,650000,scorecard
10179616,0.019116,756,A,500000,scorecard
10179617,0.012346,680,A,450000,scorecard
10179622,0.014493,671,B,600000,scorecard
10179630,0.032071,632,C,400000,scorecard
10179642,0.023985,756,A,400000,scorecard
10179646,0.011345,690,A,400000,scorecard
10179647,0.034565,619,C,600000,scorecard
10179659,0.005576,756,A,900000,scorecard
10179683,0.022185,689,A,800000,scorecard
10179707,0.028391,631,C,600000,scorecard
10179713,1e-06,1224,A,1000000,scorecard
10179731,0.003713,756,A,1000000,scorecard
10179745,0.010601,689,A,500000,scorecard
10179787,0.030612,627,C,400000,scorecard
10179790,0.034565,619,C,500000,scorecard
10179817,0.0718,644,B,400000,scorecard
10179828,0.010601,689,A,700000,scorecard
10179862,0.01543,756,A,1000000,scorecard
10179865,0.027778,632,C,400000,scorecard
10179873,0.03603,689,A,700000,scorecard
10179877,0.036458,616,C,450000,scorecard
10179882,0.023182,690,A,450000,scorecard
10179885,0.030612,627,C,400000,scorecard
10179887,0.003322,756,A,1000000,scorecard
10179915,0.046752,601,C,600000,scorecard
10179918,0.003436,754,A,400000,scorecard
10179922,0.003436,754,A,500000,scorecard
10179941,0.02944,646,B,550000,scorecard
10179972,0.010395,690,A,1000000,scorecard
10179985,0.067657,646,B,700000,scorecard
10179988,0.030678,689,A,600000,scorecard
10179990,0.003436,754,A,650000,scorecard
10180002,0.003436,754,A,700000,scorecard
10180022,0.046752,601,C,600000,scorecard
10180027,0.036458,616,C,600000,scorecard
10180031,0.04813,689,A,800000,scorecard
10180034,0.025487,637,C,450000,scorecard
10180052,0.028391,631,C,400000,scorecard
10180057,0.096744,619,C,600000,scorecard
10180059,0.003322,756,A,450000,scorecard
10180064,0.022869,644,B,800000,scorecard
10180082,0.010944,690,A,500000,scorecard
10180085,0.034565,619,C,600000,scorecard
10180087,0.005624,756,A,1000000,scorecard
10180114,0.005921,754,A,750000,scorecard
10180188,0.208608,619,C,400000,scorecard
10180189,0.030612,627,C,600000,scorecard
10180198,0.003436,754,A,600000,scorecard
10180201,0.022869,644,B,500000,scorecard
10180229,0.011106,690,A,600000,scorecard
10180256,0.010395,690,A,750000,scorecard
10180264,0.029839,644,B,750000,scorecard
10180308,0.003322,756,A,1000000,scorecard
10180318,0.034565,619,C,600000,scorecard
10180339,0.01488,756,A,1000000,scorecard
10180359,0.003436,754,A,500000,scorecard
10180418,0.034565,619,C,400000,scorecard
10180438,0.010395,690,A,1000000,scorecard
10180475,0.026831,637,C,400000,scorecard
10180496,0.003436,754,A,900000,scorecard
10180505,0.096881,619,C,400000,scorecard
10180572,0.07171,601,C,600000,scorecard
10180583,0.046752,601,C,600000,scorecard
10180619,3e-06,1224,A,550000,scorecard
10180643,0.037981,632,C,400000,scorecard
10180646,0.028391,631,C,600000,scorecard
10180678,0.023657,644,B,400000,scorecard
10180699,0.164348,616,C,550000,scorecard
10180702,0.028391,631,C,550000,scorecard
10180750,0.061839,631,C,600000,scorecard
10180755,0.024832,639,C,550000,scorecard
10180758,0.030612,627,C,600000,scorecard
10180769,0.019056,690,A,500000,scorecard
10180776,0.032853,690,A,400000,scorecard
10180778,6e-06,1224,A,450000,scorecard
10180781,0.034565,619,C,500000,scorecard
10180794,0.034565,619,C,400000,scorecard
10180801,0.043757,671,B,500000,scorecard
10180804,0.084447,601,C,500000,scorecard
10180812,0.028391,631,C,600000,scorecard
10180842,0.110955,619,C,450000,scorecard
10180860,0.022869,644,B,700000,scorecard
10180863,0.034565,619,C,600000,scorecard
10180874,0.010622,689,A,400000,scorecard
10180887,0.015459,690,A,600000,scorecard
10180923,0.022869,644,B,800000,scorecard
10180982,6e-06,1224,A,400000,scorecard
10181022,0.028391,631,C,450000,scorecard
10181036,0.046752,601,C,400000,scorecard
10181041,0.032791,631,C,400000,scorecard
10181054,0.046752,601,C,600000,scorecard
10181070,0.103744,619,C,600000,scorecard
10181089,0.028391,631,C,400000,scorecard
10181113,0.017421,689,A,500000,scorecard
10181140,0.034565,619,C,400000,scorecard
10181155,0.010395,690,A,700000,scorecard
10181167,0.055483,619,C,450000,scorecard
10181184,0.088716,680,A,1000000,scorecard
10181196,0.011255,754,A,550000,scorecard
10181228,0.028391,631,C,500000,scorecard
10181243,0.037917,619,C,400000,scorecard
10181257,0.017567,690,A,650000,scorecard
10181278,0.022222,646,B,450000,scorecard
10181279,0.016383,756,A,700000,scorecard
10181280,0.034565,619,C,550000,scorecard
10181319,0.028391,631,C,400000,scorecard
10181330,0.055567,689,A,1000000,scorecard
10181353,0.005391,754,A,900000,scorecard
10181354,0.003322,756,A,550000,scorecard
10181376,0.003334,756,A,400000,scorecard
10181392,0.025296,644,B,650000,scorecard
10181397,0.103375,552,E,400000,control
10181398,0.121808,644,B,800000,scorecard
10181399,0.013333,676,B,800000,scorecard
10181400,0.030377,637,C,400000,scorecard
10181419,0.059596,601,C,550000,scorecard
10181422,0.129415,637,C,550000,scorecard
10181447,0.038085,646,B,800000,scorecard
10181451,0.004287,756,A,400000,scorecard
10181455,0.046752,601,C,450000,scorecard
10181497,0.040161,619,C,500000,scorecard
10181509,0.159916,601,C,600000,scorecard
10181533,0.012346,680,A,600000,scorecard
10181536,2e-06,1224,A,1000000,scorecard
10181542,0.039077,690,A,1000000,scorecard
10181544,0.054153,676,B,500000,scorecard
10181545,0.10807,627,C,450000,scorecard
10181549,0.010395,690,A,850000,scorecard
10181553,0.007353,710,A,400000,scorecard
10181561,0.022869,644,B,450000,scorecard
10181571,0.055742,644,B,650000,scorecard
10181588,0.022222,646,B,400000,scorecard
10181592,0.181205,601,C,400000,scorecard
10181603,0.014185,689,A,400000,scorecard
10181612,0.047653,689,A,1000000,scorecard
10181635,0.011098,689,A,1000000,scorecard
10181639,0.029754,631,C,450000,scorecard
10181641,0.013413,676,B,450000,scorecard
10181653,0.01851,689,A,1000000,scorecard
10181676,0.043586,619,C,400000,scorecard
10181680,0.014222,690,A,550000,scorecard
10181688,0.003322,756,A,800000,scorecard
10181702,0.109413,601,C,500000,scorecard
10181705,0.003367,756,A,1000000,scorecard
10181722,0.020734,690,A,400000,scorecard
10181731,0.005714,754,A,500000,scorecard
10181763,0.021573,671,B,450000,scorecard
10181768,0.06467,646,B,600000,scorecard
10181772,0.006571,754,A,450000,scorecard
10181861,0.003452,756,A,750000,scorecard
10181866,0.021671,689,A,650000,scorecard
10181878,0.014598,676,B,650000,scorecard
10181884,0.015431,680,A,1000000,scorecard
10181907,0.010395,690,A,400000,scorecard
10181914,0.003436,754,A,400000,scorecard
10181915,0.102311,619,C,600000,scorecard
10181916,0.040084,619,C,600000,scorecard
10181939,0.014493,671,B,400000,scorecard
10181949,0.028391,631,C,450000,scorecard
10182014,0.009225,710,A,650000,scorecard
10182026,0.159893,631,C,500000,scorecard
10182030,0.022222,646,B,400000,scorecard
10182045,0.029887,644,B,800000,scorecard
10182050,0.007353,710,A,500000,scorecard
10182054,0.067379,671,B,400000,scorecard
10182055,0.007353,710,A,450000,scorecard
10182085,0.015232,671,B,400000,scorecard
10182093,0.046752,601,C,600000,scorecard
10182106,0.010601,689,A,450000,scorecard
10182116,0.01355,680,A,700000,scorecard
10182132,0.022869,644,B,700000,scorecard
10182137,0.022222,646,B,800000,scorecard
10182140,0.127467,619,C,600000,scorecard
10182145,0.066723,579,D,400000,control
10182157,0.013333,676,B,800000,scorecard
10182169,0.125668,601,C,450000,scorecard
10182177,0.0093,756,A,450000,scorecard
10182190,0.053375,619,C,600000,scorecard
10182201,0.003436,754,A,400000,scorecard
10182216,0.146931,646,B,400000,scorecard
10182219,0.067115,601,C,400000,scorecard
10182224,0.007353,710,A,500000,scorecard
10182236,0.042939,689,A,850000,scorecard
10182245,1e-06,1224,A,650000,scorecard
10182253,0.003322,756,A,1000000,scorecard
10182301,0.05396,646,B,550000,scorecard
10182321,0.025487,637,C,550000,scorecard
10182327,0.004569,756,A,500000,scorecard
10182352,0.010601,689,A,1000000,scorecard
10182372,0.007353,710,A,1000000,scorecard
10182387,0.034565,619,C,600000,scorecard
10182390,0.022869,644,B,400000,scorecard
10182392,1e-06,1224,A,550000,scorecard
10182435,0.028391,631,C,600000,scorecard
10182488,0.045124,690,A,750000,scorecard
10182500,0.0299,680,A,400000,scorecard
10182502,0.046752,601,C,600000,scorecard
10182503,0.060376,644,B,500000,scorecard
10182519,0.006292,789,A,550000,scorecard
10182522,0.046752,601,C,600000,scorecard
10182542,0.010601,689,A,850000,scorecard
10182586,0.003436,754,A,1000000,scorecard
10182590,0.034565,619,C,600000,scorecard
10182591,3e-06,1224,A,450000,scorecard
10182613,0.003594,754,A,400000,scorecard
10182654,0.037602,619,C,600000,scorecard
10182663,0.015737,690,A,750000,scorecard
10182671,0.009555,756,A,1000000,scorecard
10182689,0.046531,690,A,400000,scorecard
10182697,0.03891,644,B,400000,scorecard
10182712,0.016546,680,A,450000,scorecard
10182722,0.022869,644,B,800000,scorecard
10182724,0.022724,690,A,500000,scorecard
10182726,0.022222,646,B,500000,scorecard
10182743,0.005364,756,A,550000,scorecard
10182766,0.008537,754,A,1000000,scorecard
10182787,0.034565,619,C,400000,scorecard
10182793,0.035781,690,A,450000,scorecard
10182832,0.004233,750,A,750000,scorecard
10182834,0.02439,640,B,500000,scorecard
10182847,0.148104,601,C,450000,scorecard
10182858,0.122405,632,C,600000,scorecard
10182863,0.034565,619,C,600000,scorecard
10182870,0.07385,689,A,1000000,scorecard
10182878,0.010601,689,A,450000,scorecard
10182891,0.019697,689,A,550000,scorecard
10182897,0.046752,601,C,600000,scorecard
10182910,0.022222,646,B,500000,scorecard
10182927,0.050721,637,C,600000,scorecard
10182938,0.007353,710,A,450000,scorecard
10182941,0.034565,619,C,450000,scorecard
10182948,0.003436,754,A,700000,scorecard
10182950,0.022222,646,B,700000,scorecard
10182972,0.003436,754,A,850000,scorecard
10182979,0.055721,631,C,600000,scorecard
10183005,0.013333,676,B,500000,scorecard
10183011,0.022222,646,B,800000,scorecard
10183029,0.055619,689,A,550000,scorecard
10183042,0.030261,676,B,700000,scorecard
10183050,0.014442,690,A,650000,scorecard
10183072,0.043978,619,C,600000,scorecard
10183104,0.036268,619,C,450000,scorecard
10183124,0.030965,690,A,400000,scorecard
10183144,0.018103,680,A,1000000,scorecard
10183156,0.005542,756,A,500000,scorecard
10183161,0.007008,754,A,400000,scorecard
10183191,0.003436,754,A,950000,scorecard
10183210,2e-06,1224,A,550000,scorecard
10183232,0.02143,690,A,550000,scorecard
10183247,0.003624,754,A,600000,scorecard
10183281,0.053424,644,B,500000,scorecard
10183286,0.010601,689,A,400000,scorecard
10183314,0.034565,619,C,600000,scorecard
10183341,0.010601,689,A,1000000,scorecard
10183353,1e-06,1224,A,850000,scorecard
10183360,0.037251,676,B,550000,scorecard
10183386,0.006989,756,A,850000,scorecard
10183390,4e-06,1224,A,400000,scorecard
10183413,0.025487,637,C,600000,scorecard
10183440,0.020878,690,A,400000,scorecard
10183458,0.028391,631,C,600000,scorecard
10183484,0.046752,601,C,500000,scorecard
10183493,0.057803,690,A,650000,scorecard
10183508,0.030457,689,A,850000,scorecard
10183523,0.022869,644,B,750000,scorecard
10183541,0.003436,754,A,750000,scorecard
10183563,0.101638,619,C,450000,scorecard
10183623,0.005597,756,A,700000,scorecard
10183631,0.003404,756,A,700000,scorecard
10183633,0.130953,619,C,450000,scorecard
10183634,0.012346,680,A,450000,scorecard
10183640,0.003436,754,A,900000,scorecard
10183658,0.055722,690,A,550000,scorecard
10183665,0.004101,756,A,450000,scorecard
10183684,0.022601,689,A,1000000,scorecard
10183692,0.019427,754,A,650000,scorecard
10183712,0.061408,601,C,600000,scorecard
10183738,0.034565,619,C,600000,scorecard
10183790,0.022222,646,B,500000,scorecard
10183801,0.040785,671,B,800000,scorecard
10183838,4e-06,1224,A,500000,scorecard
10183844,0.019115,689,A,500000,scorecard
10183855,0.025487,637,C,600000,scorecard
10183878,0.01951,690,A,450000,scorecard
10183881,0.034565,619,C,550000,scorecard
10183887,0.034565,619,C,400000,scorecard
10183890,0.010601,689,A,1000000,scorecard
10183894,0.012895,689,A,700000,scorecard
10183895,0.010395,690,A,500000,scorecard
10183897,1e-06,1224,A,1000000,scorecard
10183903,0.051287,689,A,450000,scorecard
10183945,0.043452,646,B,500000,scorecard
10183951,0.003322,756,A,400000,scorecard
10183974,0.034565,619,C,400000,scorecard
10183980,0.010395,690,A,1000000,scorecard
10184004,0.010601,689,A,450000,scorecard
10184016,0.025552,646,B,550000,scorecard
10184018,0.020367,676,B,400000,scorecard
10184021,0.016258,756,A,850000,scorecard
10184058,0.010601,689,A,600000,scorecard
10184059,0.030612,627,C,600000,scorecard
10184076,0.010601,689,A,700000,scorecard
10184078,0.026884,690,A,1000000,scorecard
10184096,0.046752,601,C,400000,scorecard
10184127,0.046752,601,C,400000,scorecard
10184142,0.028709,689,A,850000,scorecard
10184150,0.030703,637,C,400000,scorecard
10184160,0.003322,756,A,400000,scorecard
10184166,0.010395,690,A,1000000,scorecard
10184175,0.019531,690,A,500000,scorecard
10184195,0.006492,756,A,400000,scorecard
10184197,0.010395,690,A,800000,scorecard
10184223,0.003904,754,A,1000000,scorecard
10184233,0.01917,671,B,800000,scorecard
10184243,0.01635,689,A,500000,scorecard
10184247,0.024081,690,A,450000,scorecard
10184269,0.016361,690,A,1000000,scorecard
10184296,0.02112,690,A,700000,scorecard
10184324,0.071697,640,B,450000,scorecard
10184378,0.05457,637,C,550000,scorecard
10184415,0.034565,619,C,600000,scorecard
10184422,0.003436,754,A,400000,scorecard
10184428,0.034565,619,C,600000,scorecard
10184436,0.011106,754,A,550000,scorecard
10184438,0.049047,619,C,400000,scorecard
10184450,0.024926,646,B,600000,scorecard
10184477,0.158732,627,C,600000,scorecard
10184479,0.007025,754,A,900000,scorecard
10184484,0.00339,755,A,950000,scorecard
10184501,1e-06,1224,A,400000,scorecard
10184525,0.011994,690,A,400000,scorecard
10184534,0.012846,689,A,550000,scorecard
10184550,0.003322,756,A,450000,scorecard
10184556,0.047245,690,A,450000,scorecard
10184641,0.01994,690,A,1000000,scorecard
10184643,0.181532,579,D,400000,control
10184653,0.034565,619,C,550000,scorecard
10184680,0.022869,644,B,800000,scorecard
10184684,0.004121,756,A,400000,scorecard
10184689,0.013333,676,B,800000,scorecard
10184758,0.022222,646,B,800000,scorecard
10184764,0.034565,619,C,600000,scorecard
10184773,0.007353,710,A,600000,scorecard
10184784,0.046752,601,C,450000,scorecard
10184800,1e-06,1224,A,800000,scorecard
10184805,0.034565,619,C,450000,scorecard
10184831,0.028391,631,C,600000,scorecard
10184908,0.025836,646,B,800000,scorecard
10184949,0.003436,754,A,400000,scorecard
10184950,0.014988,690,A,650000,scorecard
10184954,0.028391,631,C,400000,scorecard
10184965,0.079689,627,C,450000,scorecard
10184976,0.133913,640,B,400000,scorecard
10184982,0.045706,690,A,700000,scorecard
10184983,0.022869,644,B,450000,scorecard
10185000,0.013254,690,A,600000,scorecard
10185002,0.053388,614,C,500000,scorecard
10185006,0.022222,646,B,800000,scorecard
10185009,0.009969,756,A,450000,scorecard
10185012,2e-06,1224,A,400000,scorecard
10185034,0.034565,619,C,500000,scorecard
10185057,0.030692,689,A,400000,scorecard
10185064,0.046752,601,C,500000,scorecard
10185101,0.07763,689,A,1000000,scorecard
10185123,0.037901,614,C,600000,scorecard
10185150,0.012346,680,A,500000,scorecard
10185162,0.109359,601,C,400000,scorecard
10185182,0.006436,754,A,550000,scorecard
10185186,0.024126,671,B,800000,scorecard
10185206,0.02439,640,B,650000,scorecard
10185233,0.003436,754,A,700000,scorecard
10185238,0.034565,619,C,600000,scorecard
10185262,0.015101,756,A,400000,scorecard
10185322,0.003577,756,A,450000,scorecard
10185361,0.129466,637,C,600000,scorecard
10185365,0.010395,690,A,450000,scorecard
10185376,0.007353,710,A,400000,scorecard
10185401,0.049269,690,A,850000,scorecard
10185420,0.068133,601,C,550000,scorecard
10185424,0.010395,690,A,500000,scorecard
10185431,0.065521,601,C,600000,scorecard
10185432,0.036304,689,A,1000000,scorecard
10185449,0.024644,644,B,700000,scorecard
10185453,0.018047,754,A,400000,scorecard
10185469,0.071914,690,A,650000,scorecard
10185476,0.010402,690,A,550000,scorecard
10185516,0.028391,631,C,600000,scorecard
10185525,0.061876,644,B,450000,scorecard
10185547,0.091693,689,A,600000,scorecard
10185548,0.037901,614,C,500000,scorecard
10185571,0.031082,690,A,1000000,scorecard
10185584,0.0477,631,C,500000,scorecard
10185603,0.022222,646,B,500000,scorecard
10185609,0.044902,671,B,400000,scorecard
10185638,0.1489,680,A,750000,scorecard
10185665,0.064386,680,A,550000,scorecard
10185675,0.022869,644,B,750000,scorecard
10185676,0.030612,627,C,600000,scorecard
10185690,0.010601,689,A,450000,scorecard
10185699,0.005515,756,A,600000,scorecard
10185724,0.058716,680,A,700000,scorecard
10185743,0.043902,690,A,500000,scorecard
10185749,0.034565,619,C,400000,scorecard
10185750,0.010601,689,A,400000,scorecard
10185757,0.010395,690,A,1000000,scorecard
10185781,0.030781,690,A,550000,scorecard
10185789,0.016272,710,A,600000,scorecard
10185831,0.023853,646,B,800000,scorecard
10185839,0.047484,689,A,400000,scorecard
10185843,2e-06,1224,A,500000,scorecard
10185850,0.044875,627,C,600000,scorecard
10185890,0.045659,676,B,400000,scorecard
10185938,0.014493,671,B,800000,scorecard
10185946,0.070578,632,C,500000,scorecard
10185950,0.005976,754,A,450000,scorecard
10185987,0.040464,644,B,600000,scorecard
10185994,0.050394,619,C,600000,scorecard
10185995,0.025487,637,C,450000,scorecard
10185998,0.1185,646,B,500000,scorecard
10185999,0.091882,632,C,450000,scorecard
10186022,0.02191,756,A,550000,scorecard
10186047,0.045178,644,B,450000,scorecard
10186059,0.012346,680,A,700000,scorecard
10186078,0.010601,689,A,400000,scorecard
10186080,0.036458,616,C,450000,scorecard
10186130,1e-06,1224,A,400000,scorecard
10186147,0.007353,710,A,550000,scorecard
10186161,0.062986,601,C,450000,scorecard
10186174,0.013338,756,A,1000000,scorecard
10186183,0.003322,756,A,400000,scorecard
10186195,0.010601,689,A,1000000,scorecard
10186215,0.038774,646,B,800000,scorecard
10186222,0.054987,614,C,600000,scorecard
10186223,0.003436,754,A,1000000,scorecard
10186226,0.022933,689,A,700000,scorecard
10186234,0.026864,646,B,800000,scorecard
10186252,0.010601,689,A,1000000,scorecard
10186253,0.093257,631,C,500000,scorecard
10186273,0.012407,689,A,700000,scorecard
10186276,0.029863,680,A,400000,scorecard
10186282,0.035888,644,B,450000,scorecard
10186306,0.014607,690,A,450000,scorecard
10186309,0.046752,601,C,600000,scorecard
10186313,0.010395,690,A,450000,scorecard
10186326,0.023538,644,B,500000,scorecard
10186332,0.015197,689,A,500000,scorecard
10186337,0.007353,710,A,800000,scorecard
10186343,0.037657,614,C,600000,scorecard
10186354,0.042964,619,C,500000,scorecard
10186370,0.010601,689,A,650000,scorecard
10186403,0.04733,627,C,450000,scorecard
10186407,0.010601,689,A,400000,scorecard
10186441,0.062017,619,C,600000,scorecard
10186511,0.046752,601,C,400000,scorecard
10186536,0.015462,676,B,550000,scorecard
10186549,0.040508,680,A,550000,scorecard
10186560,0.035627,690,A,550000,scorecard
10186570,0.019175,690,A,400000,scorecard
10186592,0.010601,689,A,400000,scorecard
10186635,8e-06,1224,A,600000,scorecard
10186648,0.155215,645,B,400000,scorecard
10186677,1e-06,1224,A,750000,scorecard
10186684,0.034434,646,B,550000,scorecard
10186708,0.075776,601,C,550000,scorecard
10186733,0.010395,690,A,400000,scorecard
10186747,0.057826,690,A,600000,scorecard
10186757,0.010601,689,A,400000,scorecard
10186759,0.036279,619,C,600000,scorecard
10186773,0.030086,632,C,550000,scorecard
10186797,0.027778,632,C,500000,scorecard
10186806,0.003436,754,A,650000,scorecard
10186826,0.014773,676,B,550000,scorecard
10186841,0.02439,640,B,450000,scorecard
10186868,0.028391,631,C,600000,scorecard
10186943,0.209181,601,C,450000,scorecard
10186947,1e-06,1224,A,400000,scorecard
10186955,0.014817,690,A,450000,scorecard
10186957,0.022222,646,B,750000,scorecard
10186970,0.012346,680,A,600000,scorecard
10186981,1e-06,1224,A,1000000,scorecard
10187037,0.028391,631,C,500000,scorecard
10187041,0.030612,627,C,500000,scorecard
10187042,0.005969,754,A,400000,scorecard
10187076,0.050312,619,C,450000,scorecard
10187082,0.022222,646,B,400000,scorecard
10187110,0.028391,631,C,400000,scorecard
10187115,0.010601,689,A,550000,scorecard
10187127,0.022869,644,B,700000,scorecard
10187171,0.007353,710,A,800000,scorecard
10187245,0.036267,689,A,450000,scorecard
10187263,0.028391,631,C,400000,scorecard
10187269,0.020724,690,A,600000,scorecard
10187293,0.062156,644,B,600000,scorecard
10187314,0.014493,671,B,800000,scorecard
10187325,0.035,710,A,950000,scorecard
10187348,0.011758,690,A,400000,scorecard
10187350,1e-06,1224,A,550000,scorecard
10187363,0.013333,676,B,800000,scorecard
10187372,0.010601,689,A,900000,scorecard
10187411,0.027662,640,B,500000,scorecard
10187423,0.05569,710,A,450000,scorecard
10187424,0.004793,735,A,850000,scorecard
10187431,0.015555,689,A,400000,scorecard
10187443,0.065348,619,C,450000,scorecard
10187458,0.022293,690,A,650000,scorecard
10187478,0.022222,646,B,650000,scorecard
10187509,0.01606,676,B,700000,scorecard
10187511,0.058228,689,A,500000,scorecard
10187513,0.010395,690,A,400000,scorecard
10187527,0.024174,690,A,550000,scorecard
10187575,0.030161,631,C,500000,scorecard
10187580,0.046752,601,C,450000,scorecard
10187587,0.017716,689,A,550000,scorecard
10187627,0.034565,619,C,600000,scorecard
10187630,0.019531,689,A,1000000,scorecard
10187636,0.017745,690,A,1000000,scorecard
10187656,0.022869,644,B,450000,scorecard
10187664,0.070267,619,C,600000,scorecard
10187692,0.010601,689,A,400000,scorecard
10187727,0.066723,579,D,400000,control
10187728,0.037901,614,C,400000,scorecard
10187746,0.013179,754,A,400000,scorecard
10187787,0.007353,710,A,1000000,scorecard
10187806,0.034565,619,C,600000,scorecard
10187812,0.028391,631,C,600000,scorecard
10187821,0.111215,646,B,450000,scorecard
10187837,0.046752,601,C,550000,scorecard
10187847,0.024396,644,B,500000,scorecard
10187856,0.022222,646,B,800000,scorecard
10187893,1e-06,1224,A,500000,scorecard
10187936,0.04841,680,A,800000,scorecard
10187956,0.030612,627,C,600000,scorecard
10187965,0.017619,680,A,400000,scorecard
10187971,0.027778,632,C,600000,scorecard
10187977,0.022222,646,B,800000,scorecard
10187997,0.019016,690,A,400000,scorecard
10188002,0.02141,710,A,650000,scorecard
10188017,0.248241,616,C,400000,scorecard
10188038,0.03688,676,B,750000,scorecard
10188043,0.022222,646,B,750000,scorecard
10188051,0.085714,564,D,400000,control
10188060,0.037657,614,C,600000,scorecard
10188077,0.036994,644,B,450000,scorecard
10188113,0.023301,680,A,700000,scorecard
10188117,0.061746,640,B,400000,scorecard
10188121,0.046752,601,C,400000,scorecard
10188134,0.08472,637,C,600000,scorecard
10188137,0.005354,754,A,600000,scorecard
10188165,0.013832,690,A,400000,scorecard
10188171,0.035102,632,C,550000,scorecard
10188182,0.105184,690,A,800000,scorecard
10188194,0.162209,646,B,800000,scorecard
10188224,0.09234,646,B,450000,scorecard
10188234,0.015466,676,B,700000,scorecard
10188243,0.034565,619,C,550000,scorecard
10188261,0.025071,690,A,550000,scorecard
10188262,0.031626,676,B,800000,scorecard
10188309,0.048328,619,C,550000,scorecard
10188312,0.012346,680,A,500000,scorecard
10188316,0.054645,671,B,600000,scorecard
10188345,0.069977,631,C,400000,scorecard
10188346,0.034565,619,C,400000,scorecard
10188353,0.013333,676,B,800000,scorecard
10188365,0.003436,754,A,400000,scorecard
10188369,0.028391,631,C,600000,scorecard
10188403,0.014493,671,B,400000,scorecard
10188409,0.028391,631,C,550000,scorecard
10188415,0.030612,627,C,400000,scorecard
10188421,0.046752,601,C,450000,scorecard
10188441,0.016889,689,A,450000,scorecard
10188446,0.004383,754,A,400000,scorecard
10188452,0.035949,644,B,650000,scorecard
10188475,0.022869,644,B,550000,scorecard
10188490,0.038908,676,B,550000,scorecard
10188523,0.034565,619,C,600000,scorecard
10188547,0.022222,646,B,400000,scorecard
10188570,0.119443,627,C,550000,scorecard
10188589,0.057416,689,A,800000,scorecard
10188601,0.003436,754,A,450000,scorecard
10188617,0.028391,631,C,450000,scorecard
10188633,0.040602,690,A,750000,scorecard
10188638,0.020024,690,A,500000,scorecard
10188648,0.003322,756,A,850000,scorecard
10188679,0.046752,601,C,600000,scorecard
10188684,0.05384,619,C,600000,scorecard
10188702,0.060386,644,B,400000,scorecard
10188715,0.022869,644,B,650000,scorecard
10188733,0.037901,614,C,600000,scorecard
10188759,0.003465,754,A,550000,scorecard
10188768,0.010601,689,A,700000,scorecard
10188770,0.015459,754,A,450000,scorecard
10188781,0.012346,680,A,650000,scorecard
10188811,0.034565,619,C,450000,scorecard
10188812,0.037901,614,C,400000,scorecard
10188819,0.126926,631,C,600000,scorecard
10188835,0.028391,631,C,600000,scorecard
10188847,0.004839,754,A,600000,scorecard
10188854,0.010601,689,A,500000,scorecard
10188858,0.025346,644,B,800000,scorecard
10188873,0.030612,627,C,400000,scorecard
10188877,0.034565,619,C,400000,scorecard
10188891,0.028391,631,C,600000,scorecard
10188913,0.013761,689,A,400000,scorecard
10188918,0.052804,690,A,550000,scorecard
10188938,0.012346,680,A,400000,scorecard
10188960,0.01403,754,A,400000,scorecard
10188974,0.012017,756,A,700000,scorecard
10189001,0.003436,754,A,400000,scorecard
10189023,0.011162,690,A,500000,scorecard
10189054,0.032742,690,A,600000,scorecard
10189089,0.006527,756,A,700000,scorecard
10189098,0.028391,631,C,550000,scorecard
10189123,0.050143,644,B,450000,scorecard
10189127,0.010395,690,A,550000,scorecard
10189128,0.016579,676,B,600000,scorecard
10189129,0.027228,689,A,900000,scorecard
10189137,0.018607,676,B,600000,scorecard
10189145,0.037628,644,B,550000,scorecard
10189184,0.046752,601,C,400000,scorecard
10189205,0.010601,689,A,650000,scorecard
10189207,0.017687,756,A,900000,scorecard
10189208,0.010395,690,A,850000,scorecard
10189246,0.028253,671,B,450000,scorecard
10189253,0.081157,619,C,450000,scorecard
10189257,0.060647,671,B,650000,scorecard
10189264,0.047823,616,C,450000,scorecard
10189278,0.012362,754,A,600000,scorecard
10189346,0.080996,646,B,600000,scorecard
10189362,0.026053,646,B,650000,scorecard
10189380,0.048,689,A,600000,scorecard
10189388,0.028391,631,C,600000,scorecard
10189424,0.01248,756,A,500000,scorecard
10189426,0.036458,616,C,450000,scorecard
10189431,0.032532,646,B,450000,scorecard
10189451,0.021874,689,A,450000,scorecard
10189454,0.016981,690,A,400000,scorecard
10189482,0.027073,689,A,550000,scorecard
10189510,0.022222,646,B,400000,scorecard
10189515,0.088016,631,C,500000,scorecard
10189526,0.037581,676,B,800000,scorecard
10189557,0.037657,614,C,600000,scorecard
10189560,0.036458,616,C,550000,scorecard
10189571,0.003436,754,A,450000,scorecard
10189572,0.005341,754,A,400000,scorecard
10189581,0.010601,689,A,1000000,scorecard
10189601,0.022222,646,B,550000,scorecard
10189628,0.003982,754,A,500000,scorecard
10189646,0.012346,680,A,900000,scorecard
10189650,0.034565,619,C,400000,scorecard
10189663,0.003322,756,A,700000,scorecard
10189692,0.09027,601,C,400000,scorecard
10189695,1e-06,1224,A,400000,scorecard
10189714,0.040912,690,A,400000,scorecard
10189721,0.018309,690,A,450000,scorecard
10189730,0.055035,646,B,700000,scorecard
10189731,0.037657,614,C,600000,scorecard
10189733,0.003436,754,A,1000000,scorecard
10189748,0.010601,689,A,500000,scorecard
10189769,0.022644,690,A,450000,scorecard
10189775,0.070653,676,B,800000,scorecard
10189807,0.017394,756,A,1000000,scorecard
10189825,0.022869,644,B,450000,scorecard
10189856,0.010601,689,A,750000,scorecard
10189864,0.091047,601,C,600000,scorecard
10189868,0.048224,680,A,600000,scorecard
10189879,0.039456,689,A,800000,scorecard
10189880,0.022222,646,B,450000,scorecard
10189892,0.005809,754,A,600000,scorecard
10189895,0.004976,754,A,550000,scorecard
10189913,0.022222,646,B,650000,scorecard
10189924,0.034565,619,C,500000,scorecard
10189935,4e-06,1224,A,650000,scorecard
10189937,0.032287,690,A,650000,scorecard
10189968,0.022869,644,B,400000,scorecard
10189969,0.06022,619,C,500000,scorecard
10190001,0.013254,680,A,450000,scorecard
10190038,0.011443,754,A,450000,scorecard
10190043,0.016747,689,A,550000,scorecard
10190053,0.028391,631,C,600000,scorecard
10190056,0.060974,601,C,600000,scorecard
10190066,0.052088,616,C,450000,scorecard
10190067,0.010395,690,A,1000000,scorecard
10190072,1e-06,1224,A,900000,scorecard
10190076,0.025274,676,B,450000,scorecard
10190078,0.021791,756,A,450000,scorecard
10190101,0.046752,601,C,450000,scorecard
10190106,0.073696,619,C,500000,scorecard
10190111,0.034565,619,C,600000,scorecard
10190122,0.018076,680,A,400000,scorecard
10190133,0.008158,756,A,400000,scorecard
10190143,0.059771,689,A,450000,scorecard
10190194,0.09492,601,C,400000,scorecard
10190214,0.037081,631,C,600000,scorecard
10190234,0.026466,689,A,550000,scorecard
10190237,0.046752,601,C,400000,scorecard
10190244,0.010601,689,A,900000,scorecard
10190267,0.022869,644,B,400000,scorecard
10190271,0.027891,690,A,550000,scorecard
10190284,0.017948,689,A,700000,scorecard
10190306,0.003322,756,A,550000,scorecard
10190334,0.022222,646,B,750000,scorecard
10190344,0.022222,646,B,650000,scorecard
10190352,1e-06,1224,A,1000000,scorecard
10190400,0.036724,619,C,600000,scorecard
10190411,0.004378,756,A,400000,scorecard
10190450,0.168974,601,C,400000,scorecard
10190452,0.037901,614,C,400000,scorecard
10190462,0.028391,631,C,600000,scorecard
10190488,0.008416,756,A,1000000,scorecard
10190526,0.010395,690,A,400000,scorecard
10190529,3e-06,1224,A,1000000,scorecard
10190558,0.030337,646,B,550000,scorecard
10190571,0.025487,637,C,600000,scorecard
10190572,0.028391,631,C,450000,scorecard
10190585,0.006909,756,A,750000,scorecard
10190602,0.079878,627,C,600000,scorecard
10190607,0.027791,637,C,400000,scorecard
10190608,0.016721,689,A,750000,scorecard
10190622,0.010395,690,A,450000,scorecard
10190631,0.084188,644,B,450000,scorecard
10190650,0.030612,627,C,600000,scorecard
10190651,0.019119,676,B,500000,scorecard
10190672,0.012346,680,A,1000000,scorecard
10190675,0.043994,637,C,500000,scorecard
10190679,0.005692,754,A,500000,scorecard
10190683,0.076278,644,B,400000,scorecard
10190700,0.026389,644,B,650000,scorecard
10190702,0.003538,756,A,500000,scorecard
10190714,0.01243,689,A,400000,scorecard
10190715,0.034565,619,C,600000,scorecard
10190741,0.064981,631,C,500000,scorecard
10190746,0.034565,619,C,450000,scorecard
10190752,0.035566,680,A,1000000,scorecard
10190770,0.107636,619,C,400000,scorecard
10190774,0.02189,680,A,500000,scorecard
10190793,0.014704,690,A,450000,scorecard
10190794,0.012275,689,A,1000000,scorecard
10190812,1.2e-05,1224,A,550000,scorecard
10190835,0.01097,689,A,1000000,scorecard
10190841,0.02716,671,B,700000,scorecard
10190844,0.006506,756,A,800000,scorecard
10190847,0.022222,646,B,800000,scorecard
10190859,0.018607,754,A,850000,scorecard
10190867,0.176192,631,C,500000,scorecard
10190870,0.035658,627,C,450000,scorecard
10190871,0.010395,690,A,700000,scorecard
10190872,0.014349,676,B,800000,scorecard
10190882,0.010601,689,A,600000,scorecard
10190932,0.014849,690,A,400000,scorecard
10190953,0.105113,646,B,500000,scorecard
10190956,0.122185,619,C,600000,scorecard
10190959,0.003322,756,A,700000,scorecard
10190964,0.034565,619,C,600000,scorecard
10190975,0.028391,631,C,600000,scorecard
10190977,0.034565,619,C,600000,scorecard
10190984,0.011374,710,A,1000000,scorecard
10190989,0.010395,690,A,850000,scorecard
10190998,0.010395,690,A,1000000,scorecard
10191002,0.032338,689,A,750000,scorecard
10191011,0.046752,601,C,400000,scorecard
10191029,0.049963,689,A,500000,scorecard
10191030,0.052018,689,A,400000,scorecard
10191052,1e-06,1224,A,1000000,scorecard
10191053,0.046752,601,C,450000,scorecard
10191060,0.018467,689,A,700000,scorecard
10191079,0.03526,631,C,600000,scorecard
10191120,0.028458,690,A,550000,scorecard
10191129,0.035643,637,C,400000,scorecard
10191156,0.025871,646,B,650000,scorecard
10191175,0.2105,619,C,450000,scorecard
10191178,0.014493,671,B,400000,scorecard
10191237,0.010395,690,A,400000,scorecard
10191292,0.02391,671,B,400000,scorecard
10191298,0.239867,601,C,500000,scorecard
10191303,0.031303,756,A,950000,scorecard
10191304,0.010601,689,A,500000,scorecard
10191307,0.003322,756,A,650000,scorecard
10191309,0.010601,689,A,400000,scorecard
10191312,0.323476,601,C,600000,scorecard
10191320,0.010601,689,A,1000000,scorecard
10191322,0.003322,756,A,400000,scorecard
10191323,0.059729,646,B,450000,scorecard
10191326,0.021612,676,B,500000,scorecard
10191328,0.091322,690,A,500000,scorecard
10191333,0.010428,690,A,400000,scorecard
10191337,0.046752,601,C,400000,scorecard
10191354,0.078773,601,C,600000,scorecard
10191355,0.030612,627,C,400000,scorecard
10191369,0.019792,680,A,450000,scorecard
10191384,0.052829,644,B,450000,scorecard
10191478,0.027778,632,C,600000,scorecard
10191494,1e-06,1224,A,450000,scorecard
10191503,0.10682,627,C,450000,scorecard
10191525,0.029413,690,A,1000000,scorecard
10191544,0.044487,619,C,600000,scorecard
10191546,0.062457,631,C,600000,scorecard
10191555,0.022869,644,B,450000,scorecard
10191577,0.013802,756,A,750000,scorecard
10191581,0.036458,616,C,400000,scorecard
10191585,0.003858,754,A,400000,scorecard
10191632,0.022778,676,B,800000,scorecard
10191633,0.034565,619,C,500000,scorecard
10191643,0.010601,689,A,500000,scorecard
10191650,0.030656,640,C,500000,scorecard
10191665,0.019705,690,A,450000,scorecard
10191675,0.019389,676,B,450000,scorecard
10191708,0.01271,690,A,650000,scorecard
10191711,0.019524,689,A,650000,scorecard
10191718,0.013333,676,B,550000,scorecard
10191742,0.009892,756,A,950000,scorecard
10191765,0.014544,689,A,500000,scorecard
10191793,2e-06,1224,A,500000,scorecard
10191804,0.042745,756,A,450000,scorecard
10191846,0.034322,627,C,600000,scorecard
10191850,0.028632,680,A,600000,scorecard
10191868,0.003436,754,A,500000,scorecard
10191881,0.022222,646,B,600000,scorecard
10191890,0.110486,601,C,400000,scorecard
10191899,0.030612,627,C,450000,scorecard
10191906,0.046752,601,C,450000,scorecard
10191933,0.031168,689,A,450000,scorecard
10191938,0.034565,619,C,600000,scorecard
10191949,0.063838,619,C,600000,scorecard
10191967,0.048953,671,B,400000,scorecard
10192027,0.013415,690,A,1000000,scorecard
10192029,0.055908,601,C,400000,scorecard
10192037,0.030466,632,C,600000,scorecard
10192053,0.034565,619,C,500000,scorecard
10192064,0.025047,644,B,600000,scorecard
10192070,0.034565,619,C,550000,scorecard
10192086,0.033209,644,B,650000,scorecard
10192112,0.006688,754,A,850000,scorecard
10192117,0.060693,601,C,500000,scorecard
10192130,0.010395,690,A,500000,scorecard
10192138,0.09374,619,C,550000,scorecard
10192147,2e-06,1224,A,500000,scorecard
10192148,0.012346,680,A,400000,scorecard
10192178,0.099649,627,C,450000,scorecard
10192182,0.036717,646,B,400000,scorecard
10192190,0.04842,619,C,400000,scorecard
10192198,0.004331,754,A,900000,scorecard
10192204,0.028391,631,C,400000,scorecard
10192234,0.006574,717,A,1000000,scorecard
10192237,0.022869,644,B,700000,scorecard
10192239,0.089119,676,B,750000,scorecard
10192241,0.010601,689,A,1000000,scorecard
10192257,1e-06,1224,A,1000000,scorecard
10192259,0.014493,671,B,450000,scorecard
10192262,0.069505,644,B,600000,scorecard
10192278,0.010395,690,A,550000,scorecard
10192291,0.013333,676,B,650000,scorecard
10192292,0.048341,644,B,500000,scorecard
10192302,0.031925,627,C,600000,scorecard
10192303,0.008122,756,A,650000,scorecard
10192311,0.014531,670,B,450000,scorecard
10192322,0.034565,619,C,400000,scorecard
10192324,0.016509,690,A,500000,scorecard
10192350,0.02439,640,B,700000,scorecard
10192352,0.024665,644,B,650000,scorecard
10192363,0.010601,689,A,400000,scorecard
10192414,0.003682,756,A,550000,scorecard
10192424,0.04387,619,C,450000,scorecard
10192438,0.085714,564,D,400000,control
10192440,0.005821,754,A,900000,scorecard
10192442,0.013333,676,B,550000,scorecard
10192458,0.069,619,C,600000,scorecard
10192504,0.046752,601,C,500000,scorecard
10192510,0.009664,756,A,600000,scorecard
10192517,0.024046,680,A,550000,scorecard
10192549,0.037657,614,C,600000,scorecard
10192584,0.037104,644,B,400000,scorecard
10192598,0.012346,680,A,850000,scorecard
10192606,0.022222,646,B,450000,scorecard
10192608,0.062195,644,B,400000,scorecard
10192616,0.022222,646,B,500000,scorecard
10192625,0.046752,601,C,400000,scorecard
10192630,0.010395,690,A,700000,scorecard
10192646,0.006561,756,A,600000,scorecard
10192647,0.09443,689,A,700000,scorecard
10192649,0.015039,689,A,750000,scorecard
10192650,0.046752,601,C,400000,scorecard
10192687,0.125313,690,A,450000,scorecard
10192692,0.006189,756,A,1000000,scorecard
10192741,0.05847,619,C,450000,scorecard
10192776,0.010395,690,A,1000000,scorecard
10192819,0.010395,690,A,850000,scorecard
10192823,0.014267,756,A,800000,scorecard
10192836,0.003322,756,A,800000,scorecard
10192849,1e-06,1224,A,400000,scorecard
10192860,0.033166,756,A,550000,scorecard
10192863,0.053091,614,C,600000,scorecard
10192877,0.010395,690,A,600000,scorecard
10192881,0.049934,676,B,450000,scorecard
10192904,0.003322,756,A,800000,scorecard
10192922,0.136254,637,C,500000,scorecard
10192925,1e-06,1224,A,900000,scorecard
10192929,0.01138,690,A,400000,scorecard
10192941,0.028287,676,B,800000,scorecard
10192977,0.022222,646,B,450000,scorecard
10193014,0.013669,754,A,450000,scorecard
10193020,0.028391,631,C,600000,scorecard
10193037,0.022983,689,A,1000000,scorecard
10193045,0.057645,646,B,700000,scorecard
10193053,0.037098,644,B,500000,scorecard
10193060,0.014493,671,B,450000,scorecard
10193063,0.003436,754,A,900000,scorecard
10193072,0.018199,657,B,500000,scorecard
10193083,0.004843,756,A,400000,scorecard
10193100,0.02949,689,A,400000,scorecard
10193132,0.012346,680,A,600000,scorecard
10193133,0.022869,644,B,550000,scorecard
10193166,0.090314,676,B,550000,scorecard
10193168,0.028391,631,C,550000,scorecard
10193179,0.011601,690,A,1000000,scorecard
10193180,0.046076,619,C,550000,scorecard
10193213,0.010395,690,A,1000000,scorecard
10193214,0.015036,689,A,450000,scorecard
10193236,0.024429,676,B,400000,scorecard
10193239,0.034565,619,C,600000,scorecard
10193240,0.011546,756,A,500000,scorecard
10193247,0.032074,646,B,700000,scorecard
10193270,0.034565,619,C,600000,scorecard
10193295,0.026157,676,B,550000,scorecard
10193296,0.044537,644,B,550000,scorecard
10193299,0.034565,619,C,600000,scorecard
10193304,0.010601,689,A,450000,scorecard
10193339,0.028391,631,C,400000,scorecard
10193340,0.012346,680,A,400000,scorecard
10193357,0.012346,680,A,1000000,scorecard
10193384,0.022869,644,B,400000,scorecard
10193390,2e-06,1224,A,600000,scorecard
10193397,0.036122,627,C,600000,scorecard
10193399,0.054198,619,C,600000,scorecard
10193416,0.022869,644,B,750000,scorecard
10193445,0.065226,627,C,550000,scorecard
10193455,0.004961,756,A,1000000,scorecard
10193461,0.055952,680,A,1000000,scorecard
10193486,6e-06,1224,A,400000,scorecard
10193492,0.003322,756,A,550000,scorecard
10193532,0.025252,690,A,400000,scorecard
10193533,0.052815,632,C,600000,scorecard
10193567,0.039433,680,A,1000000,scorecard
10193570,0.022222,646,B,600000,scorecard
10193597,0.047551,680,A,750000,scorecard
10193605,0.012346,680,A,800000,scorecard
10193612,0.013507,689,A,450000,scorecard
10193626,0.046752,601,C,500000,scorecard
10193641,0.003946,756,A,550000,scorecard
10193649,0.012346,680,A,1000000,scorecard
10193663,1e-06,1224,A,550000,scorecard
10193679,0.004436,755,A,750000,scorecard
10193683,0.037901,614,C,400000,scorecard
10193690,0.028612,689,A,550000,scorecard
10193697,0.005125,754,A,650000,scorecard
10193725,0.006618,754,A,500000,scorecard
10193744,0.049091,689,A,700000,scorecard
10193765,0.010601,689,A,1000000,scorecard
10193774,0.003535,756,A,600000,scorecard
10193782,0.04407,614,C,400000,scorecard
10193786,0.007353,710,A,450000,scorecard
10193787,0.015627,680,A,700000,scorecard
10193806,0.014493,671,B,600000,scorecard
10193814,0.036458,616,C,600000,scorecard
10193843,0.034565,619,C,500000,scorecard
10193847,0.023424,689,A,500000,scorecard
10193851,0.021492,689,A,550000,scorecard
10193859,0.06359,690,A,500000,scorecard
10193875,0.028391,631,C,600000,scorecard
10193905,0.028391,631,C,600000,scorecard
10193926,0.011953,756,A,700000,scorecard
10193930,0.017279,680,A,400000,scorecard
10193938,0.010395,690,A,550000,scorecard
10193939,0.014758,689,A,750000,scorecard
10193944,0.010395,690,A,550000,scorecard
10193948,0.020596,676,B,400000,scorecard
10193956,0.010395,690,A,1000000,scorecard
10193958,0.022869,644,B,450000,scorecard
10193959,0.052874,640,B,550000,scorecard
10193961,0.020766,689,A,600000,scorecard
10193976,0.032632,631,C,600000,scorecard
10193988,0.009401,756,A,500000,scorecard
10193996,0.045171,637,C,400000,scorecard
10194002,0.038464,689,A,400000,scorecard
10194017,0.011938,754,A,1000000,scorecard
10194067,0.006869,754,A,500000,scorecard
10194068,0.005521,754,A,600000,scorecard
10194090,0.06057,676,B,550000,scorecard
10194093,0.07292,690,A,800000,scorecard
10194111,0.010553,690,A,600000,scorecard
10194125,0.032098,644,B,500000,scorecard
10194152,0.030844,632,C,450000,scorecard
10194163,0.010601,689,A,550000,scorecard
10194165,0.003436,754,A,450000,scorecard
10194169,0.004047,756,A,400000,scorecard
10194185,0.007774,710,A,450000,scorecard
10194205,0.060659,601,C,500000,scorecard
10194236,0.010395,690,A,500000,scorecard
10194238,0.06746,676,B,750000,scorecard
10194246,0.078157,601,C,550000,scorecard
10194247,0.018481,689,A,600000,scorecard
10194252,0.014043,756,A,700000,scorecard
10194262,1e-06,1224,A,1000000,scorecard
10194272,0.022682,689,A,550000,scorecard
10194304,0.034565,619,C,600000,scorecard
10194324,0.014323,754,A,400000,scorecard
10194352,0.022869,644,B,650000,scorecard
10194361,0.01569,689,A,550000,scorecard
10194368,0.008484,756,A,400000,scorecard
10194374,0.025487,637,C,600000,scorecard
10194378,0.012349,690,A,500000,scorecard
10194379,0.009334,754,A,700000,scorecard
10194386,0.039474,619,C,550000,scorecard
10194388,0.036458,616,C,600000,scorecard
10194403,0.016143,690,A,450000,scorecard
10194415,0.041923,689,A,500000,scorecard
10194417,0.003436,754,A,550000,scorecard
10194439,0.041777,680,A,500000,scorecard
10194440,0.004123,756,A,900000,scorecard
10194453,0.007353,710,A,450000,scorecard
10194456,0.046752,601,C,600000,scorecard
10194502,0.011375,689,A,550000,scorecard
10194516,0.020817,689,A,400000,scorecard
10194524,0.004368,754,A,1000000,scorecard
10194533,0.003322,756,A,1000000,scorecard
10194538,0.022869,644,B,400000,scorecard
10194541,1e-06,1224,A,650000,scorecard
10194568,0.083122,619,C,550000,scorecard
10194575,0.100046,601,C,400000,scorecard
10194582,0.012346,680,A,650000,scorecard
10194592,0.079169,690,A,650000,scorecard
10194628,0.010601,689,A,900000,scorecard
10194638,0.014315,754,A,850000,scorecard
10194651,0.010601,689,A,750000,scorecard
10194669,0.004592,756,A,450000,scorecard
10194679,0.061564,619,C,450000,scorecard
10194716,1e-06,1224,A,1000000,scorecard
10194717,0.022869,644,B,400000,scorecard
10194728,0.012346,680,A,600000,scorecard
10194730,0.028007,689,A,1000000,scorecard
10194731,0.049232,680,A,950000,scorecard
10194752,0.034565,619,C,450000,scorecard
10194775,0.014356,690,A,450000,scorecard
10194776,0.013231,754,A,400000,scorecard
10194818,0.020431,690,A,450000,scorecard
10194836,0.065178,690,A,700000,scorecard
10194837,0.003436,754,A,1000000,scorecard
10194847,0.003436,754,A,400000,scorecard
10194869,1e-06,1224,A,500000,scorecard
10194883,0.014493,671,B,550000,scorecard
10194889,0.019485,689,A,750000,scorecard
10194923,0.027778,632,C,600000,scorecard
10194937,0.024308,646,B,650000,scorecard
10194964,0.045584,631,C,400000,scorecard
10194976,0.003436,754,A,750000,scorecard
10194999,0.012978,689,A,400000,scorecard
10195005,0.046752,601,C,450000,scorecard
10195006,0.034565,619,C,600000,scorecard
10195007,0.071782,644,B,700000,scorecard
10195017,0.034565,619,C,600000,scorecard
10195025,0.047226,601,C,400000,scorecard
10195026,1e-06,1224,A,500000,scorecard
10195048,0.03251,689,A,450000,scorecard
10195067,0.037215,689,A,650000,scorecard
10195076,0.034565,619,C,400000,scorecard
10195095,0.022771,710,A,600000,scorecard
10195109,0.087304,601,C,600000,scorecard
10195116,0.011914,756,A,650000,scorecard
10195123,0.012346,680,A,800000,scorecard
10195151,9e-06,1224,A,1000000,scorecard
10195154,0.027946,644,B,800000,scorecard
10195177,0.022177,676,B,750000,scorecard
10195181,0.012896,689,A,550000,scorecard
10195184,0.020115,680,A,400000,scorecard
10195187,0.022222,646,B,600000,scorecard
10195196,0.013463,754,A,850000,scorecard
10195199,0.003322,756,A,600000,scorecard
10195214,0.063096,619,C,500000,scorecard
10195250,0.003322,756,A,400000,scorecard
10195262,0.008881,710,A,500000,scorecard
10195280,0.072774,616,C,500000,scorecard
10195288,0.019999,690,A,400000,scorecard
10195295,0.045418,689,A,650000,scorecard
10195299,0.013333,676,B,800000,scorecard
10195321,0.013503,754,A,500000,scorecard
10195327,0.010601,689,A,500000,scorecard
10195332,0.043192,676,B,600000,scorecard
10195335,0.018496,690,A,500000,scorecard
10195346,0.010974,710,A,500000,scorecard
10195353,0.010395,690,A,1000000,scorecard
10195361,0.012346,680,A,750000,scorecard
10195388,0.007353,710,A,400000,scorecard
10195403,0.022869,644,B,550000,scorecard
10195405,0.027778,632,C,450000,scorecard
10195410,0.017398,754,A,600000,scorecard
10195427,0.015449,680,A,500000,scorecard
10195434,0.050024,637,C,500000,scorecard
10195436,0.014973,690,A,650000,scorecard
10195483,0.040927,646,B,800000,scorecard
10195492,0.030612,627,C,450000,scorecard
10195500,0.014237,689,A,850000,scorecard
10195532,0.004053,756,A,400000,scorecard
10195547,0.025737,690,A,650000,scorecard
10195566,0.006341,719,A,450000,scorecard
10195570,0.010395,690,A,600000,scorecard
10195614,0.036234,690,A,400000,scorecard
10195645,0.046752,601,C,550000,scorecard
10195666,1e-06,1224,A,750000,scorecard
10195709,0.010395,690,A,450000,scorecard
10195711,0.00601,756,A,850000,scorecard
10195740,2e-06,1224,A,750000,scorecard
10195745,0.041796,640,B,750000,scorecard
10195769,0.015021,680,A,450000,scorecard
10195793,0.06107,616,C,400000,scorecard
10195802,0.025347,690,A,400000,scorecard
10195809,0.034565,619,C,600000,scorecard
10195815,1e-06,1224,A,400000,scorecard
10195829,0.007353,710,A,400000,scorecard
10195841,0.041727,631,C,600000,scorecard
10195851,0.063397,646,B,450000,scorecard
10195853,0.003436,754,A,450000,scorecard
10195859,0.020372,680,A,400000,scorecard
10195867,0.010601,689,A,550000,scorecard
10195872,0.010395,690,A,400000,scorecard
10195873,0.014842,756,A,700000,scorecard
10195888,0.072155,619,C,400000,scorecard
10195894,0.013997,756,A,1000000,scorecard
10195895,0.022869,644,B,400000,scorecard
10195900,0.031894,627,C,600000,scorecard
10195924,0.112456,632,C,450000,scorecard
10195933,0.079941,646,B,500000,scorecard
10195952,0.037512,619,C,500000,scorecard
10195975,0.007946,710,A,400000,scorecard
10195984,0.051851,689,A,600000,scorecard
10195987,0.027718,690,A,550000,scorecard
10195994,0.034565,619,C,600000,scorecard
10196011,0.03419,631,C,600000,scorecard
10196031,0.022869,644,B,550000,scorecard
10196040,2e-06,1224,A,400000,scorecard
10196046,0.018218,676,B,400000,scorecard
10196058,0.02429,644,B,400000,scorecard
10196085,0.004728,754,A,1000000,scorecard
10196089,0.16486,627,C,550000,scorecard
10196106,0.028391,631,C,600000,scorecard
10196115,0.010002,754,A,400000,scorecard
10196128,0.028885,631,C,600000,scorecard
10196142,0.030612,627,C,600000,scorecard
10196143,0.051336,601,C,600000,scorecard
10196154,0.014077,690,A,500000,scorecard
10196164,0.010395,690,A,700000,scorecard
10196165,0.046752,601,C,450000,scorecard
10196170,0.072545,644,B,500000,scorecard
10196193,0.036494,627,C,600000,scorecard
10196195,0.004219,754,A,550000,scorecard
10196241,0.028391,631,C,600000,scorecard
10196244,0.009881,756,A,900000,scorecard
10196266,0.023448,676,B,750000,scorecard
10196268,0.034296,676,B,550000,scorecard
10196294,0.010395,690,A,1000000,scorecard
10196311,0.046011,631,C,600000,scorecard
10196332,0.031525,690,A,400000,scorecard
10196333,0.022869,644,B,600000,scorecard
10196345,0.025487,637,C,600000,scorecard
10196346,0.015925,689,A,1000000,scorecard
10196353,0.042519,690,A,1000000,scorecard
10196354,0.003436,754,A,700000,scorecard
10196361,0.015562,676,B,450000,scorecard
10196363,0.041196,710,A,450000,scorecard
10196371,0.053509,644,B,500000,scorecard
10196389,0.027778,632,C,600000,scorecard
10196421,0.007537,756,A,550000,scorecard
10196452,0.012346,680,A,400000,scorecard
10196468,0.027226,646,B,550000,scorecard
10196481,0.027778,632,C,550000,scorecard
10196490,0.004266,756,A,800000,scorecard
10196499,0.0062,756,A,500000,scorecard
10196514,0.082282,690,A,500000,scorecard
10196520,0.021732,647,B,800000,scorecard
10196532,0.040164,631,C,450000,scorecard
10196533,1e-06,1224,A,450000,scorecard
10196541,0.007306,756,A,950000,scorecard
10196551,0.036458,616,C,600000,scorecard
10196560,0.011876,754,A,550000,scorecard
10196596,0.022869,644,B,450000,scorecard
10196599,0.017782,689,A,600000,scorecard
10196613,0.040805,619,C,550000,scorecard
10196634,0.034181,690,A,450000,scorecard
10196640,0.061314,646,B,450000,scorecard
10196643,0.00515,754,A,750000,scorecard
10196656,0.024203,680,A,1000000,scorecard
10196694,0.022222,646,B,550000,scorecard
10196695,0.017626,690,A,600000,scorecard
10196696,0.026742,680,A,450000,scorecard
10196704,0.014493,671,B,500000,scorecard
10196718,0.065239,619,C,400000,scorecard
10196745,0.049729,619,C,500000,scorecard
10196753,0.022869,644,B,550000,scorecard
10196760,0.034565,619,C,600000,scorecard
10196780,0.040159,680,A,500000,scorecard
10196793,3e-06,1224,A,950000,scorecard
10196797,0.095286,646,B,800000,scorecard
10196809,0.024626,756,A,1000000,scorecard
10196836,0.00681,756,A,1000000,scorecard
10196887,0.007353,710,A,1000000,scorecard
10196893,0.1057,690,A,400000,scorecard
10196908,0.041716,627,C,600000,scorecard
10196914,0.017855,690,A,400000,scorecard
10196920,0.010395,690,A,700000,scorecard
10196929,0.048257,676,B,800000,scorecard
10196930,0.030612,627,C,600000,scorecard
10196931,0.059593,671,B,450000,scorecard
10196941,0.019121,680,A,400000,scorecard
10196958,0.012346,680,A,550000,scorecard
10196974,2e-06,1224,A,450000,scorecard
10196975,0.003322,756,A,550000,scorecard
10196978,0.010399,690,A,1000000,scorecard
10196984,0.027778,632,C,600000,scorecard
10196985,0.021772,690,A,450000,scorecard
10196987,0.023527,689,A,800000,scorecard
10196989,0.048878,671,B,450000,scorecard
10196998,0.025487,637,C,600000,scorecard
10197015,0.023648,689,A,450000,scorecard
10197033,0.005343,754,A,500000,scorecard
10197049,0.01587,689,A,600000,scorecard
10197050,0.003436,754,A,400000,scorecard
10197062,0.006927,754,A,750000,scorecard
10197112,0.010395,690,A,550000,scorecard
10197119,0.034565,619,C,400000,scorecard
10197150,0.021661,754,A,600000,scorecard
10197161,0.010601,689,A,400000,scorecard
10197199,0.010395,690,A,800000,scorecard
10197202,0.025444,689,A,450000,scorecard
10197210,0.028391,631,C,600000,scorecard
10197211,0.147351,644,B,450000,scorecard
10197247,0.065123,619,C,600000,scorecard
10197248,0.034565,619,C,600000,scorecard
10197249,0.075859,644,B,700000,scorecard
10197252,0.120196,619,C,600000,scorecard
10197253,0.100531,601,C,550000,scorecard
10197270,0.021391,690,A,600000,scorecard
10197290,1e-06,1224,A,1000000,scorecard
10197314,0.017978,690,A,600000,scorecard
10197318,0.044784,631,C,400000,scorecard
10197337,0.028391,631,C,450000,scorecard
10197340,0.052827,689,A,1000000,scorecard
10197383,0.034446,689,A,400000,scorecard
10197386,0.022222,646,B,500000,scorecard
10197389,0.025487,637,C,550000,scorecard
10197390,0.003322,756,A,550000,scorecard
10197395,0.02439,640,B,400000,scorecard
10197420,0.004882,756,A,400000,scorecard
10197423,0.015447,690,A,550000,scorecard
10197431,0.004212,754,A,1000000,scorecard
10197437,0.035834,689,A,400000,scorecard
10197458,0.022869,644,B,400000,scorecard
10197475,0.021133,710,A,550000,scorecard
10197507,0.005026,756,A,500000,scorecard
10197508,0.0132,689,A,1000000,scorecard
10197514,0.037018,754,A,400000,scorecard
10197527,0.071888,690,A,1000000,scorecard
10197531,0.021159,690,A,650000,scorecard
10197539,0.010601,689,A,400000,scorecard
10197544,0.044223,637,C,450000,scorecard
10197557,0.012233,689,A,700000,scorecard
10197577,0.033027,689,A,450000,scorecard
10197587,0.013351,680,A,450000,scorecard
10197610,0.025402,680,A,600000,scorecard
10197616,0.03831,616,C,550000,scorecard
10197621,0.004048,756,A,1000000,scorecard
10197633,0.012931,754,A,600000,scorecard
10197653,0.033481,644,B,650000,scorecard
10197654,0.003322,756,A,750000,scorecard
10197666,0.010395,690,A,650000,scorecard
10197688,0.043888,632,C,550000,scorecard
10197705,0.010771,754,A,500000,scorecard
10197707,0.008508,756,A,650000,scorecard
10197714,0.046752,601,C,600000,scorecard
10197728,0.022222,646,B,500000,scorecard
10197739,0.016068,756,A,500000,scorecard
10197747,0.056332,631,C,600000,scorecard
10197755,0.024981,680,A,1000000,scorecard
10197768,0.041314,646,B,500000,scorecard
10197773,0.012346,680,A,650000,scorecard
10197809,0.022222,646,B,450000,scorecard
10197818,0.025487,637,C,600000,scorecard
10197839,0.036458,616,C,600000,scorecard
10197844,0.074514,619,C,600000,scorecard
10197849,0.010395,690,A,1000000,scorecard
10197872,0.038348,689,A,500000,scorecard
10197879,0.010601,689,A,400000,scorecard
10197884,0.010601,689,A,400000,scorecard
10197896,0.004337,754,A,500000,scorecard
10197901,0.034565,619,C,400000,scorecard
10197910,0.003322,756,A,450000,scorecard
10197935,0.028775,754,A,600000,scorecard
10197951,0.012627,689,A,400000,scorecard
10197958,0.088683,601,C,550000,scorecard
10197987,0.041297,631,C,600000,scorecard
10198023,0.015468,756,A,850000,scorecard
10198109,0.046752,601,C,400000,scorecard
10198129,0.027798,676,B,650000,scorecard
10198131,0.066277,689,A,450000,scorecard
10198137,0.113198,619,C,550000,scorecard
10198193,2e-06,1224,A,750000,scorecard
10198215,0.030899,676,B,800000,scorecard
10198222,0.023687,644,B,800000,scorecard
10198243,0.012486,690,A,500000,scorecard
10198248,0.028391,631,C,600000,scorecard
10198300,0.158554,601,C,400000,scorecard
10198320,0.012346,680,A,1000000,scorecard
10198329,0.024625,676,B,700000,scorecard
10198346,0.011637,689,A,550000,scorecard
10198348,0.070246,680,A,700000,scorecard
10198354,0.056369,689,A,550000,scorecard
10198392,0.013333,676,B,800000,scorecard
10198395,0.01661,756,A,550000,scorecard
10198400,0.007139,756,A,400000,scorecard
10198404,0.057455,631,C,600000,scorecard
10198406,0.013333,676,B,400000,scorecard
10198408,0.028391,631,C,400000,scorecard
10198409,0.010601,689,A,750000,scorecard
10198422,0.003716,756,A,1000000,scorecard
10198436,0.034565,619,C,600000,scorecard
10198448,0.033436,644,B,400000,scorecard
10198460,0.005554,756,A,450000,scorecard
10198484,0.010395,690,A,750000,scorecard
10198516,0.019381,680,A,950000,scorecard
10198520,0.038494,619,C,450000,scorecard
10198530,0.034565,619,C,400000,scorecard
10198533,0.003322,756,A,400000,scorecard
10198546,0.028391,631,C,600000,scorecard
10198593,0.010601,689,A,500000,scorecard
10198595,0.022869,644,B,400000,scorecard
10198597,0.015495,689,A,500000,scorecard
10198602,0.015218,680,A,550000,scorecard
10198605,0.046752,601,C,550000,scorecard
10198613,0.028505,637,C,400000,scorecard
10198636,0.022869,644,B,500000,scorecard
10198641,0.039314,619,C,400000,scorecard
10198644,0.089117,690,A,850000,scorecard
10198649,0.022222,646,B,400000,scorecard
10198689,0.037787,619,C,450000,scorecard
10198690,0.019527,690,A,700000,scorecard
10198701,0.046752,601,C,600000,scorecard
10198714,0.010601,689,A,1000000,scorecard
10198733,0.022222,646,B,600000,scorecard
10198753,0.032679,689,A,500000,scorecard
10198756,0.076068,601,C,600000,scorecard
10198791,0.02439,640,B,800000,scorecard
10198824,0.003828,756,A,550000,scorecard
10198833,0.028704,756,A,500000,scorecard
10198863,0.010601,689,A,1000000,scorecard
10198866,0.003322,756,A,1000000,scorecard
10198867,0.049735,601,C,550000,scorecard
10198872,0.006189,754,A,450000,scorecard
10198884,0.034565,619,C,600000,scorecard
10198894,0.007207,756,A,650000,scorecard
10198897,0.010601,689,A,750000,scorecard
10198900,0.028953,756,A,900000,scorecard
10198903,0.028391,631,C,600000,scorecard
10198914,0.003322,756,A,1000000,scorecard
10198947,0.003386,756,A,400000,scorecard
10199003,0.028391,631,C,600000,scorecard
10199008,0.041628,619,C,500000,scorecard
10199018,0.010395,690,A,400000,scorecard
10199019,0.051814,631,C,400000,scorecard
10199021,0.034565,619,C,600000,scorecard
10199030,1e-06,1224,A,1000000,scorecard
10199036,0.037901,614,C,600000,scorecard
10199050,0.046438,646,B,600000,scorecard
10199075,0.030885,690,A,450000,scorecard
10199086,0.046752,601,C,500000,scorecard
10199099,0.055629,690,A,1000000,scorecard
10199122,0.061502,601,C,400000,scorecard
10199131,0.053694,690,A,400000,scorecard
10199134,0.012375,689,A,900000,scorecard
10199140,0.034565,619,C,400000,scorecard
10199157,0.028391,631,C,600000,scorecard
10199161,0.046752,601,C,400000,scorecard
10199171,0.059128,632,C,450000,scorecard
10199177,0.019319,690,A,500000,scorecard
10199178,0.022222,646,B,800000,scorecard
10199189,0.008576,754,A,400000,scorecard
10199206,0.013333,676,B,550000,scorecard
10199210,0.012346,680,A,400000,scorecard
10199212,0.020243,676,B,800000,scorecard
10199219,0.121285,601,C,500000,scorecard
10199248,0.038433,646,B,800000,scorecard
10199251,0.017546,756,A,700000,scorecard
10199254,0.003322,756,A,600000,scorecard
10199264,0.010395,690,A,450000,scorecard
10199275,0.025487,637,C,450000,scorecard
10199283,0.321375,601,C,500000,scorecard
10199285,1e-06,1224,A,400000,scorecard
10199304,0.020611,689,A,850000,scorecard
10199324,0.075528,619,C,400000,scorecard
10199404,0.005295,754,A,500000,scorecard
10199436,0.013934,689,A,400000,scorecard
10199455,0.028391,631,C,500000,scorecard
10199465,0.099859,601,C,600000,scorecard
10199485,0.015688,671,B,550000,scorecard
10199510,0.038059,689,A,650000,scorecard
10199518,0.048452,601,C,550000,scorecard
10199533,0.016048,756,A,400000,scorecard
10199542,0.090322,680,A,500000,scorecard
10199551,0.022869,644,B,450000,scorecard
10199574,0.009035,754,A,450000,scorecard
10199585,0.010395,690,A,700000,scorecard
10199600,0.062029,689,A,700000,scorecard
10199603,0.037901,614,C,500000,scorecard
10199644,0.008773,754,A,700000,scorecard
10199674,0.010601,689,A,450000,scorecard
10199679,0.030612,627,C,400000,scorecard
10199680,2e-06,1224,A,500000,scorecard
10199702,0.028391,631,C,400000,scorecard
10199729,0.046752,601,C,600000,scorecard
10199731,0.028391,631,C,600000,scorecard
10199739,1e-06,1224,A,950000,scorecard
10199755,0.038338,631,C,600000,scorecard
10199760,1e-06,1224,A,1000000,scorecard
10199784,0.015726,690,A,650000,scorecard
10199801,0.022222,646,B,450000,scorecard
10199831,0.050307,619,C,600000,scorecard
10199868,0.024605,689,A,400000,scorecard
10199875,0.00537,754,A,400000,scorecard
10199886,0.058548,631,C,450000,scorecard
10199888,0.029034,690,A,450000,scorecard
10199918,0.003322,756,A,850000,scorecard
10199920,0.070828,632,C,450000,scorecard
10199945,0.028391,631,C,600000,scorecard
10199958,0.013333,676,B,800000,scorecard
10199960,0.010838,689,A,650000,scorecard
10199965,4e-06,1224,A,450000,scorecard
10199966,0.022869,644,B,450000,scorecard
10199967,0.034565,619,C,450000,scorecard
10199975,0.010601,689,A,1000000,scorecard
10199979,0.052997,644,B,800000,scorecard
10199983,0.028391,631,C,500000,scorecard
10199992,0.095205,601,C,400000,scorecard
10200020,0.046752,601,C,400000,scorecard
10200025,1e-06,1224,A,500000,scorecard
10200030,0.018006,676,B,450000,scorecard
10200033,0.00712,756,A,600000,scorecard
10200057,0.004482,756,A,400000,scorecard
10200059,0.025236,676,B,400000,scorecard
10200073,0.053708,646,B,650000,scorecard
10200097,0.005653,756,A,1000000,scorecard
10200111,0.005239,754,A,650000,scorecard
10200132,0.004344,754,A,600000,scorecard
10200142,0.065904,619,C,400000,scorecard
10200153,0.010395,690,A,400000,scorecard
10200188,0.016918,689,A,500000,scorecard
10200212,0.024055,690,A,400000,scorecard
10200214,0.003322,756,A,1000000,scorecard
10200220,0.046752,601,C,500000,scorecard
10200232,0.010601,689,A,600000,scorecard
10200240,0.010395,690,A,500000,scorecard
10200251,0.022869,644,B,650000,scorecard
10200257,0.010395,690,A,1000000,scorecard
10200280,0.025487,637,C,550000,scorecard
10200288,0.024232,676,B,550000,scorecard
10200296,0.034408,637,C,500000,scorecard
10200359,0.003322,756,A,400000,scorecard
10200370,0.009886,756,A,750000,scorecard
10200375,0.020983,690,A,750000,scorecard
10200378,0.086307,619,C,600000,scorecard
10200382,0.034565,619,C,400000,scorecard
10200385,0.010239,754,A,550000,scorecard
10200411,0.021813,689,A,700000,scorecard
10200419,0.003322,756,A,1000000,scorecard
10200421,0.020081,680,A,800000,scorecard
10200449,0.034775,637,C,550000,scorecard
10200457,0.025487,637,C,450000,scorecard
10200463,0.049949,640,B,800000,scorecard
10200483,0.030612,627,C,400000,scorecard
10200526,0.019819,676,B,550000,scorecard
10200530,0.022869,644,B,800000,scorecard
10200532,0.08603,614,C,600000,scorecard
10200540,0.022869,644,B,800000,scorecard
10200570,0.034565,619,C,600000,scorecard
10200579,0.022222,646,B,450000,scorecard
10200592,0.046752,601,C,600000,scorecard
10200621,0.090717,689,A,400000,scorecard
10200629,0.043336,619,C,600000,scorecard
10200677,0.08957,646,B,400000,scorecard
10200698,1e-06,1224,A,1000000,scorecard
10200699,0.034565,619,C,600000,scorecard
10200753,0.01967,690,A,450000,scorecard
10200773,0.010601,689,A,950000,scorecard
10200779,0.079619,601,C,400000,scorecard
10200812,0.017057,690,A,600000,scorecard
10200830,0.030612,627,C,600000,scorecard
10200841,0.028391,631,C,600000,scorecard
10200868,0.040474,646,B,800000,scorecard
10200876,0.010601,689,A,1000000,scorecard
10200883,0.06722,619,C,500000,scorecard
10200889,0.038566,644,B,400000,scorecard
10200901,0.205094,619,C,550000,scorecard
10200907,0.032516,690,A,450000,scorecard
10200912,0.006128,756,A,700000,scorecard
10200965,1e-06,1224,A,950000,scorecard
10200977,0.035405,676,B,800000,scorecard
10200979,0.007591,754,A,750000,scorecard
10201001,0.016301,690,A,800000,scorecard
10201005,0.014493,671,B,450000,scorecard
10201022,0.0853,614,C,400000,scorecard
10201047,0.025487,637,C,600000,scorecard
10201136,0.023435,690,A,550000,scorecard
10201140,0.013333,676,B,450000,scorecard
10201184,0.02439,640,B,400000,scorecard
10201200,0.006148,754,A,550000,scorecard
10201217,0.107936,644,B,500000,scorecard
10201239,0.023019,680,A,1000000,scorecard
10201244,0.010601,689,A,600000,scorecard
10201247,0.034565,619,C,450000,scorecard
10201257,0.012346,680,A,1000000,scorecard
10201265,1e-06,1224,A,550000,scorecard
10201271,0.010395,690,A,450000,scorecard
10201279,0.048709,627,C,450000,scorecard
10201280,0.030006,690,A,450000,scorecard
10201316,0.010601,689,A,700000,scorecard
10201318,0.008755,756,A,500000,scorecard
10201331,0.055587,619,C,600000,scorecard
10201354,0.024817,644,B,800000,scorecard
10201355,1e-06,1224,A,500000,scorecard
10201364,0.010601,689,A,850000,scorecard
10201386,0.014518,680,A,1000000,scorecard
10201391,0.067722,601,C,450000,scorecard
10201410,0.02439,640,B,550000,scorecard
10201456,0.044176,646,B,800000,scorecard
10201464,0.004619,756,A,600000,scorecard
10201479,0.003436,754,A,400000,scorecard
10201487,0.036671,631,C,600000,scorecard
10201517,0.031457,644,B,550000,scorecard
10201518,0.036458,616,C,600000,scorecard
10201539,2e-06,1224,A,450000,scorecard
10201563,0.091051,690,A,1000000,scorecard
10201564,0.042124,689,A,400000,scorecard
10201569,0.02138,754,A,700000,scorecard
10201592,0.013333,676,B,550000,scorecard
10201596,0.094366,644,B,450000,scorecard
10201627,0.046752,601,C,400000,scorecard
10201630,0.009119,756,A,550000,scorecard
10201631,0.080472,601,C,550000,scorecard
10201645,0.010395,690,A,400000,scorecard
10201663,0.016224,676,B,450000,scorecard
10201676,0.015488,690,A,600000,scorecard
10201690,0.024444,754,A,500000,scorecard
10201698,0.033262,689,A,800000,scorecard
10201706,0.040865,689,A,650000,scorecard
10201718,0.084547,637,C,450000,scorecard
10201755,0.085848,601,C,450000,scorecard
10201757,0.003514,756,A,850000,scorecard
10201767,0.047252,690,A,550000,scorecard
10201768,0.003322,756,A,500000,scorecard
10201772,0.003338,756,A,600000,scorecard
10201786,0.012346,680,A,1000000,scorecard
10201794,0.003436,754,A,450000,scorecard
10201795,0.004878,756,A,850000,scorecard
10201805,0.014493,671,B,500000,scorecard
10201807,0.036057,644,B,500000,scorecard
10201828,0.061327,619,C,600000,scorecard
10201842,0.022222,646,B,400000,scorecard
10201855,0.01894,680,A,600000,scorecard
10201865,0.003322,756,A,700000,scorecard
10201889,0.012346,680,A,400000,scorecard
10201907,0.100139,644,B,400000,scorecard
10201915,0.01587,756,A,400000,scorecard
10201923,0.028391,631,C,600000,scorecard
10201925,0.010395,690,A,400000,scorecard
10201958,0.010395,690,A,550000,scorecard
10201960,0.010786,689,A,600000,scorecard
10201964,0.025487,637,C,600000,scorecard
10201966,0.003322,756,A,950000,scorecard
10201971,0.00632,754,A,1000000,scorecard
10201981,0.082205,637,C,500000,scorecard
10201982,0.027778,632,C,600000,scorecard
10202017,0.034565,619,C,500000,scorecard
10202037,0.012346,680,A,450000,scorecard
10202088,0.028391,631,C,400000,scorecard
10202095,0.050736,619,C,450000,scorecard
10202108,0.034565,619,C,600000,scorecard
10202122,0.027423,690,A,900000,scorecard
10202126,0.099866,690,A,500000,scorecard
10202148,0.071969,644,B,500000,scorecard
10202151,0.010395,690,A,400000,scorecard
10202162,0.054406,646,B,450000,scorecard
10202168,0.065302,619,C,400000,scorecard
10202172,0.084167,619,C,600000,scorecard
10202173,0.003322,756,A,450000,scorecard
10202174,0.080413,619,C,450000,scorecard
10202177,0.037901,614,C,550000,scorecard
10202222,0.029498,646,B,450000,scorecard
10202224,0.037901,614,C,550000,scorecard
10202233,0.003322,756,A,600000,scorecard
10202255,0.125904,619,C,600000,scorecard
10202270,0.023094,680,A,450000,scorecard
10202276,0.023562,689,A,450000,scorecard
10202285,0.011015,690,A,400000,scorecard
10202356,0.014493,671,B,450000,scorecard
10202364,0.022222,646,B,800000,scorecard
10202376,0.003436,754,A,750000,scorecard
10202398,0.012866,689,A,900000,scorecard
10202413,0.012941,690,A,600000,scorecard
10202415,0.013674,680,A,400000,scorecard
10202421,0.010601,689,A,1000000,scorecard
10202423,0.010395,690,A,450000,scorecard
10202426,0.028391,631,C,400000,scorecard
10202446,0.003322,756,A,650000,scorecard
10202479,0.028391,631,C,600000,scorecard
10202481,0.007795,754,A,600000,scorecard
10202486,0.013333,676,B,400000,scorecard
10202510,0.037359,632,C,600000,scorecard
10202520,0.075467,601,C,400000,scorecard
10202527,0.005385,754,A,400000,scorecard
10202532,0.016429,689,A,500000,scorecard
10202558,0.00341,756,A,1000000,scorecard
10202569,1e-06,1224,A,850000,scorecard
10202600,0.006227,756,A,1000000,scorecard
10202630,0.02945,690,A,500000,scorecard
10202642,0.04383,613,C,400000,scorecard
10202658,0.003322,756,A,650000,scorecard
10202696,0.018773,676,B,450000,scorecard
10202701,0.003436,754,A,450000,scorecard
10202705,0.031065,680,A,400000,scorecard
10202729,0.022222,646,B,550000,scorecard
10202733,1e-06,1224,A,450000,scorecard
10202738,0.059176,646,B,800000,scorecard
10202797,0.003322,756,A,500000,scorecard
10202805,0.036458,616,C,450000,scorecard
10202816,0.031017,646,B,650000,scorecard
10202822,0.014951,756,A,750000,scorecard
10202874,0.019041,689,A,600000,scorecard
10202878,0.010395,690,A,500000,scorecard
10202879,0.046925,644,B,450000,scorecard
10202894,0.022869,644,B,800000,scorecard
10202922,0.004829,754,A,450000,scorecard
10202923,0.026454,637,C,600000,scorecard
10202931,0.02083,690,A,800000,scorecard
10202936,0.022222,646,B,800000,scorecard
10202950,0.005904,756,A,1000000,scorecard
10202951,0.028391,631,C,600000,scorecard
10202959,0.010601,689,A,1000000,scorecard
10202981,0.006938,756,A,400000,scorecard
10202990,0.007353,710,A,650000,scorecard
10202994,0.028391,631,C,600000,scorecard
10203011,0.029253,754,A,500000,scorecard
10203019,0.00544,756,A,450000,scorecard
10203023,0.0429,676,B,400000,scorecard
10203029,0.005608,756,A,450000,scorecard
10203045,0.030612,627,C,600000,scorecard
10203090,0.015383,689,A,550000,scorecard
10203101,0.013652,690,A,450000,scorecard
10203105,0.01811,680,A,750000,scorecard
10203114,0.006907,756,A,450000,scorecard
10203121,0.034565,619,C,550000,scorecard
10203133,1e-06,1224,A,450000,scorecard
10203134,0.011579,689,A,750000,scorecard
10203147,0.025487,637,C,600000,scorecard
10203148,1e-06,1224,A,500000,scorecard
10203167,0.090825,632,C,450000,scorecard
10203193,0.004082,754,A,400000,scorecard
10203194,0.011461,754,A,700000,scorecard
10203201,0.062655,644,B,400000,scorecard
10203203,0.003436,754,A,1000000,scorecard
10203206,0.003436,754,A,550000,scorecard
10203218,0.105231,601,C,400000,scorecard
10203230,0.023149,690,A,1000000,scorecard
10203256,0.034565,619,C,600000,scorecard
10203264,0.027778,632,C,600000,scorecard
10203265,0.0137,689,A,800000,scorecard
10203273,0.028274,689,A,550000,scorecard
10203290,0.004807,754,A,1000000,scorecard
10203296,0.011221,754,A,850000,scorecard
10203301,0.154754,680,A,500000,scorecard
10203327,0.10522,689,A,650000,scorecard
10203330,0.040315,631,C,600000,scorecard
10203338,0.026337,689,A,400000,scorecard
10203361,0.043584,627,C,500000,scorecard
10203362,0.123205,627,C,600000,scorecard
10203372,0.011236,756,A,650000,scorecard
10203375,0.054222,646,B,400000,scorecard
10203382,0.003322,756,A,1000000,scorecard
10203386,0.13261,601,C,600000,scorecard
10203395,0.003322,756,A,500000,scorecard
10203438,0.010601,689,A,400000,scorecard
10203460,0.008883,754,A,550000,scorecard
10203479,0.029364,690,A,600000,scorecard
10203485,0.036458,616,C,550000,scorecard
10203490,0.022222,646,B,800000,scorecard
10203494,0.05731,619,C,400000,scorecard
10203508,1e-06,1224,A,500000,scorecard
10203539,0.02205,689,A,500000,scorecard
10203547,0.094877,689,A,400000,scorecard
10203559,0.027973,640,B,800000,scorecard
10203565,0.104915,619,C,600000,scorecard
10203579,0.038151,619,C,500000,scorecard
10203582,0.034305,637,C,600000,scorecard
10203585,0.029058,689,A,450000,scorecard
10203590,0.024574,644,B,450000,scorecard
10203599,0.022869,644,B,800000,scorecard
10203620,0.015742,689,A,550000,scorecard
10203626,0.024401,689,A,1000000,scorecard
10203640,0.065487,644,B,450000,scorecard
10203699,0.010601,689,A,750000,scorecard
10203702,0.025487,637,C,600000,scorecard
10203729,0.003322,756,A,1000000,scorecard
10203746,0.022222,646,B,400000,scorecard
10203765,0.057031,646,B,650000,scorecard
10203794,0.037775,631,C,600000,scorecard
10203801,0.046752,601,C,500000,scorecard
10203813,0.037901,614,C,600000,scorecard
10203843,0.020886,690,A,450000,scorecard
10203849,0.028455,690,A,400000,scorecard
10203860,0.036603,627,C,400000,scorecard
10203864,0.003826,754,A,450000,scorecard
10203874,1e-06,1224,A,400000,scorecard
10203896,0.033242,689,A,900000,scorecard
10203898,0.022222,646,B,700000,scorecard
10203910,0.003322,756,A,400000,scorecard
10203913,0.085479,614,C,400000,scorecard
10203934,0.024034,644,B,550000,scorecard
10203980,0.0571,646,B,800000,scorecard
10203982,0.005973,754,A,450000,scorecard
10203999,0.013333,676,B,550000,scorecard
10204007,0.030612,627,C,600000,scorecard
10204030,0.017187,756,A,400000,scorecard
10204033,0.034565,619,C,600000,scorecard
10204081,0.15742,619,C,400000,scorecard
10204104,0.037901,614,C,500000,scorecard
10204105,0.003322,756,A,800000,scorecard
10204108,0.033272,646,B,800000,scorecard
10204123,0.022869,644,B,450000,scorecard
10204131,0.034565,619,C,500000,scorecard
10204163,0.010395,690,A,450000,scorecard
10204186,0.014033,754,A,900000,scorecard
10204191,0.012054,690,A,600000,scorecard
10204195,0.104077,680,A,700000,scorecard
10204207,0.107474,631,C,450000,scorecard
10204219,0.025487,637,C,400000,scorecard
10204231,0.006188,756,A,500000,scorecard
10204264,0.03056,690,A,1000000,scorecard
10204267,0.003436,754,A,600000,scorecard
10204269,0.003322,756,A,450000,scorecard
10204275,2e-06,1224,A,500000,scorecard
10204278,0.022222,646,B,550000,scorecard
10204302,0.034565,619,C,500000,scorecard
10204309,0.114982,616,C,600000,scorecard
10204312,0.018683,690,A,600000,scorecard
10204357,0.021365,689,A,400000,scorecard
10204367,0.008239,710,A,750000,scorecard
10204371,0.010601,689,A,400000,scorecard
10204373,0.179139,646,B,550000,scorecard
10204374,0.003436,754,A,500000,scorecard
10204409,0.007451,754,A,700000,scorecard
10204414,1e-06,1224,A,750000,scorecard
10204416,0.003322,756,A,600000,scorecard
10204419,0.013333,676,B,700000,scorecard
10204424,0.021142,676,B,550000,scorecard
10204440,0.060913,680,A,400000,scorecard
10204481,0.013259,754,A,450000,scorecard
10204486,0.027274,710,A,500000,scorecard
10204529,0.047483,644,B,400000,scorecard
10204530,0.074238,646,B,650000,scorecard
10204546,0.08232,646,B,550000,scorecard
10204575,0.014146,690,A,950000,scorecard
10204582,0.024901,680,A,550000,scorecard
10204585,0.028391,631,C,550000,scorecard
10204588,0.063033,619,C,600000,scorecard
10204605,0.013363,690,A,600000,scorecard
10204623,0.027292,689,A,950000,scorecard
10204628,0.050163,632,C,600000,scorecard
10204658,0.034565,619,C,400000,scorecard
10204687,0.006096,756,A,1000000,scorecard
10204703,0.012346,680,A,400000,scorecard
10204722,0.010395,690,A,1000000,scorecard
10204727,1e-06,1224,A,1000000,scorecard
10204765,0.010395,690,A,600000,scorecard
10204789,0.043628,631,C,500000,scorecard
10204790,0.031109,754,A,1000000,scorecard
10204803,0.012158,689,A,550000,scorecard
10204811,0.003436,754,A,1000000,scorecard
10204813,0.022869,644,B,800000,scorecard
10204847,0.070818,601,C,450000,scorecard
10204865,0.034565,619,C,600000,scorecard
10204867,0.063581,631,C,600000,scorecard
10204887,0.13474,646,B,600000,scorecard
10204913,0.023287,676,B,750000,scorecard
10204919,0.003436,754,A,900000,scorecard
10204930,0.014649,690,A,600000,scorecard
10204959,0.016422,676,B,800000,scorecard
10204968,0.046752,601,C,450000,scorecard
10204969,2e-06,1224,A,500000,scorecard
10204976,2e-06,1224,A,400000,scorecard
10204978,0.030822,690,A,450000,scorecard
10204989,0.034565,619,C,600000,scorecard
10205014,0.004829,754,A,400000,scorecard
10205052,0.003436,754,A,700000,scorecard
10205079,0.007722,756,A,450000,scorecard
10205113,0.046752,601,C,600000,scorecard
10205127,0.004595,754,A,750000,scorecard
10205148,0.05075,646,B,450000,scorecard
10205153,0.003322,756,A,700000,scorecard
10205168,0.005618,754,A,550000,scorecard
10205177,0.004796,756,A,750000,scorecard
10205198,0.010395,690,A,650000,scorecard
10205202,0.003436,754,A,450000,scorecard
10205216,0.027151,754,A,400000,scorecard
10205221,0.028391,631,C,500000,scorecard
10205238,0.05036,631,C,400000,scorecard
10205255,0.198131,646,B,550000,scorecard
10205280,0.015908,690,A,550000,scorecard
10205285,0.037901,614,C,450000,scorecard
10205286,0.010601,689,A,1000000,scorecard
10205289,0.010395,690,A,700000,scorecard
10205296,0.003706,754,A,400000,scorecard
10205304,0.013741,689,A,550000,scorecard
10205318,0.006691,756,A,1000000,scorecard
10205342,0.078623,631,C,550000,scorecard
10205359,0.028391,631,C,600000,scorecard
10205417,0.04496,644,B,450000,scorecard
10205422,1e-06,1224,A,500000,scorecard
10205435,0.010601,689,A,600000,scorecard
10205451,0.023404,680,A,650000,scorecard
10205468,0.034565,619,C,600000,scorecard
10205512,0.035615,632,C,400000,scorecard
10205513,0.013605,756,A,550000,scorecard
10205538,0.010395,690,A,450000,scorecard
10205548,0.023975,676,B,500000,scorecard
10205559,0.010601,689,A,500000,scorecard
10205564,2e-06,1224,A,700000,scorecard
10205593,0.055479,631,C,600000,scorecard
10205607,0.042451,689,A,400000,scorecard
10205611,0.034565,619,C,600000,scorecard
10205639,0.003322,756,A,550000,scorecard
10205649,0.031305,680,A,400000,scorecard
10205654,0.003436,754,A,1000000,scorecard
10205671,0.084623,671,B,600000,scorecard
10205688,0.040884,690,A,1000000,scorecard
10205695,0.034831,689,A,500000,scorecard
10205705,0.010395,690,A,1000000,scorecard
10205722,0.010395,690,A,450000,scorecard
10205728,0.051154,619,C,600000,scorecard
10205735,0.009205,754,A,400000,scorecard
10205739,0.028391,631,C,550000,scorecard
10205745,1e-06,1224,A,700000,scorecard
10205747,0.003322,756,A,850000,scorecard
10205761,0.02022,671,B,400000,scorecard
10205763,0.035703,619,C,450000,scorecard
10205767,0.028591,689,A,450000,scorecard
10205777,0.029702,689,A,500000,scorecard
10205795,0.012799,680,A,400000,scorecard
10205803,0.012988,690,A,400000,scorecard
10205810,1e-06,1224,A,400000,scorecard
10205818,0.019084,754,A,400000,scorecard
10205854,0.074402,644,B,650000,scorecard
10205881,0.011102,690,A,550000,scorecard
10205886,0.010601,689,A,1000000,scorecard
10205892,0.046752,601,C,600000,scorecard
10205963,0.020524,689,A,550000,scorecard
10205968,0.022869,644,B,400000,scorecard
10205974,0.018651,754,A,650000,scorecard
10205979,0.043199,619,C,400000,scorecard
10206023,0.004604,756,A,1000000,scorecard
10206029,0.003436,754,A,450000,scorecard
10206033,0.089195,619,C,400000,scorecard
10206039,0.007187,756,A,500000,scorecard
10206048,0.034565,619,C,600000,scorecard
10206062,0.051715,601,C,400000,scorecard
10206092,0.013917,756,A,550000,scorecard
10206097,0.051564,601,C,400000,scorecard
10206099,0.028391,631,C,550000,scorecard
10206120,1e-06,1224,A,450000,scorecard
10206134,0.010395,690,A,600000,scorecard
10206143,0.016331,680,A,400000,scorecard
10206145,0.14247,619,C,500000,scorecard
10206158,0.027905,637,C,450000,scorecard
10206164,0.007897,756,A,500000,scorecard
10206194,0.015592,771,A,550000,scorecard
10206215,0.010601,689,A,450000,scorecard
10206232,0.010601,689,A,400000,scorecard
10206244,0.010395,690,A,650000,scorecard
10206248,0.046752,601,C,450000,scorecard
10206261,0.010601,689,A,800000,scorecard
10206272,0.040804,644,B,450000,scorecard
10206293,0.096643,601,C,550000,scorecard
10206294,0.010601,689,A,900000,scorecard
10206303,0.014095,676,B,800000,scorecard
10206309,0.046752,601,C,550000,scorecard
10206310,0.032338,646,B,750000,scorecard
10206320,2e-06,1224,A,1000000,scorecard
10206325,0.012346,680,A,550000,scorecard
10206340,0.027778,632,C,600000,scorecard
10206344,0.184943,619,C,600000,scorecard
10206353,0.027232,690,A,650000,scorecard
10206377,0.036458,616,C,400000,scorecard
10206402,0.046752,601,C,600000,scorecard
10206408,0.010395,690,A,700000,scorecard
10206410,0.023576,642,B,800000,scorecard
10206418,0.022222,646,B,800000,scorecard
10206451,0.059396,646,B,750000,scorecard
10206473,0.011071,690,A,500000,scorecard
10206487,0.010601,689,A,450000,scorecard
10206527,0.013271,680,A,800000,scorecard
10206560,0.010445,690,A,950000,scorecard
10206578,0.010395,690,A,500000,scorecard
10206592,0.011916,689,A,450000,scorecard
10206644,0.034565,619,C,600000,scorecard
10206712,0.011005,756,A,550000,scorecard
10206713,0.034565,619,C,550000,scorecard
10206736,0.068894,579,D,400000,control
10206774,0.010601,689,A,450000,scorecard
10206785,0.030612,627,C,550000,scorecard
10206788,0.019927,689,A,550000,scorecard
10206794,0.006977,756,A,700000,scorecard
10206800,0.012346,680,A,450000,scorecard
10206804,0.037277,690,A,500000,scorecard
10206816,0.050725,690,A,450000,scorecard
10206858,0.05374,601,C,400000,scorecard
10206906,0.028391,631,C,600000,scorecard
10206940,0.047438,632,C,550000,scorecard
10206942,0.027444,690,A,500000,scorecard
10206968,0.028364,689,A,550000,scorecard
10206978,1e-06,1224,A,750000,scorecard
10206984,0.010601,689,A,600000,scorecard
10207001,0.051023,619,C,600000,scorecard
10207018,0.037657,614,C,600000,scorecard
10207042,0.012746,680,A,1000000,scorecard
10207053,0.003436,754,A,750000,scorecard
10207055,0.008463,754,A,650000,scorecard
10207061,0.029976,646,B,600000,scorecard
10207100,0.010601,689,A,1000000,scorecard
10207103,0.003436,754,A,600000,scorecard
10207140,0.094138,619,C,400000,scorecard
10207146,0.010395,690,A,1000000,scorecard
10207147,0.046752,601,C,600000,scorecard
10207152,0.013333,676,B,500000,scorecard
10207160,0.010601,689,A,500000,scorecard
10207161,0.030714,644,B,400000,scorecard
10207165,0.033821,644,B,450000,scorecard
10207169,0.046752,601,C,500000,scorecard
10207183,0.022222,646,B,450000,scorecard
10207188,0.036692,676,B,450000,scorecard
10207198,0.023424,690,A,650000,scorecard
10207210,0.049653,680,A,400000,scorecard
10207212,0.014493,671,B,600000,scorecard
10207215,0.112034,644,B,400000,scorecard
10207245,0.028391,631,C,600000,scorecard
10207273,0.006997,756,A,700000,scorecard
10207293,0.011078,756,A,400000,scorecard
10207305,0.029248,644,B,400000,scorecard
10207310,0.003436,754,A,450000,scorecard
10207325,0.006838,755,A,450000,scorecard
10207334,0.007459,710,A,700000,scorecard
10207335,0.037019,619,C,400000,scorecard
10207343,0.010395,690,A,500000,scorecard
10207361,0.064586,601,C,500000,scorecard
10207370,0.028391,631,C,600000,scorecard
10207389,0.003436,754,A,550000,scorecard
10207392,0.022222,646,B,400000,scorecard
10207397,0.034565,619,C,600000,scorecard
10207423,0.012346,680,A,450000,scorecard
10207426,0.003322,756,A,850000,scorecard
10207449,0.007652,756,A,600000,scorecard
10207460,0.022222,646,B,450000,scorecard
10207481,0.312441,619,C,400000,scorecard
10207483,0.010395,690,A,450000,scorecard
10207486,0.022869,644,B,700000,scorecard
10207506,0.017218,689,A,950000,scorecard
10207514,0.022222,646,B,450000,scorecard
10207526,0.084632,644,B,400000,scorecard
10207537,0.007365,710,A,600000,scorecard
10207552,0.010601,689,A,1000000,scorecard
10207570,0.034565,619,C,550000,scorecard
10207580,0.012346,680,A,550000,scorecard
10207583,0.028391,631,C,400000,scorecard
10207595,0.013407,690,A,400000,scorecard
10207600,0.046752,601,C,600000,scorecard
10207630,0.018505,689,A,1000000,scorecard
10207643,0.115042,671,B,400000,scorecard
10207661,0.057523,646,B,800000,scorecard
10207666,6e-06,1224,A,500000,scorecard
10207691,0.037521,644,B,550000,scorecard
10207702,0.048609,619,C,500000,scorecard
10207725,0.021925,756,A,600000,scorecard
10207774,0.010601,689,A,450000,scorecard
10207798,0.003436,754,A,500000,scorecard
10207814,0.019733,689,A,550000,scorecard
10207818,0.049718,619,C,500000,scorecard
10207829,0.034039,631,C,600000,scorecard
10207850,0.022478,645,B,800000,scorecard
10207856,0.032681,689,A,750000,scorecard
10207857,0.074885,689,A,450000,scorecard
10207876,2e-06,1224,A,700000,scorecard
10207885,0.013333,676,B,600000,scorecard
10207895,0.130271,644,B,500000,scorecard
10207907,0.011016,689,A,700000,scorecard
10207912,0.078843,637,C,500000,scorecard
10207915,0.007375,756,A,400000,scorecard
10207923,0.028391,631,C,600000,scorecard
10207928,0.010395,690,A,800000,scorecard
10207944,0.030388,644,B,400000,scorecard
10207962,0.010601,689,A,450000,scorecard
10207971,0.036222,627,C,400000,scorecard
10207976,0.004852,754,A,650000,scorecard
10207984,0.030612,627,C,450000,scorecard
10208016,0.010601,689,A,450000,scorecard
10208033,0.007807,754,A,1000000,scorecard
10208078,0.034012,631,C,450000,scorecard
10208087,0.010395,690,A,1000000,scorecard
10208088,0.023402,690,A,700000,scorecard
10208093,0.010601,689,A,400000,scorecard
10208094,0.019312,680,A,400000,scorecard
10208102,0.010543,756,A,850000,scorecard
10208119,0.052092,619,C,600000,scorecard
10208139,0.037901,614,C,600000,scorecard
10208141,0.049501,644,B,600000,scorecard
10208145,0.012443,756,A,1000000,scorecard
10208153,0.059145,690,A,1000000,scorecard
10208177,0.003436,754,A,900000,scorecard
10208190,0.04222,644,B,800000,scorecard
10208197,0.02691,690,A,750000,scorecard
10208201,0.143555,619,C,450000,scorecard
10208204,0.039479,644,B,450000,scorecard
10208227,0.040963,619,C,600000,scorecard
10208231,0.032343,690,A,1000000,scorecard
10208242,0.031795,631,C,550000,scorecard
10208257,0.003436,754,A,400000,scorecard
10208265,0.010601,689,A,1000000,scorecard
10208290,0.069992,646,B,500000,scorecard
10208294,0.014129,690,A,400000,scorecard
10208296,0.019061,680,A,650000,scorecard
10208298,0.033216,690,A,450000,scorecard
10208308,0.00527,754,A,500000,scorecard
10208358,0.034565,619,C,600000,scorecard
10208365,0.007353,710,A,700000,scorecard
10208367,0.005333,756,A,450000,scorecard
10208368,0.031154,689,A,1000000,scorecard
10208387,0.022222,646,B,550000,scorecard
10208419,0.058096,644,B,650000,scorecard
10208455,0.022387,690,A,700000,scorecard
10208457,0.046752,601,C,400000,scorecard
10208464,0.028657,631,C,600000,scorecard
10208487,0.019108,690,A,650000,scorecard
10208488,0.010601,689,A,500000,scorecard
10208494,0.003322,756,A,550000,scorecard
10208528,0.028809,646,B,450000,scorecard
10208537,0.003768,754,A,500000,scorecard
10208561,0.010395,690,A,950000,scorecard
10208574,0.028391,631,C,450000,scorecard
10208579,0.033016,690,A,800000,scorecard
10208597,0.046752,601,C,600000,scorecard
10208606,0.013242,689,A,1000000,scorecard
10208614,0.003917,754,A,600000,scorecard
10208620,0.015904,689,A,950000,scorecard
10208632,0.037155,632,C,500000,scorecard
10208651,0.06971,619,C,400000,scorecard
10208675,0.034565,619,C,400000,scorecard
10208677,0.004788,756,A,1000000,scorecard
10208680,0.029813,680,A,550000,scorecard
10208681,0.046116,644,B,600000,scorecard
10208686,0.069192,601,C,500000,scorecard
10208701,0.010601,689,A,1000000,scorecard
10208707,0.013629,689,A,700000,scorecard
10208744,0.003933,756,A,1000000,scorecard
10208761,0.168271,601,C,450000,scorecard
10208766,0.076861,634,C,500000,scorecard
10208769,0.014727,676,B,450000,scorecard
10208785,0.046421,680,A,700000,scorecard
10208798,0.035359,646,B,450000,scorecard
10208818,0.022869,644,B,800000,scorecard
10208820,0.110245,644,B,400000,scorecard
10208826,0.005646,756,A,400000,scorecard
10208828,0.022222,646,B,800000,scorecard
10208829,0.022222,646,B,500000,scorecard
10208836,0.15273,579,D,400000,control
10208841,0.003322,756,A,500000,scorecard
10208889,0.013333,676,B,700000,scorecard
10208901,0.013462,754,A,400000,scorecard
10208912,0.007134,754,A,800000,scorecard
10208917,0.043307,644,B,650000,scorecard
10208933,0.156339,619,C,550000,scorecard
10208963,0.046752,601,C,600000,scorecard
10208965,0.019122,689,A,750000,scorecard
10208966,1e-06,1224,A,500000,scorecard
10208980,0.005955,756,A,500000,scorecard
10208983,0.025487,637,C,600000,scorecard
10208985,0.044765,689,A,550000,scorecard
10209037,0.007353,710,A,1000000,scorecard
10209043,2e-06,1224,A,400000,scorecard
10209097,0.010601,689,A,1000000,scorecard
10209098,0.014167,690,A,400000,scorecard
10209113,0.00664,754,A,600000,scorecard
10209118,0.0439,680,A,500000,scorecard
10209133,0.012346,680,A,450000,scorecard
10209142,0.007801,710,A,500000,scorecard
10209153,0.085004,619,C,400000,scorecard
10209158,0.031561,690,A,500000,scorecard
10209170,0.03753,619,C,600000,scorecard
10209190,0.018876,680,A,950000,scorecard
10209198,0.097104,601,C,500000,scorecard
10209204,0.010395,690,A,450000,scorecard
10209224,0.035797,619,C,400000,scorecard
10209235,0.025954,690,A,1000000,scorecard
10209254,0.193618,619,C,600000,scorecard
10209267,0.129566,552,E,400000,control
10209269,0.025035,689,A,600000,scorecard
10209303,0.022222,646,B,800000,scorecard
10209343,0.183518,601,C,450000,scorecard
10209349,0.022222,646,B,600000,scorecard
10209368,0.029563,689,A,550000,scorecard
10209370,0.022222,646,B,400000,scorecard
10209442,0.008083,756,A,500000,scorecard
10209469,0.013333,676,B,600000,scorecard
10209482,0.056292,646,B,650000,scorecard
10209527,0.034565,619,C,600000,scorecard
10209528,0.005489,756,A,1000000,scorecard
10209585,0.10968,640,B,550000,scorecard
10209593,0.034565,619,C,600000,scorecard
10209599,0.007353,710,A,400000,scorecard
10209600,0.009796,756,A,650000,scorecard
10209601,0.039657,631,C,450000,scorecard
10209603,0.010395,690,A,750000,scorecard
10209606,0.034565,619,C,500000,scorecard
10209618,0.030612,627,C,600000,scorecard
10209624,0.130105,646,B,800000,scorecard
10209705,0.039098,619,C,600000,scorecard
10209749,0.022222,646,B,800000,scorecard
10209779,0.020538,690,A,800000,scorecard
10209780,0.046752,601,C,600000,scorecard
10209781,0.074376,689,A,550000,scorecard
10209792,0.042181,689,A,600000,scorecard
10209827,0.003322,756,A,650000,scorecard
10209834,0.022222,646,B,500000,scorecard
10209872,0.027778,632,C,450000,scorecard
10209880,0.043276,631,C,600000,scorecard
10209890,0.010601,689,A,400000,scorecard
10209907,0.017409,680,A,450000,scorecard
10209927,0.091138,680,A,600000,scorecard
10209945,0.010601,689,A,1000000,scorecard
10209951,0.042012,619,C,400000,scorecard
10209956,0.003436,754,A,450000,scorecard
10209965,0.010601,689,A,400000,scorecard
10210002,0.00675,756,A,500000,scorecard
10210013,0.013333,676,B,550000,scorecard
10210014,0.010395,690,A,400000,scorecard
10210022,0.073226,689,A,850000,scorecard
10210045,0.007353,710,A,1000000,scorecard
10210093,1e-06,1224,A,1000000,scorecard
10210098,0.038427,632,C,500000,scorecard
10210111,0.003947,754,A,650000,scorecard
10210121,0.034565,619,C,600000,scorecard
10210160,0.049428,631,C,400000,scorecard
10210184,0.022222,646,B,750000,scorecard
10210192,0.034565,619,C,550000,scorecard
10210216,0.047195,631,C,400000,scorecard
10210239,0.055076,619,C,400000,scorecard
10210247,0.023653,680,A,850000,scorecard
10210259,0.170759,616,C,500000,scorecard
10210264,2e-06,1224,A,850000,scorecard
10210265,0.034565,619,C,550000,scorecard
10210267,1e-06,1224,A,400000,scorecard
10210270,0.003436,754,A,500000,scorecard
10210275,5e-06,1224,A,400000,scorecard
10210279,0.010395,690,A,1000000,scorecard
10210301,0.054684,646,B,450000,scorecard
10210322,0.094591,637,C,600000,scorecard
10210334,0.013333,676,B,400000,scorecard
10210344,0.022869,644,B,750000,scorecard
10210348,0.010395,690,A,650000,scorecard
10210361,0.021873,690,A,400000,scorecard
10210375,5e-06,1224,A,650000,scorecard
10210379,0.021975,690,A,400000,scorecard
10210424,0.013333,676,B,400000,scorecard
10210430,0.098171,619,C,400000,scorecard
10210439,0.01112,690,A,700000,scorecard
10210445,0.05835,601,C,600000,scorecard
10210469,0.041777,640,B,800000,scorecard
10210482,0.018568,689,A,750000,scorecard
10210485,0.06027,690,A,450000,scorecard
10210497,0.003322,756,A,650000,scorecard
10210520,0.003436,754,A,500000,scorecard
10210530,0.045797,689,A,1000000,scorecard
10210551,0.028391,631,C,600000,scorecard
10210557,0.03613,619,C,450000,scorecard
10210560,0.027778,632,C,400000,scorecard
10210569,0.046752,601,C,600000,scorecard
10210570,0.028391,631,C,600000,scorecard
10210579,0.003436,754,A,450000,scorecard
10210584,0.046752,601,C,600000,scorecard
10210587,0.011594,756,A,500000,scorecard
10210611,0.010601,689,A,800000,scorecard
10210618,0.013333,676,B,800000,scorecard
10210625,0.010395,690,A,400000,scorecard
10210626,0.010395,690,A,1000000,scorecard
10210659,0.046752,601,C,600000,scorecard
10210666,0.012012,690,A,500000,scorecard
10210668,0.011332,754,A,900000,scorecard
10210693,0.003859,756,A,450000,scorecard
10210697,0.139576,619,C,600000,scorecard
10210702,0.057779,619,C,600000,scorecard
10210709,0.013333,676,B,400000,scorecard
10210727,0.034565,619,C,600000,scorecard
10210728,0.028391,631,C,600000,scorecard
10210736,0.022222,646,B,400000,scorecard
10210771,0.115792,619,C,600000,scorecard
10210774,0.067651,614,C,400000,scorecard
10210821,0.010522,690,A,400000,scorecard
10210856,0.01206,689,A,1000000,scorecard
10210865,0.052357,601,C,500000,scorecard
10210870,0.028391,631,C,400000,scorecard
10210883,0.058153,601,C,600000,scorecard
10210903,0.025487,637,C,600000,scorecard
10210912,0.004667,754,A,750000,scorecard
10210919,0.055006,680,A,700000,scorecard
10210946,0.227668,601,C,400000,scorecard
10210949,0.120201,601,C,400000,scorecard
10210972,0.050968,627,C,600000,scorecard
10210989,0.034565,619,C,450000,scorecard
10211004,0.003436,754,A,650000,scorecard
10211050,0.032352,627,C,450000,scorecard
10211073,0.010601,689,A,450000,scorecard
10211075,0.025487,637,C,500000,scorecard
10211091,0.034565,619,C,600000,scorecard
10211101,0.011359,690,A,850000,scorecard
10211109,0.022869,644,B,800000,scorecard
10211112,0.108254,644,B,650000,scorecard
10211120,0.024081,671,B,400000,scorecard
10211127,0.036458,616,C,500000,scorecard
10211139,1e-06,1224,A,450000,scorecard
10211150,1e-06,1224,A,600000,scorecard
10211162,0.042902,619,C,600000,scorecard
10211167,0.046752,601,C,600000,scorecard
10211208,0.028389,689,A,450000,scorecard
10211252,0.015721,690,A,400000,scorecard
10211253,0.063029,601,C,400000,scorecard
10211255,0.022222,646,B,500000,scorecard
10211269,0.05644,690,A,450000,scorecard
10211303,0.010395,690,A,1000000,scorecard
10211312,0.041796,680,A,950000,scorecard
10211331,0.010601,689,A,400000,scorecard
10211333,0.003322,756,A,450000,scorecard
10211338,0.037289,689,A,600000,scorecard
10211344,0.003942,756,A,400000,scorecard
10211355,0.007353,710,A,1000000,scorecard
10211362,0.014804,689,A,700000,scorecard
10211363,0.004183,754,A,400000,scorecard
10211389,0.003322,756,A,550000,scorecard
10211407,0.024902,689,A,450000,scorecard
10211412,0.005008,754,A,850000,scorecard
10211432,0.003436,754,A,900000,scorecard
10211433,0.028391,631,C,600000,scorecard
10211437,0.037901,614,C,500000,scorecard
10211458,0.046,646,B,500000,scorecard
10211470,0.010601,689,A,600000,scorecard
10211475,0.187185,601,C,500000,scorecard
10211478,0.034565,619,C,600000,scorecard
10211509,0.034565,619,C,450000,scorecard
10211525,0.021229,689,A,400000,scorecard
10211531,0.025824,690,A,450000,scorecard
10211538,0.010395,690,A,650000,scorecard
10211560,0.011736,689,A,950000,scorecard
10211561,0.034565,619,C,400000,scorecard
10211575,0.046752,601,C,600000,scorecard
10211615,0.030281,631,C,400000,scorecard
10211647,0.040998,619,C,550000,scorecard
10211722,0.014631,680,A,600000,scorecard
10211724,0.046752,601,C,600000,scorecard
10211731,4e-06,1224,A,400000,scorecard
10211733,0.005023,754,A,400000,scorecard
10211745,0.034565,619,C,600000,scorecard
10211784,0.154188,601,C,600000,scorecard
10211785,0.100031,601,C,400000,scorecard
10211789,0.022869,644,B,550000,scorecard
10211797,0.01051,756,A,650000,scorecard
10211809,3e-06,1224,A,500000,scorecard
10211812,0.046775,690,A,600000,scorecard
10211826,0.114665,619,C,600000,scorecard
10211851,0.066322,689,A,600000,scorecard
10211854,0.034565,619,C,450000,scorecard
10211868,0.032391,689,A,800000,scorecard
10211871,0.013333,676,B,550000,scorecard
10211876,0.02291,756,A,650000,scorecard
10211883,0.022476,680,A,650000,scorecard
10211885,0.039607,619,C,600000,scorecard
10211890,0.013333,676,B,700000,scorecard
10211912,0.031867,637,C,600000,scorecard
10211932,0.015917,689,A,600000,scorecard
10211944,0.086483,601,C,400000,scorecard
10211947,0.02439,640,B,500000,scorecard
10211948,0.010601,689,A,450000,scorecard
10211950,0.034565,619,C,450000,scorecard
10211974,0.013811,680,A,600000,scorecard
10211981,0.003322,756,A,650000,scorecard
10211991,0.086632,690,A,700000,scorecard
10212024,0.008663,754,A,400000,scorecard
10212031,0.046752,601,C,600000,scorecard
10212040,0.006097,754,A,850000,scorecard
10212052,0.148343,601,C,600000,scorecard
10212054,0.022222,646,B,750000,scorecard
10212073,0.014192,689,A,650000,scorecard
10212081,0.014493,671,B,550000,scorecard
10212090,0.05691,689,A,650000,scorecard
10212095,0.022869,644,B,550000,scorecard
10212132,0.020105,680,A,1000000,scorecard
10212140,0.022869,644,B,650000,scorecard
10212141,0.030311,680,A,1000000,scorecard
10212170,0.015248,690,A,600000,scorecard
10212171,0.027778,632,C,500000,scorecard
10212185,0.003436,754,A,450000,scorecard
10212189,0.003436,754,A,450000,scorecard
10212217,0.019636,680,A,1000000,scorecard
10212221,0.046752,601,C,400000,scorecard
10212228,0.004692,754,A,450000,scorecard
10212237,0.150539,644,B,700000,scorecard
10212262,0.013191,690,A,450000,scorecard
10212274,0.057997,627,C,450000,scorecard
10212303,0.039096,644,B,700000,scorecard
10212319,0.003436,754,A,850000,scorecard
10212335,0.012292,690,A,450000,scorecard
10212343,0.010395,690,A,400000,scorecard
10212356,0.011447,690,A,550000,scorecard
10212400,0.013333,676,B,550000,scorecard
10212405,0.077812,646,B,500000,scorecard
10212418,0.007353,710,A,850000,scorecard
10212420,0.034565,619,C,600000,scorecard
10212428,0.013333,676,B,500000,scorecard
10212452,0.022008,689,A,400000,scorecard
10212464,0.010395,690,A,450000,scorecard
10212480,0.034565,619,C,550000,scorecard
10212505,0.053698,627,C,600000,scorecard
10212513,0.016904,710,A,400000,scorecard
10212536,0.010601,689,A,1000000,scorecard
10212538,0.022869,644,B,400000,scorecard
10212543,0.012346,680,A,400000,scorecard
10212569,0.004561,756,A,800000,scorecard
10212576,0.007741,756,A,450000,scorecard
10212583,0.005105,756,A,650000,scorecard
10212597,0.034565,619,C,500000,scorecard
10212599,0.026627,690,A,400000,scorecard
10212604,0.243544,601,C,400000,scorecard
10212612,0.012346,680,A,550000,scorecard
10212615,0.003436,754,A,500000,scorecard
10212623,0.033015,690,A,400000,scorecard
10212631,0.027778,632,C,450000,scorecard
10212635,0.036595,640,B,650000,scorecard
10212652,0.046703,627,C,450000,scorecard
10212675,0.046752,601,C,600000,scorecard
10212683,1e-06,1224,A,1000000,scorecard
10212687,0.010395,690,A,400000,scorecard
10212700,0.119136,601,C,550000,scorecard
10212702,0.003322,756,A,800000,scorecard
10212705,0.038643,619,C,400000,scorecard
10212715,0.004111,754,A,1000000,scorecard
10212741,0.039545,671,B,400000,scorecard
10212750,0.025487,637,C,400000,scorecard
10212753,0.037901,614,C,600000,scorecard
10212808,0.028391,631,C,550000,scorecard
10212819,0.040268,646,B,500000,scorecard
10212829,0.036458,616,C,600000,scorecard
10212835,0.010601,689,A,750000,scorecard
10212840,0.044594,619,C,600000,scorecard
10212862,0.050038,690,A,450000,scorecard
10212869,0.018658,690,A,1000000,scorecard
10212870,0.045433,644,B,550000,scorecard
10212892,0.03088,690,A,500000,scorecard
10212897,0.015205,710,A,500000,scorecard
10212901,0.077767,640,B,450000,scorecard
10212913,0.010395,690,A,500000,scorecard
10212924,0.014256,689,A,900000,scorecard
10212956,0.022869,644,B,800000,scorecard
10212982,0.003436,754,A,400000,scorecard
10212987,0.085025,644,B,800000,scorecard
10212989,0.022222,646,B,750000,scorecard
10212994,0.009508,754,A,400000,scorecard
10213004,0.030612,627,C,600000,scorecard
10213014,0.028246,689,A,1000000,scorecard
10213026,0.026447,689,A,450000,scorecard
10213031,0.028391,631,C,500000,scorecard
10213055,0.067514,614,C,450000,scorecard
10213057,0.003322,756,A,1000000,scorecard
10213068,0.012703,756,A,450000,scorecard
10213093,1e-06,1224,A,1000000,scorecard
10213142,0.260355,601,C,600000,scorecard
10213152,0.012346,680,A,400000,scorecard
10213171,0.003436,754,A,450000,scorecard
10213193,0.003436,754,A,1000000,scorecard
10213206,1e-06,1224,A,550000,scorecard
10213210,0.034565,619,C,400000,scorecard
10213213,0.036458,616,C,600000,scorecard
10213215,0.056555,619,C,550000,scorecard
10213216,0.010601,689,A,850000,scorecard
10213219,0.034565,619,C,600000,scorecard
10213232,0.079353,614,C,550000,scorecard
10213239,5e-06,1224,A,500000,scorecard
10213253,0.031023,680,A,450000,scorecard
10213255,0.030992,646,B,400000,scorecard
10213262,0.013333,676,B,800000,scorecard
10213290,0.010395,690,A,900000,scorecard
10213308,0.016397,690,A,550000,scorecard
10213310,0.011036,689,A,500000,scorecard
10213321,0.006905,756,A,400000,scorecard
10213327,0.003939,754,A,400000,scorecard
10213336,0.034565,619,C,600000,scorecard
10213348,0.003322,756,A,500000,scorecard
10213358,0.028391,631,C,550000,scorecard
10213364,0.012944,690,A,650000,scorecard
10213387,0.011775,690,A,600000,scorecard
10213431,0.010395,690,A,450000,scorecard
10213458,0.040767,619,C,450000,scorecard
10213475,0.016081,676,B,500000,scorecard
10213490,0.03666,627,C,400000,scorecard
10213534,0.023323,680,A,1000000,scorecard
10213542,0.034565,619,C,600000,scorecard
10213555,0.004892,756,A,1000000,scorecard
10213598,0.032652,631,C,450000,scorecard
10213633,0.077373,619,C,500000,scorecard
10213646,0.004296,756,A,1000000,scorecard
10213684,0.013333,676,B,800000,scorecard
10213685,4e-06,1224,A,450000,scorecard
10213709,0.004762,756,A,700000,scorecard
10213735,0.025603,644,B,450000,scorecard
10213741,0.003322,756,A,850000,scorecard
10213744,0.012346,680,A,1000000,scorecard
10213749,0.023271,690,A,550000,scorecard
10213754,0.018661,756,A,450000,scorecard
10213770,0.041039,619,C,550000,scorecard
10213792,0.088406,644,B,700000,scorecard
10213796,0.051988,676,B,400000,scorecard
10213803,0.010395,690,A,1000000,scorecard
10213815,0.007345,754,A,400000,scorecard
10213819,0.010601,689,A,950000,scorecard
10213820,0.030612,627,C,500000,scorecard
10213826,0.037216,631,C,500000,scorecard
10213861,0.034565,619,C,550000,scorecard
10213896,0.003436,754,A,400000,scorecard
10213898,0.027778,632,C,600000,scorecard
10213921,0.013333,676,B,450000,scorecard
10213954,0.037025,689,A,1000000,scorecard
10213960,0.020355,676,B,500000,scorecard
10213962,0.003701,754,A,700000,scorecard
10213974,0.013333,676,B,800000,scorecard
10214034,0.074234,601,C,600000,scorecard
10214044,0.027582,676,B,800000,scorecard
10214048,0.006757,754,A,450000,scorecard
10214054,0.030982,689,A,600000,scorecard
10214079,0.043955,690,A,550000,scorecard
10214094,0.010395,690,A,550000,scorecard
10214097,0.041966,614,C,500000,scorecard
10214102,0.013239,710,A,400000,scorecard
10214106,1e-06,1224,A,1000000,scorecard
10214139,0.013333,676,B,800000,scorecard
10214155,0.010395,690,A,400000,scorecard
10214188,0.064708,690,A,600000,scorecard
10214204,0.012346,680,A,800000,scorecard
10214232,0.025487,637,C,600000,scorecard
10214235,0.004605,754,A,400000,scorecard
10214256,0.003436,754,A,400000,scorecard
10214261,0.013333,676,B,800000,scorecard
10214264,0.016089,710,A,400000,scorecard
10214268,0.010395,690,A,400000,scorecard
10214289,0.065839,619,C,600000,scorecard
10214295,0.060919,690,A,1000000,scorecard
10214308,0.049069,710,A,700000,scorecard
10214362,0.003436,754,A,550000,scorecard
10214368,0.034565,619,C,600000,scorecard
10214396,0.004052,754,A,450000,scorecard
10214411,0.007353,710,A,450000,scorecard
10214422,0.031153,690,A,1000000,scorecard
10214440,0.041924,619,C,450000,scorecard
10214441,0.028391,631,C,450000,scorecard
10214461,0.00471,754,A,800000,scorecard
10214503,0.01608,689,A,400000,scorecard
10214504,0.010395,690,A,500000,scorecard
10214516,0.017507,690,A,1000000,scorecard
10214522,0.010395,690,A,950000,scorecard
10214523,0.003436,754,A,1000000,scorecard
10214564,0.003322,756,A,950000,scorecard
10214579,0.034565,619,C,600000,scorecard
10214584,0.016178,689,A,400000,scorecard
10214594,0.010944,690,A,550000,scorecard
10214607,0.026033,680,A,550000,scorecard
10214610,0.028391,631,C,600000,scorecard
10214614,0.028391,631,C,600000,scorecard
10214621,0.003436,754,A,1000000,scorecard
10214622,0.005883,756,A,500000,scorecard
10214630,0.017745,689,A,950000,scorecard
10214634,0.010395,690,A,1000000,scorecard
10214656,0.01082,689,A,650000,scorecard
10214657,0.05936,632,C,450000,scorecard
10214664,0.003793,754,A,400000,scorecard
10214695,0.026617,689,A,650000,scorecard
10214697,0.046752,601,C,600000,scorecard
10214723,0.02954,756,A,750000,scorecard
10214754,0.034565,619,C,600000,scorecard
10214773,0.023807,756,A,500000,scorecard
10214791,0.030612,627,C,600000,scorecard
10214815,0.016243,710,A,450000,scorecard
10214818,0.141944,631,C,400000,scorecard
10214827,0.003944,754,A,450000,scorecard
10214835,2e-06,1224,A,650000,scorecard
10214855,0.00483,754,A,450000,scorecard
10214870,0.016666,689,A,450000,scorecard
10214875,0.027292,754,A,700000,scorecard
10214891,0.034565,619,C,500000,scorecard
10214893,0.014574,690,A,450000,scorecard
10214895,0.021429,689,A,750000,scorecard
10214902,0.010601,689,A,1000000,scorecard
10214927,0.060271,680,A,750000,scorecard
10214929,0.013333,676,B,450000,scorecard
10214952,0.010395,690,A,400000,scorecard
10214960,0.046752,601,C,500000,scorecard
10214961,0.079733,627,C,400000,scorecard
10214963,0.027778,632,C,500000,scorecard
10214995,0.056048,640,B,600000,scorecard
10215003,7e-06,1224,A,450000,scorecard
10215006,0.003322,756,A,450000,scorecard
10215013,0.003322,756,A,500000,scorecard
10215032,0.010952,756,A,450000,scorecard
10215039,0.023822,646,B,650000,scorecard
10215047,0.080624,646,B,550000,scorecard
10215056,0.003322,756,A,450000,scorecard
10215071,0.063576,690,A,500000,scorecard
10215075,0.010655,754,A,400000,scorecard
10215086,0.012346,680,A,850000,scorecard
10215115,0.036278,644,B,400000,scorecard
10215125,0.010395,690,A,450000,scorecard
10215135,0.043987,619,C,450000,scorecard
10215147,0.031642,689,A,550000,scorecard
10215159,0.034499,756,A,600000,scorecard
10215160,0.033666,631,C,450000,scorecard
10215175,0.034565,619,C,550000,scorecard
10215176,0.04228,689,A,400000,scorecard
10215185,0.02439,640,B,800000,scorecard
10215198,0.010601,689,A,850000,scorecard
10215206,0.058138,689,A,750000,scorecard
10215251,0.035027,646,B,400000,scorecard
10215256,0.00956,754,A,500000,scorecard
10215268,0.105861,690,A,500000,scorecard
10215281,0.010264,754,A,900000,scorecard
10215316,0.02608,689,A,600000,scorecard
10215322,0.017575,689,A,400000,scorecard
10215329,0.089133,671,B,600000,scorecard
10215341,0.010395,690,A,800000,scorecard
10215342,0.048152,637,C,600000,scorecard
10215376,0.013679,689,A,800000,scorecard
10215389,0.011985,690,A,450000,scorecard
10215402,0.034565,619,C,600000,scorecard
10215403,0.008728,754,A,800000,scorecard
10215410,0.028391,631,C,550000,scorecard
10215420,0.053421,671,B,450000,scorecard
10215429,0.027778,632,C,600000,scorecard
10215431,0.01043,690,A,450000,scorecard
10215435,0.007647,754,A,500000,scorecard
10215436,0.058564,646,B,450000,scorecard
10215443,0.003436,754,A,750000,scorecard
10215460,0.025341,680,A,650000,scorecard
10215465,0.010395,690,A,850000,scorecard
10215483,1e-06,1224,A,600000,scorecard
10215486,0.011816,756,A,500000,scorecard
10215492,0.027778,632,C,600000,scorecard
10215505,2e-06,1224,A,900000,scorecard
10215520,0.012332,754,A,450000,scorecard
10215527,0.046752,601,C,600000,scorecard
10215540,0.015771,680,A,1000000,scorecard
10215541,0.030858,710,A,600000,scorecard
10215547,0.025916,689,A,400000,scorecard
10215551,0.010601,689,A,750000,scorecard
10215579,0.025487,637,C,600000,scorecard
10215583,3e-06,1224,A,400000,scorecard
10215596,0.012708,754,A,800000,scorecard
10215598,0.086261,619,C,400000,scorecard
10215605,0.022234,646,B,800000,scorecard
10215629,0.028391,631,C,600000,scorecard
10215646,0.010124,756,A,950000,scorecard
10215660,0.090316,690,A,500000,scorecard
10215684,0.022222,646,B,800000,scorecard
10215690,0.010395,690,A,450000,scorecard
10215703,0.037657,614,C,600000,scorecard
10215762,0.003436,754,A,400000,scorecard
10215764,0.08666,619,C,450000,scorecard
10215771,0.037357,676,B,450000,scorecard
10215810,0.028391,631,C,400000,scorecard
10215817,0.058893,619,C,450000,scorecard
10215840,0.02439,640,B,400000,scorecard
10215847,0.032544,689,A,450000,scorecard
10215858,0.008004,756,A,700000,scorecard
10215873,0.003322,756,A,650000,scorecard
10215876,0.007755,754,A,550000,scorecard
10215915,0.003436,754,A,400000,scorecard
10215916,0.017242,689,A,1000000,scorecard
10215977,0.028521,640,B,800000,scorecard
10215979,0.064072,644,B,450000,scorecard
10215994,0.003436,754,A,450000,scorecard
10216005,0.034565,619,C,400000,scorecard
10216008,0.003322,756,A,550000,scorecard
10216010,0.096614,646,B,450000,scorecard
10216015,0.016115,689,A,400000,scorecard
10216020,0.037657,614,C,600000,scorecard
10216023,0.012346,680,A,450000,scorecard
10216036,0.034565,619,C,600000,scorecard
10216049,0.003322,756,A,750000,scorecard
10216072,0.010395,690,A,550000,scorecard
10216075,0.022417,689,A,1000000,scorecard
10216093,0.034565,619,C,600000,scorecard
10216099,0.031187,644,B,550000,scorecard
10216108,0.036458,616,C,400000,scorecard
10216116,0.028391,631,C,600000,scorecard
10216145,0.010601,689,A,450000,scorecard
10216182,0.003436,754,A,400000,scorecard
10216194,0.042625,616,C,500000,scorecard
10216195,0.017017,680,A,550000,scorecard
10216215,0.131361,579,D,400000,control
10216232,0.034238,631,C,500000,scorecard
10216271,0.013405,690,A,500000,scorecard
10216278,0.022702,754,A,550000,scorecard
10216281,0.034565,619,C,600000,scorecard
10216288,0.053213,671,B,800000,scorecard
10216303,0.092369,619,C,400000,scorecard
10216327,0.010395,690,A,750000,scorecard
10216338,0.022222,646,B,600000,scorecard
10216345,0.065059,631,C,550000,scorecard
10216346,0.062228,680,A,450000,scorecard
10216361,0.006248,754,A,1000000,scorecard
10216370,1e-06,1224,A,1000000,scorecard
10216400,0.028391,631,C,600000,scorecard
10216435,0.022869,644,B,450000,scorecard
10216442,0.012346,680,A,600000,scorecard
10216477,0.031469,671,B,500000,scorecard
10216484,0.021583,680,A,600000,scorecard
10216489,0.010395,690,A,500000,scorecard
10216491,0.005489,754,A,600000,scorecard
10216512,2e-06,1224,A,550000,scorecard
10216543,0.004874,756,A,1000000,scorecard
10216547,0.005656,756,A,800000,scorecard
10216550,0.015608,676,B,400000,scorecard
10216553,0.014493,671,B,450000,scorecard
10216564,0.007392,754,A,650000,scorecard
10216574,0.046752,601,C,600000,scorecard
10216586,0.04336,690,A,1000000,scorecard
10216589,0.013355,690,A,900000,scorecard
10216594,0.028391,631,C,450000,scorecard
10216615,0.046752,601,C,600000,scorecard
10216619,0.01381,690,A,950000,scorecard
10216626,0.022222,646,B,450000,scorecard
10216627,0.00559,754,A,650000,scorecard
10216657,0.030753,680,A,550000,scorecard
10216669,0.038459,619,C,450000,scorecard
10216692,0.027778,632,C,600000,scorecard
10216693,0.025487,637,C,400000,scorecard
10216727,0.037657,614,C,550000,scorecard
10216747,0.046752,601,C,500000,scorecard
10216749,0.007228,756,A,1000000,scorecard
10216762,0.03859,616,C,600000,scorecard
10216773,0.022869,644,B,800000,scorecard
10216774,0.034565,619,C,600000,scorecard
10216777,0.010395,690,A,400000,scorecard
10216786,0.022263,646,B,500000,scorecard
10216794,0.010395,690,A,1000000,scorecard
10216797,0.077909,689,A,400000,scorecard
10216810,0.034565,619,C,400000,scorecard
10216824,0.027322,680,A,950000,scorecard
10216836,0.020289,689,A,450000,scorecard
10216853,0.032403,690,A,850000,scorecard
10216865,0.046752,601,C,600000,scorecard
10216895,0.238068,646,B,450000,scorecard
10216932,1e-06,1224,A,450000,scorecard
10216944,0.029028,689,A,450000,scorecard
10216956,0.023542,646,B,500000,scorecard
10216981,0.020352,690,A,700000,scorecard
10217018,0.010395,690,A,450000,scorecard
10217030,0.013759,690,A,550000,scorecard
10217031,0.014493,671,B,550000,scorecard
10217033,0.072831,601,C,500000,scorecard
10217045,4e-06,1224,A,1000000,scorecard
10217046,0.028391,631,C,600000,scorecard
10217054,0.013333,676,B,400000,scorecard
10217059,0.007353,710,A,550000,scorecard
10217090,0.168662,601,C,500000,scorecard
10217096,0.034565,619,C,600000,scorecard
10217104,0.078245,619,C,400000,scorecard
10217105,0.027957,676,B,400000,scorecard
10217154,0.003436,754,A,600000,scorecard
10217185,0.036506,690,A,450000,scorecard
10217195,0.032554,632,C,500000,scorecard
10217201,0.052237,614,C,550000,scorecard
10217225,0.003436,754,A,1000000,scorecard
10217242,0.087219,616,C,400000,scorecard
10217263,0.067065,646,B,500000,scorecard
10217287,0.022222,646,B,450000,scorecard
10217301,0.037901,614,C,450000,scorecard
10217309,2e-06,1224,A,550000,scorecard
10217310,0.010601,689,A,800000,scorecard
10217357,0.022869,644,B,800000,scorecard
10217359,0.069997,619,C,550000,scorecard
10217360,0.030612,627,C,600000,scorecard
10217362,0.003506,754,A,500000,scorecard
10217369,0.024777,690,A,450000,scorecard
10217372,0.041723,619,C,450000,scorecard
10217381,2e-06,1224,A,800000,scorecard
10217386,0.038043,619,C,400000,scorecard
10217398,0.050611,689,A,400000,scorecard
10217435,0.046752,601,C,600000,scorecard
10217460,0.022869,644,B,400000,scorecard
10217514,0.034565,619,C,600000,scorecard
10217548,0.008315,754,A,400000,scorecard
10217572,0.034565,619,C,450000,scorecard
10217573,0.020467,689,A,1000000,scorecard
10217596,0.018613,676,B,400000,scorecard
10217613,0.00597,754,A,1000000,scorecard
10217657,0.025893,636,C,400000,scorecard
10217677,0.26648,553,E,400000,control
10217680,0.012346,680,A,400000,scorecard
10217681,0.003677,754,A,900000,scorecard
10217704,0.010395,690,A,400000,scorecard
10217734,0.010395,690,A,1000000,scorecard
10217758,0.036057,671,B,550000,scorecard
10217767,0.006588,756,A,400000,scorecard
10217771,0.00392,756,A,500000,scorecard
10217773,0.012293,689,A,1000000,scorecard
10217799,1e-06,1224,A,400000,scorecard
10217800,0.011665,690,A,750000,scorecard
10217813,0.023661,676,B,400000,scorecard
10217840,0.059336,644,B,700000,scorecard
10217864,0.020667,650,B,400000,scorecard
10217888,0.047959,671,B,700000,scorecard
10217899,0.03009,632,C,400000,scorecard
10217956,0.034565,619,C,500000,scorecard
10217964,0.012929,689,A,1000000,scorecard
10217967,0.010601,689,A,450000,scorecard
10217970,0.011745,710,A,650000,scorecard
10217972,0.040608,690,A,450000,scorecard
10217996,0.057524,619,C,600000,scorecard
10218003,0.028391,631,C,450000,scorecard
10218007,0.010601,689,A,600000,scorecard
10218047,0.029987,689,A,750000,scorecard
10218054,0.012346,680,A,650000,scorecard
10218061,1e-06,1224,A,700000,scorecard
10218068,0.125666,619,C,400000,scorecard
10218070,0.030612,627,C,400000,scorecard
10218081,0.012346,680,A,800000,scorecard
10218092,0.138882,646,B,700000,scorecard
10218101,0.073509,689,A,500000,scorecard
10218121,0.005852,754,A,400000,scorecard
10218128,0.003436,754,A,1000000,scorecard
10218135,0.066723,579,D,400000,control
10218144,0.021161,671,B,450000,scorecard
10218153,0.004702,756,A,550000,scorecard
10218154,0.022222,646,B,800000,scorecard
10218157,0.010395,690,A,750000,scorecard
10218160,0.003436,754,A,850000,scorecard
10218166,0.013309,680,A,700000,scorecard
10218222,0.012346,680,A,1000000,scorecard
10218230,0.025487,637,C,600000,scorecard
10218232,0.004004,756,A,1000000,scorecard
10218241,0.027778,632,C,600000,scorecard
10218279,0.086367,644,B,550000,scorecard
10218293,0.041126,614,C,600000,scorecard
10218350,0.021801,689,A,400000,scorecard
10218385,0.079083,619,C,400000,scorecard
10218395,0.022222,646,B,450000,scorecard
10218441,0.15404,619,C,500000,scorecard
10218454,0.050635,619,C,600000,scorecard
10218468,0.030612,627,C,400000,scorecard
10218470,0.004134,754,A,600000,scorecard
10218482,0.011661,690,A,700000,scorecard
10218490,0.035727,631,C,600000,scorecard
10218506,0.043538,690,A,900000,scorecard
10218557,0.020977,754,A,450000,scorecard
10218564,0.003492,754,A,450000,scorecard
10218569,0.003801,754,A,700000,scorecard
10218577,0.005912,756,A,950000,scorecard
10218655,0.028391,631,C,600000,scorecard
10218657,0.022222,646,B,400000,scorecard
10218664,0.046752,601,C,400000,scorecard
10218667,0.005007,756,A,550000,scorecard
10218672,0.046752,601,C,450000,scorecard
10218702,0.02439,640,B,450000,scorecard
10218729,0.004602,756,A,1000000,scorecard
10218736,0.005066,756,A,450000,scorecard
10218740,0.004152,754,A,1000000,scorecard
10218783,0.030072,680,A,500000,scorecard
10218784,0.132948,619,C,550000,scorecard
10218793,0.003436,754,A,400000,scorecard
10218802,0.010395,690,A,1000000,scorecard
10218825,0.034565,619,C,400000,scorecard
10218835,0.001499,802,A,900000,scorecard
10218868,2e-06,1224,A,450000,scorecard
10218873,0.012614,689,A,700000,scorecard
10218885,0.031332,637,C,450000,scorecard
10218887,0.035978,619,C,500000,scorecard
10218890,0.003322,756,A,900000,scorecard
10218901,0.034514,644,B,800000,scorecard
10218902,0.003322,756,A,400000,scorecard
10218922,0.029592,689,A,500000,scorecard
10218923,0.003436,754,A,700000,scorecard
10218937,0.043746,619,C,550000,scorecard
10218958,0.045264,631,C,600000,scorecard
10218976,0.055723,690,A,400000,scorecard
10218990,0.065177,637,C,600000,scorecard
10219021,0.028391,631,C,600000,scorecard
10219062,0.024253,689,A,450000,scorecard
10219073,0.074053,619,C,600000,scorecard
10219077,0.012346,680,A,400000,scorecard
10219106,0.010601,689,A,1000000,scorecard
10219112,0.011372,756,A,600000,scorecard
10219132,0.022032,689,A,800000,scorecard
10219149,0.037901,614,C,600000,scorecard
10219173,0.033743,646,B,800000,scorecard
10219180,0.023441,754,A,400000,scorecard
10219181,0.014753,676,B,800000,scorecard
10219193,0.023572,689,A,800000,scorecard
10219200,0.042115,689,A,950000,scorecard
10219202,3e-06,1224,A,400000,scorecard
10219206,0.066723,579,D,400000,control
10219227,0.064259,619,C,450000,scorecard
10219252,0.02439,640,B,800000,scorecard
10219260,0.025487,637,C,600000,scorecard
10219262,0.072,601,C,600000,scorecard
10219263,0.039815,690,A,500000,scorecard
10219281,0.042256,689,A,550000,scorecard
10219304,0.028391,631,C,600000,scorecard
10219307,0.027072,756,A,500000,scorecard
10219318,0.02424,710,A,700000,scorecard
10219329,0.027778,632,C,600000,scorecard
10219332,0.029944,631,C,600000,scorecard
10219386,0.030612,627,C,600000,scorecard
10219409,0.010395,690,A,1000000,scorecard
10219427,0.011668,690,A,650000,scorecard
10219436,0.023659,644,B,550000,scorecard
10219442,0.010395,690,A,700000,scorecard
10219450,0.021646,676,B,800000,scorecard
10219451,0.013333,676,B,600000,scorecard
10219482,0.081984,619,C,400000,scorecard
10219497,0.013018,690,A,400000,scorecard
10219507,0.058246,617,C,600000,scorecard
10219542,0.003436,754,A,400000,scorecard
10219557,0.034595,646,B,550000,scorecard
10219561,0.025813,690,A,750000,scorecard
10219580,0.025487,637,C,450000,scorecard
10219598,0.050633,680,A,550000,scorecard
10219611,0.029201,644,B,750000,scorecard
10219633,0.016552,710,A,400000,scorecard
10219637,0.010601,689,A,1000000,scorecard
10219643,0.003322,756,A,1000000,scorecard
10219651,0.057761,644,B,450000,scorecard
10219664,0.082961,601,C,500000,scorecard
10219683,0.02439,640,B,450000,scorecard
10219706,0.037657,614,C,550000,scorecard
10219708,0.045588,619,C,550000,scorecard
10219710,0.012346,680,A,1000000,scorecard
10219718,2e-06,1224,A,400000,scorecard
10219722,0.018071,689,A,800000,scorecard
10219745,0.058566,619,C,400000,scorecard
10219797,0.025057,680,A,550000,scorecard
10219816,0.038209,680,A,700000,scorecard
10219824,0.034565,619,C,600000,scorecard
10219827,0.028391,631,C,600000,scorecard
10219831,0.035784,690,A,700000,scorecard
10219838,0.005065,754,A,1000000,scorecard
10219848,0.016952,689,A,400000,scorecard
10219867,0.067903,631,C,550000,scorecard
10219907,0.003322,756,A,450000,scorecard
10219914,0.043534,680,A,450000,scorecard
10219941,0.004218,756,A,400000,scorecard
10219973,0.003436,754,A,400000,scorecard
10219975,0.027778,632,C,450000,scorecard
10219977,0.01141,690,A,400000,scorecard
10220010,0.010395,690,A,1000000,scorecard
10220015,0.016336,676,B,600000,scorecard
10220024,0.003322,756,A,1000000,scorecard
10220037,0.037019,680,A,1000000,scorecard
10220040,0.047746,690,A,550000,scorecard
10220044,0.003322,756,A,900000,scorecard
10220047,0.056163,614,C,450000,scorecard
10220048,0.003322,756,A,1000000,scorecard
10220071,0.003436,754,A,750000,scorecard
10220074,0.034565,619,C,450000,scorecard
10220079,0.048146,689,A,550000,scorecard
10220083,0.085969,619,C,450000,scorecard
10220086,0.010395,690,A,1000000,scorecard
10220096,1e-06,1224,A,450000,scorecard
10220104,0.046752,601,C,600000,scorecard
10220111,0.007193,756,A,600000,scorecard
10220112,0.034565,619,C,600000,scorecard
10220115,0.010601,689,A,450000,scorecard
10220146,0.013333,676,B,600000,scorecard
10220166,0.025487,637,C,450000,scorecard
10220188,0.020523,756,A,400000,scorecard
10220223,0.008094,754,A,950000,scorecard
10220248,0.03031,690,A,1000000,scorecard
10220249,0.034565,619,C,450000,scorecard
10220253,0.037901,614,C,400000,scorecard
10220255,0.009051,754,A,1000000,scorecard
10220261,0.015881,690,A,950000,scorecard
10220267,1e-06,1224,A,400000,scorecard
10220277,0.005975,756,A,400000,scorecard
10220284,0.026914,689,A,900000,scorecard
10220291,0.027577,690,A,1000000,scorecard
10220314,0.034565,619,C,600000,scorecard
10220344,0.012346,680,A,400000,scorecard
10220348,0.010601,689,A,1000000,scorecard
10220351,0.005121,756,A,800000,scorecard
10220368,0.006806,754,A,500000,scorecard
10220380,0.013333,676,B,800000,scorecard
10220381,0.041479,690,A,1000000,scorecard
10220393,0.042329,690,A,850000,scorecard
10220398,0.029136,631,C,600000,scorecard
10220412,0.109174,646,B,550000,scorecard
10220418,0.039853,646,B,450000,scorecard
10220421,0.055735,689,A,600000,scorecard
10220444,0.025487,637,C,400000,scorecard
10220452,0.010395,690,A,750000,scorecard
10220454,0.0179,676,B,750000,scorecard
10220455,0.034565,619,C,500000,scorecard
10220490,0.012346,680,A,450000,scorecard
10220493,0.030612,627,C,400000,scorecard
10220498,0.034565,619,C,600000,scorecard
10220525,0.163577,601,C,400000,scorecard
10220533,0.022799,646,B,500000,scorecard
10220536,0.00624,756,A,650000,scorecard
10220545,0.095661,627,C,500000,scorecard
10220565,0.028391,631,C,600000,scorecard
10220608,0.038639,631,C,400000,scorecard
10220612,0.014403,680,A,500000,scorecard
10220622,0.014038,689,A,550000,scorecard
10220626,0.004234,756,A,1000000,scorecard
10220683,0.027778,632,C,400000,scorecard
10220700,0.010601,689,A,1000000,scorecard
10220701,0.011097,710,A,500000,scorecard
10220703,0.010601,689,A,900000,scorecard
10220704,0.011064,690,A,450000,scorecard
10220724,0.013333,676,B,800000,scorecard
10220731,0.066772,676,B,550000,scorecard
10220738,0.028873,676,B,800000,scorecard
10220749,0.050419,689,A,500000,scorecard
10220753,0.013333,676,B,500000,scorecard
10220788,0.003846,756,A,400000,scorecard
10220796,0.034565,619,C,600000,scorecard
10220810,0.038368,690,A,450000,scorecard
10220826,0.016466,690,A,1000000,scorecard
10220870,0.014462,690,A,400000,scorecard
10220876,0.013333,676,B,450000,scorecard
10220877,0.010601,689,A,1000000,scorecard
10220878,0.004067,756,A,400000,scorecard
10220909,0.022222,646,B,750000,scorecard
10220910,0.010395,690,A,550000,scorecard
10220918,0.004688,756,A,450000,scorecard
10220919,0.028391,631,C,600000,scorecard
10220922,2e-06,1224,A,400000,scorecard
10220933,0.03626,619,C,600000,scorecard
10220943,0.091374,690,A,500000,scorecard
10220946,0.023591,646,B,400000,scorecard
10220973,0.022222,646,B,450000,scorecard
10220993,0.052217,646,B,400000,scorecard
10221000,0.017805,690,A,550000,scorecard
10221022,0.010601,689,A,400000,scorecard
10221028,0.015836,690,A,500000,scorecard
10221042,0.035264,690,A,1000000,scorecard
10221058,0.046752,601,C,450000,scorecard
10221063,0.013333,676,B,500000,scorecard
10221064,0.010395,690,A,1000000,scorecard
10221083,0.160602,601,C,450000,scorecard
10221087,0.031827,689,A,600000,scorecard
10221091,0.034565,619,C,400000,scorecard
10221098,0.022222,646,B,800000,scorecard
10221109,0.022869,644,B,450000,scorecard
10221142,0.003988,756,A,1000000,scorecard
10221158,0.014343,690,A,500000,scorecard
10221159,0.012756,689,A,850000,scorecard
10221163,0.010395,690,A,600000,scorecard
10221203,0.019839,676,B,800000,scorecard
10221205,0.010395,690,A,400000,scorecard
10221225,0.012176,689,A,450000,scorecard
10221228,0.092412,616,C,500000,scorecard
10221234,0.033309,631,C,500000,scorecard
10221236,0.124582,631,C,500000,scorecard
10221243,0.038334,619,C,600000,scorecard
10221246,0.046752,601,C,600000,scorecard
10221253,0.014749,690,A,400000,scorecard
10221271,0.014275,689,A,1000000,scorecard
10221279,0.016135,756,A,850000,scorecard
10221281,0.011695,690,A,450000,scorecard
10221288,0.026553,689,A,700000,scorecard
10221289,0.031705,689,A,650000,scorecard
10221293,0.022869,644,B,800000,scorecard
10221297,0.003436,754,A,450000,scorecard
10221302,0.0866,644,B,750000,scorecard
10221350,0.007251,756,A,450000,scorecard
10221360,0.060395,601,C,500000,scorecard
10221388,0.012346,680,A,800000,scorecard
10221390,0.059609,619,C,500000,scorecard
10221391,0.025224,646,B,550000,scorecard
10221415,0.046752,601,C,450000,scorecard
10221460,0.022222,646,B,600000,scorecard
10221463,2e-06,1224,A,400000,scorecard
10221479,0.015207,680,A,550000,scorecard
10221490,0.046752,601,C,400000,scorecard
10221498,0.028255,631,C,600000,scorecard
10221522,0.060484,601,C,600000,scorecard
10221549,0.013094,689,A,650000,scorecard
10221550,0.010395,690,A,400000,scorecard
10221568,0.034565,619,C,500000,scorecard
10221574,0.003322,756,A,800000,scorecard
10221664,0.026143,690,A,400000,scorecard
10221666,0.015821,689,A,750000,scorecard
10221696,0.003436,754,A,600000,scorecard
10221731,0.003436,754,A,1000000,scorecard
10221744,0.033323,690,A,400000,scorecard
10221761,0.025487,637,C,400000,scorecard
10221763,0.043281,680,A,900000,scorecard
10221766,0.003436,754,A,1000000,scorecard
10221772,0.003436,754,A,500000,scorecard
10221817,0.012346,680,A,900000,scorecard
10221823,0.060736,631,C,400000,scorecard
10221835,0.013549,756,A,550000,scorecard
10221857,0.012346,680,A,400000,scorecard
10221873,0.007353,710,A,450000,scorecard
10221879,0.031154,754,A,450000,scorecard
10221882,0.100346,601,C,600000,scorecard
10221894,0.046752,601,C,600000,scorecard
10221921,0.059802,646,B,450000,scorecard
10221931,0.010395,690,A,1000000,scorecard
10221934,0.010601,689,A,500000,scorecard
10221938,0.022222,646,B,800000,scorecard
10221946,0.037657,614,C,600000,scorecard
10221968,0.076038,689,A,450000,scorecard
10221978,0.003436,754,A,650000,scorecard
10221979,0.159509,619,C,600000,scorecard
10222035,0.020926,690,A,550000,scorecard
10222039,0.027778,632,C,600000,scorecard
10222043,0.011968,689,A,800000,scorecard
10222060,0.025487,637,C,450000,scorecard
10222146,0.034565,619,C,600000,scorecard
10222157,0.040651,644,B,450000,scorecard
10222161,0.034565,619,C,400000,scorecard
10222174,0.128035,601,C,400000,scorecard
10222176,0.046752,601,C,550000,scorecard
10222198,0.051262,690,A,450000,scorecard
10222206,0.006616,754,A,450000,scorecard
10222218,2e-06,1224,A,500000,scorecard
10222221,0.022869,644,B,450000,scorecard
10222229,0.010601,689,A,1000000,scorecard
10222253,0.034565,619,C,400000,scorecard
10222258,0.010942,689,A,450000,scorecard
10222267,0.037901,614,C,600000,scorecard
10222296,0.034565,619,C,500000,scorecard
10222308,0.093757,619,C,600000,scorecard
10222312,0.015221,690,A,400000,scorecard
10222335,0.004708,754,A,400000,scorecard
10222336,0.027778,632,C,600000,scorecard
10222349,0.025487,637,C,600000,scorecard
10222356,0.034565,619,C,450000,scorecard
10222359,0.039526,690,A,1000000,scorecard
10222363,0.031973,680,A,900000,scorecard
10222373,0.054843,601,C,450000,scorecard
10222397,0.01956,690,A,450000,scorecard
10222408,0.021509,689,A,450000,scorecard
10222430,0.022268,680,A,750000,scorecard
10222442,0.036458,616,C,600000,scorecard
10222455,0.046752,601,C,600000,scorecard
10222466,0.010601,689,A,450000,scorecard
10222511,0.022869,644,B,550000,scorecard
10222516,0.003436,754,A,700000,scorecard
10222525,0.041638,690,A,450000,scorecard
10222528,0.010601,689,A,450000,scorecard
10222529,0.022869,644,B,800000,scorecard
10222542,0.014364,690,A,450000,scorecard
10222546,0.014377,690,A,750000,scorecard
10222557,0.015036,690,A,500000,scorecard
10222560,0.014493,671,B,800000,scorecard
10222577,0.007353,710,A,450000,scorecard
10222601,0.014493,671,B,800000,scorecard
10222624,0.030612,627,C,600000,scorecard
10222648,0.031419,689,A,550000,scorecard
10222661,0.022222,646,B,400000,scorecard
10222710,0.017211,689,A,750000,scorecard
10222732,0.037901,614,C,450000,scorecard
10222752,0.022617,756,A,650000,scorecard
10222764,0.003855,756,A,450000,scorecard
10222785,0.022222,646,B,450000,scorecard
10222794,0.04728,644,B,500000,scorecard
10222799,0.004535,756,A,900000,scorecard
10222802,0.025127,676,B,400000,scorecard
10222827,0.050734,619,C,400000,scorecard
10222837,0.025487,637,C,450000,scorecard
10222842,0.030612,627,C,550000,scorecard
10222867,0.046752,601,C,600000,scorecard
10222897,0.010395,690,A,400000,scorecard
10222909,0.09277,601,C,600000,scorecard
10222918,0.028391,631,C,600000,scorecard
10222919,0.025487,637,C,400000,scorecard
10222933,0.034565,619,C,550000,scorecard
10222988,0.017338,690,A,1000000,scorecard
10222993,0.010601,689,A,1000000,scorecard
10223003,0.003745,754,A,450000,scorecard
10223004,0.065924,689,A,400000,scorecard
10223010,0.030569,671,B,800000,scorecard
10223039,0.026006,676,B,650000,scorecard
10223044,0.046752,601,C,600000,scorecard
10223050,0.004598,754,A,400000,scorecard
10223052,0.022869,644,B,650000,scorecard
10223058,0.010601,689,A,600000,scorecard
10223063,0.009631,756,A,1000000,scorecard
10223077,0.055859,619,C,400000,scorecard
10223101,8e-06,1224,A,800000,scorecard
10223117,0.034565,619,C,450000,scorecard
10223136,0.022222,646,B,400000,scorecard
10223142,0.003853,756,A,550000,scorecard
10223165,0.025487,637,C,500000,scorecard
10223181,0.034565,619,C,600000,scorecard
10223185,0.034924,689,A,600000,scorecard
10223192,0.018024,689,A,500000,scorecard
10223194,0.019,690,A,400000,scorecard
10223217,0.028391,631,C,600000,scorecard
10223238,0.021501,690,A,550000,scorecard
10223240,0.022869,644,B,600000,scorecard
10223242,0.07018,619,C,450000,scorecard
10223258,0.019314,676,B,450000,scorecard
10223286,0.007456,756,A,750000,scorecard
10223314,0.03764,689,A,550000,scorecard
10223335,0.109424,631,C,550000,scorecard
10223344,0.08622,619,C,600000,scorecard
10223358,0.091635,689,A,600000,scorecard
10223359,1e-06,1224,A,450000,scorecard
10223361,0.034253,644,B,700000,scorecard
10223364,0.010601,689,A,750000,scorecard
10223366,0.071447,646,B,400000,scorecard
10223373,0.019769,756,A,750000,scorecard
10223407,0.00495,756,A,650000,scorecard
10223408,0.010395,690,A,500000,scorecard
10223423,0.041062,756,A,500000,scorecard
10223437,0.046752,601,C,600000,scorecard
10223443,0.022109,689,A,800000,scorecard
10223449,0.010601,689,A,600000,scorecard
10223455,1e-06,1224,A,750000,scorecard
10223457,0.030612,627,C,500000,scorecard
10223468,0.097875,614,C,600000,scorecard
10223470,0.012625,680,A,400000,scorecard
10223487,0.01172,756,A,1000000,scorecard
10223509,0.010601,689,A,400000,scorecard
10223522,0.138829,601,C,600000,scorecard
10223524,0.034565,619,C,600000,scorecard
10223537,0.028391,631,C,600000,scorecard
10223540,0.013333,676,B,450000,scorecard
10223553,0.052906,601,C,500000,scorecard
10223554,0.036458,616,C,400000,scorecard
10223561,0.010395,690,A,900000,scorecard
10223570,0.020408,689,A,650000,scorecard
10223574,0.059277,619,C,400000,scorecard
10223591,0.003322,756,A,600000,scorecard
10223605,0.043425,616,C,500000,scorecard
10223606,0.023344,689,A,600000,scorecard
10223661,0.034565,619,C,600000,scorecard
10223699,0.003509,754,A,400000,scorecard
10223721,0.028391,631,C,450000,scorecard
10223736,0.046752,601,C,600000,scorecard
10223738,2e-06,1224,A,500000,scorecard
10223744,1e-06,1224,A,1000000,scorecard
10223751,0.076008,644,B,450000,scorecard
10223779,0.005369,756,A,550000,scorecard
10223798,0.013333,676,B,800000,scorecard
10223810,0.028561,631,C,550000,scorecard
10223821,0.027778,632,C,400000,scorecard
10223822,0.059529,690,A,1000000,scorecard
10223832,0.095444,689,A,550000,scorecard
10223842,0.003436,754,A,450000,scorecard
10223845,0.024796,646,B,800000,scorecard
10223849,0.10422,601,C,450000,scorecard
10223850,0.007085,754,A,550000,scorecard
10223871,0.019963,689,A,1000000,scorecard
10223879,0.018322,690,A,400000,scorecard
10223885,0.043314,619,C,450000,scorecard
10223897,0.013847,689,A,550000,scorecard
10223909,0.031678,680,A,1000000,scorecard
10223917,0.035413,631,C,400000,scorecard
10223921,0.078886,619,C,500000,scorecard
10223929,0.010395,690,A,1000000,scorecard
10223936,0.046752,601,C,600000,scorecard
10223939,0.046752,601,C,600000,scorecard
10223940,2e-06,1224,A,1000000,scorecard
10223955,0.02439,640,B,750000,scorecard
10223962,0.035481,680,A,650000,scorecard
10223969,0.029011,646,B,500000,scorecard
10223986,0.024488,689,A,900000,scorecard
10223998,0.02439,640,B,700000,scorecard
10224004,0.030612,627,C,400000,scorecard
10224017,0.003436,754,A,600000,scorecard
10224019,0.062658,627,C,400000,scorecard
10224026,0.009738,756,A,850000,scorecard
10224028,0.015561,756,A,400000,scorecard
10224038,0.022222,646,B,500000,scorecard
10224056,0.00402,756,A,400000,scorecard
10224079,0.028391,631,C,400000,scorecard
10224083,0.025487,637,C,450000,scorecard
10224091,0.01319,690,A,900000,scorecard
10224099,0.056539,616,C,600000,scorecard
10224100,0.034565,619,C,500000,scorecard
10224117,0.054824,619,C,400000,scorecard
10224133,0.010395,690,A,550000,scorecard
10224136,0.028391,631,C,600000,scorecard
10224142,0.010434,690,A,600000,scorecard
10224149,0.003436,754,A,450000,scorecard
10224151,0.02513,640,B,750000,scorecard
10224153,0.076574,616,C,600000,scorecard
10224162,0.037919,676,B,500000,scorecard
10224197,2e-06,1224,A,400000,scorecard
10224213,0.131959,616,C,400000,scorecard
10224216,0.030526,754,A,600000,scorecard
10224221,0.047926,690,A,400000,scorecard
10224232,0.010034,754,A,650000,scorecard
10224243,0.03417,631,C,600000,scorecard
10224258,0.014828,690,A,700000,scorecard
10224279,0.019631,689,A,500000,scorecard
10224295,0.010578,690,A,550000,scorecard
10224302,0.025767,646,B,450000,scorecard
10224316,0.088085,601,C,500000,scorecard
10224319,0.010395,690,A,550000,scorecard
10224325,0.034565,619,C,550000,scorecard
10224351,0.028391,631,C,600000,scorecard
10224352,0.007087,756,A,450000,scorecard
10224376,0.005407,756,A,450000,scorecard
10224386,0.005468,756,A,450000,scorecard
10224392,0.018495,680,A,1000000,scorecard
10224396,0.010601,689,A,1000000,scorecard
10224401,0.077968,619,C,450000,scorecard
10224416,0.045891,644,B,500000,scorecard
10224443,0.015448,689,A,1000000,scorecard
10224456,0.014928,756,A,550000,scorecard
10224458,0.035126,632,C,400000,scorecard
10224464,0.059,676,B,650000,scorecard
10224468,0.014861,690,A,1000000,scorecard
10224500,0.014812,690,A,550000,scorecard
10224508,0.022869,644,B,400000,scorecard
10224515,0.02078,690,A,450000,scorecard
10224549,1e-06,1224,A,400000,scorecard
10224551,0.034565,619,C,550000,scorecard
10224570,7e-06,1224,A,800000,scorecard
10224574,0.102989,601,C,400000,scorecard
10224589,0.003436,754,A,400000,scorecard
10224594,0.060667,601,C,400000,scorecard
10224625,0.046752,601,C,550000,scorecard
10224639,0.017665,689,A,450000,scorecard
10224646,2e-06,1224,A,400000,scorecard
10224647,0.003322,756,A,950000,scorecard
10224666,0.052314,631,C,600000,scorecard
10224689,0.056131,627,C,500000,scorecard
10224697,0.006404,754,A,700000,scorecard
10224712,0.025487,637,C,600000,scorecard
10224727,0.081959,601,C,450000,scorecard
10224750,0.056463,614,C,400000,scorecard
10224766,0.059402,619,C,600000,scorecard
10224774,0.092174,619,C,600000,scorecard
10224775,0.01714,689,A,700000,scorecard
10224785,0.036458,616,C,600000,scorecard
10224790,0.006612,756,A,500000,scorecard
10224799,0.004491,754,A,850000,scorecard
10224800,0.010395,690,A,400000,scorecard
10224821,0.01802,710,A,400000,scorecard
10224826,0.028391,631,C,600000,scorecard
10224848,0.022869,644,B,550000,scorecard
10224857,0.003322,756,A,400000,scorecard
10224878,0.007594,754,A,600000,scorecard
10224891,0.04255,646,B,650000,scorecard
10224907,0.01202,689,A,1000000,scorecard
10224915,0.061144,601,C,600000,scorecard
10224929,0.028391,631,C,450000,scorecard
10224950,0.039462,690,A,600000,scorecard
10224962,0.014198,690,A,550000,scorecard
10224994,0.015748,710,A,400000,scorecard
10225001,0.045771,676,B,650000,scorecard
10225010,0.004243,756,A,500000,scorecard
10225022,0.003322,756,A,550000,scorecard
10225044,0.053718,619,C,500000,scorecard
10225052,0.009372,754,A,550000,scorecard
10225084,0.037965,671,B,400000,scorecard
10225154,4e-06,1224,A,850000,scorecard
10225178,0.010395,690,A,450000,scorecard
10225186,0.039056,690,A,400000,scorecard
10225203,0.010395,690,A,550000,scorecard
10225211,0.033579,627,C,400000,scorecard
10225216,0.015029,754,A,800000,scorecard
10225225,0.046752,601,C,400000,scorecard
10225237,0.028339,690,A,500000,scorecard
10225238,0.040297,632,C,400000,scorecard
10225245,0.022869,644,B,450000,scorecard
10225252,0.013333,676,B,400000,scorecard
10225324,0.00368,756,A,400000,scorecard
10225344,0.025697,680,A,1000000,scorecard
10225356,0.025487,637,C,500000,scorecard
10225358,0.258981,601,C,500000,scorecard
10225388,0.037901,614,C,600000,scorecard
10225397,0.005246,754,A,950000,scorecard
10225399,0.030612,627,C,600000,scorecard
10225401,0.01477,689,A,1000000,scorecard
10225409,0.067196,631,C,600000,scorecard
10225416,0.143389,637,C,500000,scorecard
10225424,0.003322,756,A,450000,scorecard
10225437,0.096754,619,C,500000,scorecard
10225471,0.038766,680,A,700000,scorecard
10225477,0.003322,756,A,500000,scorecard
10225479,0.011333,689,A,600000,scorecard
10225495,0.022869,644,B,400000,scorecard
10225504,0.012349,754,A,450000,scorecard
10225525,0.028391,631,C,600000,scorecard
10225569,0.010395,690,A,500000,scorecard
10225570,0.095913,619,C,600000,scorecard
10225589,0.096207,689,A,500000,scorecard
10225600,0.01867,689,A,650000,scorecard
10225608,0.008804,754,A,500000,scorecard
10225612,0.022222,646,B,750000,scorecard
10225621,0.008864,754,A,550000,scorecard
10225625,0.035231,676,B,500000,scorecard
10225632,0.01858,689,A,600000,scorecard
10225661,0.003436,754,A,1000000,scorecard
10225666,0.004976,756,A,400000,scorecard
10225678,0.010395,690,A,700000,scorecard
10225687,0.246088,619,C,500000,scorecard
10225695,0.00553,756,A,500000,scorecard
10225700,0.02439,640,B,600000,scorecard
10225720,0.087082,601,C,600000,scorecard
10225725,0.034565,619,C,500000,scorecard
10225747,0.030612,627,C,500000,scorecard
10225757,0.007426,754,A,400000,scorecard
10225758,0.01259,680,A,750000,scorecard
10225763,0.010395,690,A,400000,scorecard
10225804,0.109089,614,C,600000,scorecard
10225811,0.003322,756,A,1000000,scorecard
10225833,0.011812,689,A,650000,scorecard
10225845,0.017925,756,A,400000,scorecard
10225855,0.013333,676,B,550000,scorecard
10225863,0.010395,690,A,800000,scorecard
10225901,0.026041,644,B,450000,scorecard
10225916,0.025487,637,C,600000,scorecard
10225924,0.010601,689,A,1000000,scorecard
10225934,0.022869,644,B,700000,scorecard
10225943,0.055243,619,C,400000,scorecard
10225953,0.025487,637,C,500000,scorecard
10225992,0.052178,646,B,450000,scorecard
10226011,0.017265,690,A,500000,scorecard
10226047,0.070374,614,C,400000,scorecard
10226051,0.046403,627,C,450000,scorecard
10226056,0.034761,756,A,750000,scorecard
10226068,0.00845,756,A,500000,scorecard
10226073,0.025487,637,C,400000,scorecard
10226074,0.035931,690,A,400000,scorecard
10226090,0.025378,689,A,750000,scorecard
10226094,0.020506,689,A,900000,scorecard
10226120,0.065766,601,C,550000,scorecard
10226139,0.023591,690,A,600000,scorecard
10226145,0.062792,619,C,600000,scorecard
10226155,0.07064,680,A,1000000,scorecard
10226175,0.023716,680,A,700000,scorecard
10226183,0.022222,646,B,400000,scorecard
10226186,0.033322,689,A,400000,scorecard
10226212,0.022222,646,B,600000,scorecard
10226242,0.026414,690,A,400000,scorecard
10226247,0.077875,690,A,450000,scorecard
10226251,0.011447,756,A,550000,scorecard
10226256,0.010395,690,A,600000,scorecard
10226266,0.010054,754,A,450000,scorecard
10226277,0.073914,680,A,750000,scorecard
10226283,0.010601,689,A,450000,scorecard
10226284,0.028391,631,C,500000,scorecard
10226287,0.010741,754,A,550000,scorecard
10226292,0.022222,646,B,800000,scorecard
10226304,0.019392,680,A,600000,scorecard
10226333,0.027318,680,A,550000,scorecard
10226335,0.003436,754,A,1000000,scorecard
10226341,0.022869,644,B,700000,scorecard
10226357,0.006493,754,A,450000,scorecard
10226369,0.206318,646,B,550000,scorecard
10226372,0.065173,601,C,600000,scorecard
10226389,0.022222,646,B,600000,scorecard
10226428,0.054917,689,A,650000,scorecard
10226430,0.005596,754,A,550000,scorecard
10226454,0.025653,646,B,400000,scorecard
10226471,0.128337,631,C,600000,scorecard
10226473,0.018317,671,B,400000,scorecard
10226546,0.022869,644,B,500000,scorecard
10226550,0.028391,631,C,400000,scorecard
10226588,0.026176,680,A,500000,scorecard
10226590,0.030612,627,C,400000,scorecard
10226601,0.012411,690,A,450000,scorecard
10226610,0.029383,689,A,450000,scorecard
10226631,0.019939,680,A,400000,scorecard
10226632,0.003322,756,A,700000,scorecard
10226655,0.025487,637,C,400000,scorecard
10226684,0.003322,756,A,900000,scorecard
10226702,0.046752,601,C,600000,scorecard
10226706,0.010395,690,A,500000,scorecard
10226709,0.030827,627,C,400000,scorecard
10226715,0.022825,690,A,550000,scorecard
10226722,0.028391,631,C,600000,scorecard
10226754,0.077144,601,C,600000,scorecard
10226761,0.025487,637,C,500000,scorecard
10226797,0.036458,616,C,600000,scorecard
10226805,0.008032,756,A,450000,scorecard
10226813,0.051492,616,C,600000,scorecard
10226827,0.005766,754,A,450000,scorecard
10226831,0.053059,631,C,600000,scorecard
10226844,1e-06,1224,A,950000,scorecard
10226914,0.022869,644,B,800000,scorecard
10226932,0.034565,619,C,600000,scorecard
10226937,0.046155,680,A,550000,scorecard
10226945,0.215137,631,C,600000,scorecard
10226953,0.034565,619,C,600000,scorecard
10226986,0.166828,637,C,400000,scorecard
10226993,0.007407,756,A,1000000,scorecard
10226998,0.054519,601,C,600000,scorecard
10227041,0.028391,631,C,600000,scorecard
10227047,0.074865,619,C,600000,scorecard
10227072,0.005087,754,A,800000,scorecard
10227085,0.022222,646,B,800000,scorecard
10227088,0.010395,690,A,750000,scorecard
10227097,0.034565,619,C,600000,scorecard
10227098,0.054487,689,A,450000,scorecard
10227103,0.018295,676,B,550000,scorecard
10227111,0.010395,690,A,600000,scorecard
10227125,0.02439,640,B,600000,scorecard
10227128,0.032241,689,A,400000,scorecard
10227138,0.060325,627,C,400000,scorecard
10227140,0.015583,690,A,1000000,scorecard
10227147,0.006032,756,A,400000,scorecard
10227163,0.014204,690,A,1000000,scorecard
10227168,0.061129,601,C,450000,scorecard
10227176,0.124991,619,C,400000,scorecard
10227198,0.003322,756,A,450000,scorecard
10227217,0.022869,644,B,800000,scorecard
10227218,0.006869,754,A,700000,scorecard
10227239,0.055223,619,C,600000,scorecard
10227263,0.010395,690,A,400000,scorecard
10227298,0.035729,619,C,500000,scorecard
10227324,0.046752,601,C,500000,scorecard
10227350,0.013333,676,B,800000,scorecard
10227358,0.022222,646,B,800000,scorecard
10227363,0.003436,754,A,550000,scorecard
10227366,0.088925,619,C,450000,scorecard
10227380,0.015995,690,A,950000,scorecard
10227422,0.116353,601,C,400000,scorecard
10227444,0.049149,619,C,500000,scorecard
10227448,0.012044,690,A,450000,scorecard
10227476,0.018848,676,B,400000,scorecard
10227483,0.010798,756,A,400000,scorecard
10227495,0.027871,637,C,600000,scorecard
10227500,0.042622,631,C,450000,scorecard
10227520,0.019562,690,A,650000,scorecard
10227525,0.026087,676,B,600000,scorecard
10227551,0.022869,644,B,500000,scorecard
10227561,0.030242,631,C,400000,scorecard
10227596,0.005724,756,A,600000,scorecard
10227603,0.028391,631,C,600000,scorecard
10227624,0.010395,690,A,450000,scorecard
10227625,0.014493,671,B,400000,scorecard
10227639,0.007789,710,A,1000000,scorecard
10227644,0.034849,671,B,800000,scorecard
10227682,0.054234,644,B,450000,scorecard
10227702,0.030612,627,C,600000,scorecard
10227728,0.029337,710,A,450000,scorecard
10227729,0.034565,619,C,500000,scorecard
10227735,0.003436,754,A,500000,scorecard
10227764,0.030612,627,C,500000,scorecard
10227777,2e-06,1224,A,400000,scorecard
10227789,0.012346,680,A,400000,scorecard
10227793,0.07402,632,C,400000,scorecard
10227842,0.003436,754,A,1000000,scorecard
10227844,0.010395,690,A,650000,scorecard
10227850,0.007801,756,A,500000,scorecard
10227859,0.004043,756,A,400000,scorecard
10227876,0.025487,637,C,600000,scorecard
10227923,0.034565,619,C,600000,scorecard
10227960,0.013333,676,B,550000,scorecard
10227967,0.018858,710,A,400000,scorecard
10227978,0.040069,690,A,450000,scorecard
10228007,2e-06,1224,A,500000,scorecard
10228026,0.012346,680,A,1000000,scorecard
10228035,0.052548,631,C,550000,scorecard
10228040,0.003679,756,A,550000,scorecard
10228056,0.042825,644,B,700000,scorecard
10228084,0.041417,619,C,600000,scorecard
10228094,0.003322,756,A,400000,scorecard
10228098,0.010395,690,A,750000,scorecard
10228105,0.010395,690,A,1000000,scorecard
10228108,0.046752,601,C,600000,scorecard
10228126,0.022869,644,B,400000,scorecard
10228127,0.010395,690,A,1000000,scorecard
10228141,0.034565,619,C,450000,scorecard
10228150,0.030612,627,C,400000,scorecard
10228160,0.054924,644,B,500000,scorecard
10228176,0.05547,690,A,550000,scorecard
10228189,0.02792,644,B,550000,scorecard
10228194,0.013333,676,B,500000,scorecard
10228216,0.018901,754,A,400000,scorecard
10228230,0.031319,689,A,1000000,scorecard
10228231,0.049741,631,C,450000,scorecard
10228235,0.014307,689,A,400000,scorecard
10228251,0.034565,619,C,450000,scorecard
10228253,1e-06,1224,A,450000,scorecard
10228280,0.049109,690,A,450000,scorecard
10228281,1e-06,1224,A,450000,scorecard
10228291,0.010672,756,A,800000,scorecard
10228300,0.009024,756,A,500000,scorecard
10228352,0.037901,614,C,450000,scorecard
10228360,0.009101,756,A,400000,scorecard
10228368,0.045627,644,B,400000,scorecard
10228380,0.004981,754,A,800000,scorecard
10228381,0.010601,689,A,950000,scorecard
10228419,0.022869,644,B,450000,scorecard
10228430,0.014493,671,B,650000,scorecard
10228437,0.013333,676,B,550000,scorecard
10228439,0.025487,637,C,550000,scorecard
10228453,0.040456,632,C,450000,scorecard
10228455,0.004066,754,A,400000,scorecard
10228461,0.010601,689,A,800000,scorecard
10228478,0.022471,645,B,450000,scorecard
10228494,0.004228,754,A,700000,scorecard
10228495,0.014493,671,B,450000,scorecard
10228506,0.02174,689,A,850000,scorecard
10228508,0.011098,754,A,450000,scorecard
10228512,0.053552,690,A,800000,scorecard
10228516,0.004465,754,A,750000,scorecard
10228525,0.07012,619,C,600000,scorecard
10228552,0.110973,646,B,800000,scorecard
10228568,0.035274,644,B,400000,scorecard
10228577,0.028391,631,C,600000,scorecard
10228578,0.014648,756,A,900000,scorecard
10228581,0.046363,619,C,600000,scorecard
10228583,0.020146,690,A,550000,scorecard
10228605,0.006898,754,A,800000,scorecard
10228623,0.007585,756,A,600000,scorecard
10228624,0.007023,756,A,1000000,scorecard
10228628,0.066277,689,A,550000,scorecard
10228631,0.041657,689,A,850000,scorecard
10228640,0.016598,689,A,450000,scorecard
10228646,0.030612,627,C,500000,scorecard
10228662,0.05347,680,A,500000,scorecard
10228681,0.010395,690,A,950000,scorecard
10228688,0.028391,631,C,400000,scorecard
10228691,0.034565,619,C,400000,scorecard
10228706,0.033749,676,B,700000,scorecard
10228713,0.010395,690,A,1000000,scorecard
10228745,0.012247,689,A,600000,scorecard
10228771,0.024981,646,B,450000,scorecard
10228809,0.003322,756,A,550000,scorecard
10228824,0.014608,676,B,800000,scorecard
10228831,0.004214,756,A,400000,scorecard
10228858,0.064185,627,C,400000,scorecard
10228887,0.007751,754,A,750000,scorecard
10228896,0.022869,644,B,800000,scorecard
10228899,0.034565,619,C,600000,scorecard
10228912,0.010395,690,A,1000000,scorecard
10228915,0.003573,756,A,800000,scorecard
10228917,0.046752,601,C,500000,scorecard
10228922,0.034565,619,C,600000,scorecard
10228936,0.034565,619,C,600000,scorecard
10228937,0.003436,754,A,400000,scorecard
10228938,0.030197,689,A,650000,scorecard
10228941,0.052651,676,B,650000,scorecard
10228954,0.052327,676,B,450000,scorecard
10228970,0.042031,619,C,400000,scorecard
10228972,0.019792,690,A,400000,scorecard
10228977,0.003322,756,A,900000,scorecard
10228981,0.012346,680,A,650000,scorecard
10228989,0.017539,680,A,1000000,scorecard
10228999,0.034565,619,C,600000,scorecard
10229005,0.04943,601,C,500000,scorecard
10229011,0.034565,619,C,550000,scorecard
10229080,0.034417,637,C,400000,scorecard
10229093,0.022222,646,B,450000,scorecard
10229117,0.005733,763,A,450000,scorecard
10229129,0.037657,614,C,400000,scorecard
10229131,0.14244,631,C,550000,scorecard
10229158,0.004127,754,A,550000,scorecard
10229168,0.166424,614,C,450000,scorecard
10229185,0.137621,601,C,400000,scorecard
10229211,0.004297,754,A,800000,scorecard
10229219,2e-06,1224,A,1000000,scorecard
10229224,0.055274,631,C,600000,scorecard
10229241,0.019994,690,A,500000,scorecard
10229274,0.116994,601,C,550000,scorecard
10229286,1e-06,1224,A,900000,scorecard
10229287,0.003764,756,A,450000,scorecard
10229296,0.037049,619,C,600000,scorecard
10229300,0.018606,680,A,950000,scorecard
10229301,0.067591,627,C,400000,scorecard
10229303,0.031875,690,A,600000,scorecard
10229319,1e-06,1224,A,600000,scorecard
10229348,0.022869,644,B,600000,scorecard
10229389,0.047769,644,B,550000,scorecard
10229394,0.011824,689,A,400000,scorecard
10229400,0.018668,689,A,850000,scorecard
10229404,0.097832,619,C,550000,scorecard
10229412,0.036458,616,C,500000,scorecard
10229431,2e-06,1224,A,450000,scorecard
10229439,0.07566,631,C,400000,scorecard
10229441,0.014275,690,A,450000,scorecard
10229450,0.004042,754,A,900000,scorecard
10229467,0.022222,646,B,800000,scorecard
10229476,0.003436,754,A,400000,scorecard
10229477,0.004111,756,A,800000,scorecard
10229502,0.008974,754,A,500000,scorecard
10229506,0.021859,689,A,900000,scorecard
10229516,0.022869,644,B,500000,scorecard
10229519,0.010651,690,A,1000000,scorecard
10229521,0.015723,690,A,800000,scorecard
10229524,0.003436,754,A,600000,scorecard
10229527,0.003436,754,A,600000,scorecard
10229535,0.003436,754,A,400000,scorecard
10229552,0.090117,644,B,450000,scorecard
10229578,0.045528,690,A,450000,scorecard
10229579,0.040202,631,C,400000,scorecard
10229581,0.035241,689,A,400000,scorecard
10229606,0.02485,689,A,400000,scorecard
10229608,0.034565,619,C,400000,scorecard
10229611,0.018279,689,A,1000000,scorecard
10229620,0.039341,690,A,850000,scorecard
10229645,0.013992,676,B,650000,scorecard
10229646,0.022869,644,B,800000,scorecard
10229703,0.010601,689,A,850000,scorecard
10229723,0.010395,690,A,700000,scorecard
10229732,0.010395,690,A,750000,scorecard
10229749,0.028391,631,C,400000,scorecard
10229784,0.140555,627,C,400000,scorecard
10229819,0.010504,754,A,700000,scorecard
10229827,0.060875,644,B,500000,scorecard
10229830,0.034959,631,C,600000,scorecard
10229851,0.015908,690,A,500000,scorecard
10229854,0.010395,690,A,600000,scorecard
10229855,0.033779,690,A,550000,scorecard
10229862,0.022869,644,B,800000,scorecard
10229866,0.013339,680,A,550000,scorecard
10229873,0.019236,690,A,400000,scorecard
10229883,0.010601,689,A,1000000,scorecard
10229884,0.02226,676,B,750000,scorecard
10229887,0.107074,631,C,450000,scorecard
10229912,0.074425,644,B,550000,scorecard
10229954,0.014277,756,A,650000,scorecard
10229958,0.010395,690,A,700000,scorecard
